frame,event,worms_before,worms_after
1,appear,[],[np.int32(1)]
1,appear,[],[np.int32(2)]
1,appear,[],[np.int32(3)]
1,appear,[],[np.int32(4)]
1,appear,[],[np.int32(5)]
1,appear,[],[np.int32(6)]
1,appear,[],[np.int32(7)]
2,appear,[],[np.int32(1)]
2,appear,[],[np.int32(2)]
2,appear,[],[np.int32(3)]
2,appear,[],[np.int32(4)]
2,appear,[],[np.int32(6)]
2,appear,[],[np.int32(7)]
2,appear,[],[np.int32(8)]
2,disappear,[np.int32(1)],[]
2,disappear,[np.int32(2)],[]
2,disappear,[np.int32(3)],[]
2,disappear,[np.int32(5)],[]
2,disappear,[np.int32(6)],[]
2,disappear,[np.int32(7)],[]
3,appear,[],[np.int32(1)]
3,appear,[],[np.int32(2)]
3,appear,[],[np.int32(4)]
3,appear,[],[np.int32(5)]
3,appear,[],[np.int32(6)]
3,disappear,[np.int32(1)],[]
3,disappear,[np.int32(2)],[]
3,disappear,[np.int32(3)],[]
3,disappear,[np.int32(4)],[]
3,disappear,[np.int32(6)],[]
3,disappear,[np.int32(7)],[]
3,disappear,[np.int32(8)],[]
4,appear,[],[np.int32(1)]
4,appear,[],[np.int32(4)]
4,appear,[],[np.int32(5)]
4,disappear,[np.int32(3)],[]
4,disappear,[np.int32(4)],[]
4,disappear,[np.int32(5)],[]
4,disappear,[np.int32(6)],[]
5,appear,[],[np.int32(1)]
5,appear,[],[np.int32(2)]
5,disappear,[np.int32(1)],[]
5,disappear,[np.int32(2)],[]
5,disappear,[np.int32(3)],[]
5,disappear,[np.int32(4)],[]
6,appear,[],[np.int32(1)]
6,appear,[],[np.int32(2)]
6,appear,[],[np.int32(4)]
6,appear,[],[np.int32(5)]
6,appear,[],[np.int32(6)]
6,appear,[],[np.int32(7)]
6,appear,[],[np.int32(8)]
6,disappear,[np.int32(2)],[]
6,disappear,[np.int32(3)],[]
7,appear,[],[np.int32(1)]
7,disappear,[np.int32(4)],[]
7,disappear,[np.int32(5)],[]
7,disappear,[np.int32(8)],[]
8,appear,[],[np.int32(4)]
8,disappear,[np.int32(3)],[]
9,appear,[],[np.int32(3)]
9,disappear,[np.int32(1)],[]
9,disappear,[np.int32(2)],[]
9,disappear,[np.int32(5)],[]
9,disappear,[np.int32(6)],[]
10,appear,[],[np.int32(1)]
10,appear,[],[np.int32(2)]
10,appear,[],[np.int32(3)]
10,appear,[],[np.int32(4)]
10,appear,[],[np.int32(5)]
10,appear,[],[np.int32(6)]
10,appear,[],[np.int32(7)]
10,appear,[],[np.int32(8)]
10,disappear,[np.int32(1)],[]
10,disappear,[np.int32(2)],[]
10,disappear,[np.int32(3)],[]
11,appear,[],[np.int32(1)]
11,appear,[],[np.int32(2)]
11,disappear,[np.int32(1)],[]
11,disappear,[np.int32(2)],[]
11,disappear,[np.int32(3)],[]
11,disappear,[np.int32(4)],[]
11,disappear,[np.int32(6)],[]
11,disappear,[np.int32(7)],[]
12,appear,[],[np.int32(1)]
12,appear,[],[np.int32(3)]
12,appear,[],[np.int32(4)]
12,appear,[],[np.int32(5)]
12,appear,[],[np.int32(6)]
12,disappear,[np.int32(2)],[]
12,disappear,[np.int32(3)],[]
13,appear,[],[np.int32(1)]
13,appear,[],[np.int32(2)]
13,appear,[],[np.int32(3)]
13,appear,[],[np.int32(4)]
13,appear,[],[np.int32(5)]
13,appear,[],[np.int32(6)]
13,appear,[],[np.int32(11)]
13,disappear,[np.int32(1)],[]
13,disappear,[np.int32(2)],[]
13,disappear,[np.int32(3)],[]
14,appear,[],[np.int32(1)]
14,appear,[],[np.int32(2)]
14,appear,[],[np.int32(3)]
14,appear,[],[np.int32(4)]
14,appear,[],[np.int32(6)]
14,appear,[],[np.int32(9)]
14,appear,[],[np.int32(12)]
14,appear,[],[np.int32(14)]
14,appear,[],[np.int32(15)]
14,disappear,[np.int32(4)],[]
14,disappear,[np.int32(6)],[]
14,disappear,[np.int32(9)],[]
15,appear,[],[np.int32(3)]
15,appear,[],[np.int32(5)]
15,appear,[],[np.int32(6)]
15,appear,[],[np.int32(8)]
15,appear,[],[np.int32(10)]
15,appear,[],[np.int32(11)]
15,merge,"[np.int64(11), np.int64(12)]",[np.int32(14)]
15,appear,[],[np.int32(15)]
15,appear,[],[np.int32(16)]
15,appear,[],[np.int32(17)]
15,appear,[],[np.int32(20)]
15,appear,[],[np.int32(21)]
15,disappear,[np.int32(4)],[]
15,disappear,[np.int32(5)],[]
15,disappear,[np.int32(8)],[]
15,disappear,[np.int32(13)],[]
15,disappear,[np.int32(14)],[]
15,disappear,[np.int32(17)],[]
16,appear,[],[np.int32(3)]
16,appear,[],[np.int32(5)]
16,appear,[],[np.int32(6)]
16,appear,[],[np.int32(7)]
16,appear,[],[np.int32(9)]
16,appear,[],[np.int32(10)]
16,appear,[],[np.int32(11)]
16,appear,[],[np.int32(12)]
16,appear,[],[np.int32(14)]
16,appear,[],[np.int32(15)]
16,appear,[],[np.int32(17)]
16,appear,[],[np.int32(18)]
16,appear,[],[np.int32(19)]
16,appear,[],[np.int32(20)]
16,appear,[],[np.int32(21)]
16,appear,[],[np.int32(24)]
16,appear,[],[np.int32(25)]
16,disappear,[np.int32(1)],[]
16,disappear,[np.int32(5)],[]
16,disappear,[np.int32(6)],[]
16,disappear,[np.int32(7)],[]
16,disappear,[np.int32(8)],[]
16,disappear,[np.int32(10)],[]
16,disappear,[np.int32(11)],[]
16,disappear,[np.int32(12)],[]
16,disappear,[np.int32(13)],[]
16,disappear,[np.int32(16)],[]
16,disappear,[np.int32(17)],[]
16,disappear,[np.int32(21)],[]
17,appear,[],[np.int32(1)]
17,appear,[],[np.int32(3)]
17,appear,[],[np.int32(7)]
17,appear,[],[np.int32(10)]
17,appear,[],[np.int32(11)]
17,appear,[],[np.int32(12)]
17,appear,[],[np.int32(14)]
17,appear,[],[np.int32(15)]
17,appear,[],[np.int32(16)]
17,appear,[],[np.int32(17)]
17,appear,[],[np.int32(20)]
17,appear,[],[np.int32(22)]
17,appear,[],[np.int32(23)]
17,appear,[],[np.int32(24)]
17,appear,[],[np.int32(25)]
17,appear,[],[np.int32(26)]
17,appear,[],[np.int32(27)]
17,appear,[],[np.int32(28)]
17,appear,[],[np.int32(29)]
17,appear,[],[np.int32(35)]
17,appear,[],[np.int32(37)]
17,appear,[],[np.int32(38)]
17,appear,[],[np.int32(39)]
17,disappear,[np.int32(2)],[]
17,disappear,[np.int32(12)],[]
17,disappear,[np.int32(19)],[]
17,disappear,[np.int32(20)],[]
17,disappear,[np.int32(21)],[]
18,appear,[],[np.int32(3)]
18,appear,[],[np.int32(4)]
18,appear,[],[np.int32(9)]
18,appear,[],[np.int32(11)]
18,appear,[],[np.int32(12)]
18,appear,[],[np.int32(14)]
18,appear,[],[np.int32(15)]
18,appear,[],[np.int32(18)]
18,appear,[],[np.int32(19)]
18,appear,[],[np.int32(22)]
18,appear,[],[np.int32(24)]
18,appear,[],[np.int32(26)]
18,appear,[],[np.int32(28)]
18,appear,[],[np.int32(29)]
18,appear,[],[np.int32(30)]
18,appear,[],[np.int32(34)]
18,appear,[],[np.int32(38)]
18,appear,[],[np.int32(39)]
18,appear,[],[np.int32(40)]
18,appear,[],[np.int32(44)]
18,appear,[],[np.int32(49)]
18,appear,[],[np.int32(50)]
18,appear,[],[np.int32(52)]
18,appear,[],[np.int32(55)]
18,appear,[],[np.int32(56)]
18,appear,[],[np.int32(57)]
18,appear,[],[np.int32(58)]
18,appear,[],[np.int32(59)]
18,appear,[],[np.int32(62)]
18,appear,[],[np.int32(63)]
18,disappear,[np.int32(7)],[]
18,disappear,[np.int32(9)],[]
18,disappear,[np.int32(14)],[]
18,disappear,[np.int32(16)],[]
18,disappear,[np.int32(18)],[]
18,disappear,[np.int32(20)],[]
18,disappear,[np.int32(24)],[]
19,appear,[],[np.int32(2)]
19,appear,[],[np.int32(12)]
19,appear,[],[np.int32(13)]
19,appear,[],[np.int32(23)]
19,appear,[],[np.int32(25)]
19,appear,[],[np.int32(26)]
19,appear,[],[np.int32(30)]
19,appear,[],[np.int32(32)]
19,appear,[],[np.int32(33)]
19,appear,[],[np.int32(45)]
19,appear,[],[np.int32(46)]
19,appear,[],[np.int32(49)]
19,appear,[],[np.int32(54)]
19,appear,[],[np.int32(58)]
19,appear,[],[np.int32(62)]
19,appear,[],[np.int32(64)]
19,appear,[],[np.int32(66)]
19,appear,[],[np.int32(72)]
19,appear,[],[np.int32(73)]
19,appear,[],[np.int32(75)]
19,disappear,[np.int32(12)],[]
19,disappear,[np.int32(19)],[]
19,disappear,[np.int32(21)],[]
19,disappear,[np.int32(22)],[]
19,disappear,[np.int32(25)],[]
19,disappear,[np.int32(28)],[]
19,disappear,[np.int32(31)],[]
19,disappear,[np.int32(33)],[]
19,disappear,[np.int32(37)],[]
19,disappear,[np.int32(38)],[]
19,disappear,[np.int32(60)],[]
19,disappear,[np.int32(65)],[]
20,appear,[],[np.int32(2)]
20,appear,[],[np.int32(3)]
20,appear,[],[np.int32(4)]
20,appear,[],[np.int32(6)]
20,appear,[],[np.int32(7)]
20,appear,[],[np.int32(14)]
20,appear,[],[np.int32(17)]
20,appear,[],[np.int32(20)]
20,appear,[],[np.int32(22)]
20,appear,[],[np.int32(25)]
20,appear,[],[np.int32(26)]
20,appear,[],[np.int32(27)]
20,appear,[],[np.int32(29)]
20,appear,[],[np.int32(30)]
20,appear,[],[np.int32(31)]
20,appear,[],[np.int32(34)]
20,appear,[],[np.int32(40)]
20,appear,[],[np.int32(43)]
20,appear,[],[np.int32(45)]
20,appear,[],[np.int32(46)]
20,appear,[],[np.int32(49)]
20,appear,[],[np.int32(50)]
20,appear,[],[np.int32(53)]
20,appear,[],[np.int32(54)]
20,appear,[],[np.int32(55)]
20,appear,[],[np.int32(57)]
20,appear,[],[np.int32(59)]
20,appear,[],[np.int32(61)]
20,appear,[],[np.int32(68)]
20,appear,[],[np.int32(76)]
20,disappear,[np.int32(2)],[]
20,disappear,[np.int32(13)],[]
20,disappear,[np.int32(14)],[]
20,disappear,[np.int32(16)],[]
20,disappear,[np.int32(17)],[]
20,disappear,[np.int32(25)],[]
20,disappear,[np.int32(28)],[]
20,disappear,[np.int32(31)],[]
20,disappear,[np.int32(32)],[]
20,disappear,[np.int32(46)],[]
20,disappear,[np.int32(52)],[]
20,disappear,[np.int32(54)],[]
20,disappear,[np.int32(59)],[]
20,disappear,[np.int32(63)],[]
20,disappear,[np.int32(69)],[]
20,disappear,[np.int32(72)],[]
21,appear,[],[np.int32(1)]
21,appear,[],[np.int32(11)]
21,appear,[],[np.int32(12)]
21,appear,[],[np.int32(13)]
21,appear,[],[np.int32(14)]
21,appear,[],[np.int32(17)]
21,appear,[],[np.int32(20)]
21,appear,[],[np.int32(34)]
21,appear,[],[np.int32(35)]
21,appear,[],[np.int32(39)]
21,appear,[],[np.int32(40)]
21,appear,[],[np.int32(45)]
21,appear,[],[np.int32(58)]
21,appear,[],[np.int32(63)]
21,appear,[],[np.int32(67)]
21,appear,[],[np.int32(68)]
21,appear,[],[np.int32(69)]
21,appear,[],[np.int32(73)]
21,appear,[],[np.int32(80)]
21,appear,[],[np.int32(82)]
21,appear,[],[np.int32(84)]
21,appear,[],[np.int32(87)]
21,appear,[],[np.int32(88)]
21,appear,[],[np.int32(93)]
21,disappear,[np.int32(4)],[]
21,disappear,[np.int32(5)],[]
21,disappear,[np.int32(7)],[]
21,disappear,[np.int32(9)],[]
21,disappear,[np.int32(10)],[]
21,disappear,[np.int32(15)],[]
21,disappear,[np.int32(16)],[]
21,disappear,[np.int32(17)],[]
21,disappear,[np.int32(22)],[]
21,disappear,[np.int32(41)],[]
21,disappear,[np.int32(42)],[]
21,disappear,[np.int32(43)],[]
21,disappear,[np.int32(45)],[]
21,disappear,[np.int32(54)],[]
21,disappear,[np.int32(55)],[]
21,disappear,[np.int32(57)],[]
21,disappear,[np.int32(58)],[]
21,disappear,[np.int32(59)],[]
21,disappear,[np.int32(64)],[]
21,disappear,[np.int32(76)],[]
22,appear,[],[np.int32(5)]
22,appear,[],[np.int32(8)]
22,appear,[],[np.int32(11)]
22,appear,[],[np.int32(12)]
22,appear,[],[np.int32(15)]
22,appear,[],[np.int32(16)]
22,appear,[],[np.int32(18)]
22,appear,[],[np.int32(22)]
22,appear,[],[np.int32(24)]
22,appear,[],[np.int32(29)]
22,appear,[],[np.int32(36)]
22,appear,[],[np.int32(38)]
22,appear,[],[np.int32(44)]
22,appear,[],[np.int32(46)]
22,appear,[],[np.int32(52)]
22,appear,[],[np.int32(57)]
22,appear,[],[np.int32(64)]
22,merge,"[np.int64(59), np.int64(67)]",[np.int32(66)]
22,appear,[],[np.int32(70)]
22,appear,[],[np.int32(73)]
22,appear,[],[np.int32(79)]
22,appear,[],[np.int32(81)]
22,appear,[],[np.int32(84)]
22,appear,[],[np.int32(91)]
22,disappear,[np.int32(9)],[]
22,disappear,[np.int32(11)],[]
22,disappear,[np.int32(12)],[]
22,disappear,[np.int32(14)],[]
22,disappear,[np.int32(30)],[]
22,disappear,[np.int32(32)],[]
22,disappear,[np.int32(34)],[]
22,disappear,[np.int32(35)],[]
22,disappear,[np.int32(37)],[]
22,disappear,[np.int32(40)],[]
22,disappear,[np.int32(52)],[]
22,split,[np.int32(57)],"[np.int64(59), np.int64(63)]"
22,disappear,[np.int32(63)],[]
22,disappear,[np.int32(68)],[]
22,disappear,[np.int32(69)],[]
22,disappear,[np.int32(71)],[]
22,disappear,[np.int32(75)],[]
22,disappear,[np.int32(84)],[]
22,disappear,[np.int32(86)],[]
23,appear,[],[np.int32(2)]
23,appear,[],[np.int32(6)]
23,merge,"[np.int64(14), np.int64(18)]",[np.int32(12)]
23,appear,[],[np.int32(13)]
23,appear,[],[np.int32(15)]
23,merge,"[np.int64(13), np.int64(19)]",[np.int32(17)]
23,appear,[],[np.int32(18)]
23,appear,[],[np.int32(20)]
23,appear,[],[np.int32(22)]
23,appear,[],[np.int32(25)]
23,appear,[],[np.int32(36)]
23,appear,[],[np.int32(37)]
23,appear,[],[np.int32(38)]
23,appear,[],[np.int32(39)]
23,appear,[],[np.int32(41)]
23,appear,[],[np.int32(44)]
23,appear,[],[np.int32(46)]
23,appear,[],[np.int32(49)]
23,appear,[],[np.int32(52)]
23,appear,[],[np.int32(53)]
23,appear,[],[np.int32(54)]
23,appear,[],[np.int32(58)]
23,appear,[],[np.int32(74)]
23,appear,[],[np.int32(87)]
23,appear,[],[np.int32(99)]
23,disappear,[np.int32(2)],[]
23,disappear,[np.int32(11)],[]
23,disappear,[np.int32(12)],[]
23,disappear,[np.int32(20)],[]
23,disappear,[np.int32(24)],[]
23,disappear,[np.int32(35)],[]
23,disappear,[np.int32(38)],[]
23,disappear,[np.int32(44)],[]
23,disappear,[np.int32(46)],[]
23,disappear,[np.int32(47)],[]
23,disappear,[np.int32(49)],[]
23,disappear,[np.int32(52)],[]
23,disappear,[np.int32(58)],[]
23,split,[np.int32(66)],"[np.int64(71), np.int64(80)]"
23,disappear,[np.int32(72)],[]
23,disappear,[np.int32(77)],[]
23,disappear,[np.int32(82)],[]
24,appear,[],[np.int32(1)]
24,appear,[],[np.int32(4)]
24,appear,[],[np.int32(8)]
24,appear,[],[np.int32(11)]
24,appear,[],[np.int32(14)]
24,appear,[],[np.int32(15)]
24,appear,[],[np.int32(23)]
24,appear,[],[np.int32(31)]
24,appear,[],[np.int32(32)]
24,appear,[],[np.int32(34)]
24,appear,[],[np.int32(35)]
24,appear,[],[np.int32(39)]
24,appear,[],[np.int32(42)]
24,appear,[],[np.int32(47)]
24,appear,[],[np.int32(54)]
24,appear,[],[np.int32(55)]
24,appear,[],[np.int32(56)]
24,appear,[],[np.int32(72)]
24,appear,[],[np.int32(77)]
24,appear,[],[np.int32(78)]
24,appear,[],[np.int32(82)]
24,appear,[],[np.int32(87)]
24,appear,[],[np.int32(88)]
24,appear,[],[np.int32(97)]
24,appear,[],[np.int32(108)]
24,appear,[],[np.int32(109)]
24,appear,[],[np.int32(111)]
24,appear,[],[np.int32(114)]
24,disappear,[np.int32(6)],[]
24,disappear,[np.int32(7)],[]
24,split,[np.int32(12)],"[np.int64(16), np.int64(22)]"
24,disappear,[np.int32(13)],[]
24,disappear,[np.int32(16)],[]
24,split,[np.int32(17)],"[np.int64(20), np.int64(26)]"
24,disappear,[np.int32(21)],[]
24,disappear,[np.int32(22)],[]
24,disappear,[np.int32(24)],[]
24,disappear,[np.int32(28)],[]
24,disappear,[np.int32(29)],[]
24,disappear,[np.int32(41)],[]
24,disappear,[np.int32(42)],[]
24,disappear,[np.int32(46)],[]
24,disappear,[np.int32(48)],[]
24,disappear,[np.int32(51)],[]
24,disappear,[np.int32(52)],[]
24,disappear,[np.int32(55)],[]
24,disappear,[np.int32(66)],[]
24,disappear,[np.int32(85)],[]
24,disappear,[np.int32(87)],[]
24,disappear,[np.int32(94)],[]
25,appear,[],[np.int32(5)]
25,appear,[],[np.int32(7)]
25,appear,[],[np.int32(9)]
25,appear,[],[np.int32(13)]
25,appear,[],[np.int32(19)]
25,appear,[],[np.int32(23)]
25,appear,[],[np.int32(24)]
25,appear,[],[np.int32(28)]
25,appear,[],[np.int32(39)]
25,appear,[],[np.int32(42)]
25,appear,[],[np.int32(45)]
25,appear,[],[np.int32(47)]
25,appear,[],[np.int32(48)]
25,appear,[],[np.int32(49)]
25,appear,[],[np.int32(50)]
25,appear,[],[np.int32(52)]
25,appear,[],[np.int32(55)]
25,appear,[],[np.int32(60)]
25,appear,[],[np.int32(61)]
25,appear,[],[np.int32(62)]
25,appear,[],[np.int32(63)]
25,appear,[],[np.int32(64)]
25,appear,[],[np.int32(65)]
25,appear,[],[np.int32(66)]
25,appear,[],[np.int32(67)]
25,appear,[],[np.int32(69)]
25,appear,[],[np.int32(79)]
25,appear,[],[np.int32(81)]
25,appear,[],[np.int32(82)]
25,appear,[],[np.int32(83)]
25,appear,[],[np.int32(89)]
25,appear,[],[np.int32(92)]
25,appear,[],[np.int32(98)]
25,appear,[],[np.int32(105)]
25,appear,[],[np.int32(107)]
25,appear,[],[np.int32(112)]
25,appear,[],[np.int32(113)]
25,appear,[],[np.int32(121)]
25,disappear,[np.int32(2)],[]
25,disappear,[np.int32(8)],[]
25,disappear,[np.int32(11)],[]
25,disappear,[np.int32(13)],[]
25,disappear,[np.int32(19)],[]
25,disappear,[np.int32(23)],[]
25,disappear,[np.int32(24)],[]
25,disappear,[np.int32(31)],[]
25,disappear,[np.int32(34)],[]
25,disappear,[np.int32(39)],[]
25,disappear,[np.int32(42)],[]
25,disappear,[np.int32(47)],[]
25,disappear,[np.int32(54)],[]
25,disappear,[np.int32(56)],[]
25,disappear,[np.int32(66)],[]
25,disappear,[np.int32(68)],[]
25,disappear,[np.int32(70)],[]
25,disappear,[np.int32(76)],[]
25,disappear,[np.int32(82)],[]
25,disappear,[np.int32(83)],[]
25,disappear,[np.int32(93)],[]
25,disappear,[np.int32(97)],[]
25,disappear,[np.int32(99)],[]
25,disappear,[np.int32(111)],[]
25,disappear,[np.int32(112)],[]
26,appear,[],[np.int32(1)]
26,appear,[],[np.int32(5)]
26,appear,[],[np.int32(15)]
26,appear,[],[np.int32(16)]
26,appear,[],[np.int32(29)]
26,appear,[],[np.int32(32)]
26,appear,[],[np.int32(37)]
26,appear,[],[np.int32(39)]
26,appear,[],[np.int32(49)]
26,appear,[],[np.int32(52)]
26,appear,[],[np.int32(60)]
26,appear,[],[np.int32(62)]
26,appear,[],[np.int32(65)]
26,appear,[],[np.int32(72)]
26,appear,[],[np.int32(77)]
26,appear,[],[np.int32(79)]
26,appear,[],[np.int32(84)]
26,appear,[],[np.int32(85)]
26,appear,[],[np.int32(93)]
26,appear,[],[np.int32(94)]
26,appear,[],[np.int32(108)]
26,appear,[],[np.int32(111)]
26,disappear,[np.int32(6)],[]
26,disappear,[np.int32(10)],[]
26,disappear,[np.int32(22)],[]
26,disappear,[np.int32(24)],[]
26,disappear,[np.int32(26)],[]
26,disappear,[np.int32(34)],[]
26,disappear,[np.int32(35)],[]
26,disappear,[np.int32(39)],[]
26,disappear,[np.int32(40)],[]
26,disappear,[np.int32(47)],[]
26,disappear,[np.int32(48)],[]
26,disappear,[np.int32(56)],[]
26,disappear,[np.int32(60)],[]
26,disappear,[np.int32(61)],[]
26,disappear,[np.int32(64)],[]
26,disappear,[np.int32(69)],[]
26,disappear,[np.int32(73)],[]
26,disappear,[np.int32(76)],[]
26,disappear,[np.int32(81)],[]
26,disappear,[np.int32(82)],[]
26,disappear,[np.int32(83)],[]
26,disappear,[np.int32(92)],[]
26,disappear,[np.int32(98)],[]
26,disappear,[np.int32(102)],[]
26,disappear,[np.int32(113)],[]
26,disappear,[np.int32(123)],[]
26,disappear,[np.int32(124)],[]
26,disappear,[np.int32(126)],[]
27,appear,[],[np.int32(10)]
27,appear,[],[np.int32(11)]
27,appear,[],[np.int32(15)]
27,appear,[],[np.int32(20)]
27,appear,[],[np.int32(24)]
27,appear,[],[np.int32(25)]
27,appear,[],[np.int32(29)]
27,appear,[],[np.int32(31)]
27,appear,[],[np.int32(33)]
27,appear,[],[np.int32(36)]
27,appear,[],[np.int32(37)]
27,appear,[],[np.int32(39)]
27,appear,[],[np.int32(51)]
27,appear,[],[np.int32(52)]
27,appear,[],[np.int32(53)]
27,appear,[],[np.int32(62)]
27,appear,[],[np.int32(63)]
27,appear,[],[np.int32(65)]
27,appear,[],[np.int32(67)]
27,appear,[],[np.int32(69)]
27,appear,[],[np.int32(70)]
27,merge,"[np.int64(65), np.int64(70)]",[np.int32(77)]
27,appear,[],[np.int32(79)]
27,appear,[],[np.int32(82)]
27,appear,[],[np.int32(83)]
27,appear,[],[np.int32(84)]
27,appear,[],[np.int32(90)]
27,appear,[],[np.int32(92)]
27,appear,[],[np.int32(103)]
27,appear,[],[np.int32(107)]
27,appear,[],[np.int32(110)]
27,appear,[],[np.int32(115)]
27,appear,[],[np.int32(120)]
27,appear,[],[np.int32(123)]
27,appear,[],[np.int32(129)]
27,appear,[],[np.int32(130)]
27,appear,[],[np.int32(131)]
27,disappear,[np.int32(9)],[]
27,disappear,[np.int32(11)],[]
27,disappear,[np.int32(19)],[]
27,disappear,[np.int32(21)],[]
27,disappear,[np.int32(28)],[]
27,disappear,[np.int32(32)],[]
27,disappear,[np.int32(35)],[]
27,disappear,[np.int32(37)],[]
27,disappear,[np.int32(47)],[]
27,disappear,[np.int32(59)],[]
27,disappear,[np.int32(72)],[]
27,disappear,[np.int32(77)],[]
27,disappear,[np.int32(80)],[]
27,disappear,[np.int32(82)],[]
27,disappear,[np.int32(85)],[]
27,disappear,[np.int32(90)],[]
27,disappear,[np.int32(93)],[]
27,disappear,[np.int32(99)],[]
27,disappear,[np.int32(104)],[]
27,disappear,[np.int32(109)],[]
27,disappear,[np.int32(110)],[]
27,disappear,[np.int32(111)],[]
27,disappear,[np.int32(112)],[]
27,disappear,[np.int32(120)],[]
28,appear,[],[np.int32(4)]
28,appear,[],[np.int32(8)]
28,appear,[],[np.int32(9)]
28,appear,[],[np.int32(11)]
28,appear,[],[np.int32(14)]
28,appear,[],[np.int32(15)]
28,appear,[],[np.int32(19)]
28,appear,[],[np.int32(21)]
28,appear,[],[np.int32(30)]
28,appear,[],[np.int32(34)]
28,appear,[],[np.int32(42)]
28,appear,[],[np.int32(45)]
28,appear,[],[np.int32(55)]
28,appear,[],[np.int32(56)]
28,appear,[],[np.int32(57)]
28,appear,[],[np.int32(63)]
28,appear,[],[np.int32(75)]
28,appear,[],[np.int32(84)]
28,appear,[],[np.int32(93)]
28,appear,[],[np.int32(96)]
28,appear,[],[np.int32(97)]
28,appear,[],[np.int32(101)]
28,appear,[],[np.int32(106)]
28,appear,[],[np.int32(113)]
28,appear,[],[np.int32(124)]
28,appear,[],[np.int32(127)]
28,appear,[],[np.int32(134)]
28,appear,[],[np.int32(137)]
28,split,[np.int32(3)],"[np.int64(3), np.int64(12)]"
28,disappear,[np.int32(5)],[]
28,disappear,[np.int32(6)],[]
28,disappear,[np.int32(7)],[]
28,disappear,[np.int32(10)],[]
28,disappear,[np.int32(15)],[]
28,disappear,[np.int32(21)],[]
28,disappear,[np.int32(25)],[]
28,disappear,[np.int32(31)],[]
28,disappear,[np.int32(36)],[]
28,disappear,[np.int32(40)],[]
28,disappear,[np.int32(53)],[]
28,disappear,[np.int32(54)],[]
28,disappear,[np.int32(58)],[]
28,split,[np.int32(59)],"[np.int64(62), np.int64(66)]"
28,disappear,[np.int32(62)],[]
28,disappear,[np.int32(67)],[]
28,disappear,[np.int32(68)],[]
28,disappear,[np.int32(74)],[]
28,disappear,[np.int32(79)],[]
28,disappear,[np.int32(84)],[]
28,disappear,[np.int32(97)],[]
28,disappear,[np.int32(100)],[]
28,disappear,[np.int32(101)],[]
28,disappear,[np.int32(103)],[]
28,disappear,[np.int32(131)],[]
28,disappear,[np.int32(132)],[]
29,appear,[],[np.int32(4)]
29,appear,[],[np.int32(5)]
29,merge,"[np.int64(15), np.int64(16)]",[np.int32(14)]
29,appear,[],[np.int32(18)]
29,appear,[],[np.int32(23)]
29,appear,[],[np.int32(29)]
29,appear,[],[np.int32(31)]
29,appear,[],[np.int32(32)]
29,appear,[],[np.int32(36)]
29,appear,[],[np.int32(41)]
29,appear,[],[np.int32(42)]
29,appear,[],[np.int32(54)]
29,appear,[],[np.int32(55)]
29,appear,[],[np.int32(62)]
29,appear,[],[np.int32(68)]
29,appear,[],[np.int32(70)]
29,appear,[],[np.int32(75)]
29,appear,[],[np.int32(78)]
29,appear,[],[np.int32(91)]
29,appear,[],[np.int32(93)]
29,appear,[],[np.int32(96)]
29,appear,[],[np.int32(107)]
29,appear,[],[np.int32(111)]
29,appear,[],[np.int32(117)]
29,appear,[],[np.int32(121)]
29,appear,[],[np.int32(126)]
29,disappear,[np.int32(8)],[]
29,disappear,[np.int32(10)],[]
29,disappear,[np.int32(14)],[]
29,disappear,[np.int32(24)],[]
29,disappear,[np.int32(30)],[]
29,disappear,[np.int32(32)],[]
29,disappear,[np.int32(39)],[]
29,disappear,[np.int32(42)],[]
29,disappear,[np.int32(46)],[]
29,disappear,[np.int32(54)],[]
29,disappear,[np.int32(55)],[]
29,disappear,[np.int32(62)],[]
29,disappear,[np.int32(67)],[]
29,disappear,[np.int32(71)],[]
29,disappear,[np.int32(90)],[]
29,disappear,[np.int32(91)],[]
29,disappear,[np.int32(92)],[]
29,disappear,[np.int32(100)],[]
29,disappear,[np.int32(114)],[]
29,disappear,[np.int32(118)],[]
29,disappear,[np.int32(122)],[]
29,disappear,[np.int32(124)],[]
29,disappear,[np.int32(127)],[]
29,disappear,[np.int32(135)],[]
30,appear,[],[np.int32(9)]
30,appear,[],[np.int32(10)]
30,appear,[],[np.int32(11)]
30,appear,[],[np.int32(17)]
30,merge,"[np.int64(21), np.int64(26)]",[np.int32(21)]
30,appear,[],[np.int32(39)]
30,merge,"[np.int64(50), np.int64(60)]",[np.int32(48)]
30,appear,[],[np.int32(56)]
30,appear,[],[np.int32(58)]
30,appear,[],[np.int32(61)]
30,appear,[],[np.int32(64)]
30,appear,[],[np.int32(76)]
30,appear,[],[np.int32(78)]
30,appear,[],[np.int32(87)]
30,appear,[],[np.int32(88)]
30,appear,[],[np.int32(107)]
30,appear,[],[np.int32(115)]
30,appear,[],[np.int32(118)]
30,appear,[],[np.int32(127)]
30,appear,[],[np.int32(133)]
30,appear,[],[np.int32(134)]
30,disappear,[np.int32(5)],[]
30,disappear,[np.int32(24)],[]
30,disappear,[np.int32(31)],[]
30,disappear,[np.int32(33)],[]
30,disappear,[np.int32(41)],[]
30,disappear,[np.int32(47)],[]
30,disappear,[np.int32(54)],[]
30,disappear,[np.int32(56)],[]
30,disappear,[np.int32(62)],[]
30,disappear,[np.int32(63)],[]
30,disappear,[np.int32(64)],[]
30,disappear,[np.int32(80)],[]
30,disappear,[np.int32(85)],[]
30,disappear,[np.int32(90)],[]
30,disappear,[np.int32(91)],[]
30,disappear,[np.int32(105)],[]
30,disappear,[np.int32(111)],[]
30,split,[np.int32(118)],"[np.int64(113), np.int64(117)]"
30,disappear,[np.int32(119)],[]
30,disappear,[np.int32(121)],[]
30,disappear,[np.int32(128)],[]
31,appear,[],[np.int32(3)]
31,appear,[],[np.int32(6)]
31,appear,[],[np.int32(18)]
31,appear,[],[np.int32(27)]
31,appear,[],[np.int32(28)]
31,appear,[],[np.int32(29)]
31,appear,[],[np.int32(36)]
31,appear,[],[np.int32(37)]
31,appear,[],[np.int32(41)]
31,appear,[],[np.int32(45)]
31,appear,[],[np.int32(52)]
31,appear,[],[np.int32(63)]
31,appear,[],[np.int32(66)]
31,appear,[],[np.int32(84)]
31,appear,[],[np.int32(88)]
31,appear,[],[np.int32(91)]
31,appear,[],[np.int32(107)]
31,appear,[],[np.int32(108)]
31,appear,[],[np.int32(113)]
31,appear,[],[np.int32(122)]
31,appear,[],[np.int32(130)]
31,appear,[],[np.int32(131)]
31,appear,[],[np.int32(139)]
31,disappear,[np.int32(9)],[]
31,disappear,[np.int32(10)],[]
31,disappear,[np.int32(11)],[]
31,disappear,[np.int32(12)],[]
31,disappear,[np.int32(14)],[]
31,split,[np.int32(16)],"[np.int64(13), np.int64(17)]"
31,disappear,[np.int32(23)],[]
31,disappear,[np.int32(29)],[]
31,disappear,[np.int32(34)],[]
31,disappear,[np.int32(37)],[]
31,split,[np.int32(48)],"[np.int64(50), np.int64(61)]"
31,disappear,[np.int32(74)],[]
31,disappear,[np.int32(86)],[]
31,disappear,[np.int32(92)],[]
31,disappear,[np.int32(102)],[]
31,disappear,[np.int32(106)],[]
31,disappear,[np.int32(112)],[]
31,split,[np.int32(116)],"[np.int64(123), np.int64(133)]"
31,disappear,[np.int32(117)],[]
31,disappear,[np.int32(132)],[]
32,appear,[],[np.int32(5)]
32,appear,[],[np.int32(6)]
32,appear,[],[np.int32(10)]
32,appear,[],[np.int32(11)]
32,appear,[],[np.int32(20)]
32,appear,[],[np.int32(22)]
32,appear,[],[np.int32(23)]
32,appear,[],[np.int32(31)]
32,appear,[],[np.int32(40)]
32,appear,[],[np.int32(42)]
32,appear,[],[np.int32(49)]
32,appear,[],[np.int32(51)]
32,appear,[],[np.int32(52)]
32,appear,[],[np.int32(58)]
32,appear,[],[np.int32(69)]
32,appear,[],[np.int32(87)]
32,appear,[],[np.int32(96)]
32,appear,[],[np.int32(97)]
32,appear,[],[np.int32(123)]
32,appear,[],[np.int32(139)]
32,disappear,[np.int32(5)],[]
32,disappear,[np.int32(6)],[]
32,disappear,[np.int32(7)],[]
32,disappear,[np.int32(20)],[]
32,disappear,[np.int32(27)],[]
32,disappear,[np.int32(33)],[]
32,disappear,[np.int32(37)],[]
32,disappear,[np.int32(52)],[]
32,disappear,[np.int32(61)],[]
32,disappear,[np.int32(63)],[]
32,disappear,[np.int32(66)],[]
32,disappear,[np.int32(69)],[]
32,split,[np.int32(82)],"[np.int64(83), np.int64(93)]"
32,disappear,[np.int32(84)],[]
32,disappear,[np.int32(87)],[]
32,disappear,[np.int32(88)],[]
32,disappear,[np.int32(95)],[]
32,disappear,[np.int32(101)],[]
32,disappear,[np.int32(107)],[]
32,disappear,[np.int32(118)],[]
32,disappear,[np.int32(127)],[]
32,disappear,[np.int32(129)],[]
33,appear,[],[np.int32(4)]
33,appear,[],[np.int32(5)]
33,appear,[],[np.int32(12)]
33,appear,[],[np.int32(17)]
33,appear,[],[np.int32(24)]
33,appear,[],[np.int32(29)]
33,merge,"[np.int64(30), np.int64(36)]",[np.int32(31)]
33,appear,[],[np.int32(34)]
33,appear,[],[np.int32(37)]
33,appear,[],[np.int32(46)]
33,appear,[],[np.int32(47)]
33,appear,[],[np.int32(51)]
33,appear,[],[np.int32(61)]
33,appear,[],[np.int32(66)]
33,appear,[],[np.int32(73)]
33,appear,[],[np.int32(100)]
33,appear,[],[np.int32(103)]
33,appear,[],[np.int32(106)]
33,appear,[],[np.int32(113)]
33,appear,[],[np.int32(114)]
33,appear,[],[np.int32(115)]
33,appear,[],[np.int32(118)]
33,merge,"[np.int64(116), np.int64(121)]",[np.int32(120)]
33,appear,[],[np.int32(123)]
33,appear,[],[np.int32(127)]
33,appear,[],[np.int32(132)]
33,appear,[],[np.int32(134)]
33,appear,[],[np.int32(143)]
33,appear,[],[np.int32(145)]
33,disappear,[np.int32(7)],[]
33,disappear,[np.int32(11)],[]
33,disappear,[np.int32(19)],[]
33,disappear,[np.int32(23)],[]
33,disappear,[np.int32(25)],[]
33,disappear,[np.int32(34)],[]
33,split,[np.int32(36)],"[np.int64(31), np.int64(48)]"
33,disappear,[np.int32(40)],[]
33,disappear,[np.int32(48)],[]
33,disappear,[np.int32(49)],[]
33,disappear,[np.int32(52)],[]
33,disappear,[np.int32(64)],[]
33,disappear,[np.int32(69)],[]
33,disappear,[np.int32(76)],[]
33,disappear,[np.int32(88)],[]
33,disappear,[np.int32(101)],[]
33,disappear,[np.int32(103)],[]
33,disappear,[np.int32(108)],[]
33,disappear,[np.int32(119)],[]
33,disappear,[np.int32(129)],[]
33,disappear,[np.int32(138)],[]
33,disappear,[np.int32(142)],[]
34,appear,[],[np.int32(8)]
34,appear,[],[np.int32(19)]
34,appear,[],[np.int32(26)]
34,appear,[],[np.int32(33)]
34,appear,[],[np.int32(35)]
34,appear,[],[np.int32(41)]
34,appear,[],[np.int32(59)]
34,appear,[],[np.int32(65)]
34,appear,[],[np.int32(70)]
34,appear,[],[np.int32(73)]
34,appear,[],[np.int32(82)]
34,appear,[],[np.int32(86)]
34,appear,[],[np.int32(90)]
34,appear,[],[np.int32(99)]
34,appear,[],[np.int32(105)]
34,appear,[],[np.int32(107)]
34,appear,[],[np.int32(138)]
34,appear,[],[np.int32(144)]
34,appear,[],[np.int32(148)]
34,disappear,[np.int32(3)],[]
34,disappear,[np.int32(10)],[]
34,disappear,[np.int32(12)],[]
34,disappear,[np.int32(14)],[]
34,disappear,[np.int32(32)],[]
34,disappear,[np.int32(36)],[]
34,disappear,[np.int32(44)],[]
34,disappear,[np.int32(53)],[]
34,disappear,[np.int32(55)],[]
34,disappear,[np.int32(62)],[]
34,disappear,[np.int32(68)],[]
34,disappear,[np.int32(82)],[]
34,disappear,[np.int32(88)],[]
34,disappear,[np.int32(97)],[]
34,disappear,[np.int32(106)],[]
34,disappear,[np.int32(123)],[]
34,disappear,[np.int32(127)],[]
34,disappear,[np.int32(144)],[]
35,appear,[],[np.int32(5)]
35,appear,[],[np.int32(8)]
35,appear,[],[np.int32(9)]
35,appear,[],[np.int32(11)]
35,appear,[],[np.int32(14)]
35,appear,[],[np.int32(22)]
35,appear,[],[np.int32(31)]
35,appear,[],[np.int32(40)]
35,appear,[],[np.int32(47)]
35,appear,[],[np.int32(49)]
35,appear,[],[np.int32(70)]
35,appear,[],[np.int32(76)]
35,appear,[],[np.int32(94)]
35,appear,[],[np.int32(98)]
35,appear,[],[np.int32(105)]
35,appear,[],[np.int32(107)]
35,appear,[],[np.int32(125)]
35,appear,[],[np.int32(128)]
35,appear,[],[np.int32(143)]
35,disappear,[np.int32(6)],[]
35,disappear,[np.int32(7)],[]
35,disappear,[np.int32(10)],[]
35,disappear,[np.int32(11)],[]
35,disappear,[np.int32(15)],[]
35,disappear,[np.int32(22)],[]
35,disappear,[np.int32(32)],[]
35,disappear,[np.int32(38)],[]
35,disappear,[np.int32(41)],[]
35,disappear,[np.int32(42)],[]
35,disappear,[np.int32(47)],[]
35,split,[np.int32(49)],"[np.int64(45), np.int64(50)]"
35,disappear,[np.int32(51)],[]
35,disappear,[np.int32(54)],[]
35,disappear,[np.int32(59)],[]
35,disappear,[np.int32(60)],[]
35,disappear,[np.int32(64)],[]
35,disappear,[np.int32(65)],[]
35,disappear,[np.int32(69)],[]
35,disappear,[np.int32(70)],[]
35,disappear,[np.int32(73)],[]
35,disappear,[np.int32(74)],[]
35,split,[np.int32(75)],"[np.int64(66), np.int64(72)]"
35,disappear,[np.int32(82)],[]
35,disappear,[np.int32(99)],[]
35,disappear,[np.int32(105)],[]
35,disappear,[np.int32(115)],[]
35,disappear,[np.int32(125)],[]
35,disappear,[np.int32(128)],[]
35,disappear,[np.int32(138)],[]
36,appear,[],[np.int32(6)]
36,appear,[],[np.int32(8)]
36,appear,[],[np.int32(9)]
36,appear,[],[np.int32(13)]
36,appear,[],[np.int32(17)]
36,appear,[],[np.int32(22)]
36,appear,[],[np.int32(24)]
36,appear,[],[np.int32(35)]
36,appear,[],[np.int32(37)]
36,appear,[],[np.int32(46)]
36,appear,[],[np.int32(49)]
36,appear,[],[np.int32(52)]
36,appear,[],[np.int32(55)]
36,appear,[],[np.int32(60)]
36,appear,[],[np.int32(64)]
36,appear,[],[np.int32(69)]
36,appear,[],[np.int32(79)]
36,appear,[],[np.int32(87)]
36,appear,[],[np.int32(94)]
36,appear,[],[np.int32(99)]
36,appear,[],[np.int32(104)]
36,appear,[],[np.int32(119)]
36,appear,[],[np.int32(123)]
36,appear,[],[np.int32(136)]
36,appear,[],[np.int32(149)]
36,disappear,[np.int32(7)],[]
36,disappear,[np.int32(11)],[]
36,disappear,[np.int32(13)],[]
36,disappear,[np.int32(14)],[]
36,disappear,[np.int32(19)],[]
36,disappear,[np.int32(25)],[]
36,disappear,[np.int32(26)],[]
36,disappear,[np.int32(33)],[]
36,disappear,[np.int32(38)],[]
36,disappear,[np.int32(45)],[]
36,disappear,[np.int32(48)],[]
36,disappear,[np.int32(70)],[]
36,disappear,[np.int32(75)],[]
36,disappear,[np.int32(82)],[]
36,disappear,[np.int32(84)],[]
36,disappear,[np.int32(103)],[]
36,disappear,[np.int32(105)],[]
36,disappear,[np.int32(125)],[]
36,disappear,[np.int32(142)],[]
37,appear,[],[np.int32(8)]
37,appear,[],[np.int32(26)]
37,appear,[],[np.int32(33)]
37,merge,"[np.int64(40), np.int64(49)]",[np.int32(35)]
37,appear,[],[np.int32(56)]
37,appear,[],[np.int32(64)]
37,appear,[],[np.int32(72)]
37,appear,[],[np.int32(83)]
37,appear,[],[np.int32(89)]
37,appear,[],[np.int32(96)]
37,appear,[],[np.int32(97)]
37,appear,[],[np.int32(100)]
37,appear,[],[np.int32(109)]
37,appear,[],[np.int32(111)]
37,appear,[],[np.int32(112)]
37,appear,[],[np.int32(115)]
37,disappear,[np.int32(6)],[]
37,disappear,[np.int32(8)],[]
37,disappear,[np.int32(9)],[]
37,disappear,[np.int32(10)],[]
37,disappear,[np.int32(21)],[]
37,disappear,[np.int32(22)],[]
37,disappear,[np.int32(24)],[]
37,disappear,[np.int32(30)],[]
37,disappear,[np.int32(51)],[]
37,disappear,[np.int32(52)],[]
37,disappear,[np.int32(53)],[]
37,disappear,[np.int32(58)],[]
37,disappear,[np.int32(60)],[]
37,disappear,[np.int32(67)],[]
37,disappear,[np.int32(69)],[]
37,disappear,[np.int32(76)],[]
37,disappear,[np.int32(80)],[]
37,disappear,[np.int32(87)],[]
37,disappear,[np.int32(94)],[]
37,disappear,[np.int32(104)],[]
37,disappear,[np.int32(113)],[]
37,disappear,[np.int32(119)],[]
37,disappear,[np.int32(124)],[]
37,disappear,[np.int32(126)],[]
37,disappear,[np.int32(136)],[]
37,disappear,[np.int32(147)],[]
38,appear,[],[np.int32(6)]
38,appear,[],[np.int32(7)]
38,appear,[],[np.int32(12)]
38,appear,[],[np.int32(13)]
38,appear,[],[np.int32(18)]
38,appear,[],[np.int32(20)]
38,appear,[],[np.int32(27)]
38,appear,[],[np.int32(40)]
38,appear,[],[np.int32(44)]
38,appear,[],[np.int32(45)]
38,appear,[],[np.int32(48)]
38,appear,[],[np.int32(51)]
38,appear,[],[np.int32(53)]
38,appear,[],[np.int32(56)]
38,appear,[],[np.int32(67)]
38,appear,[],[np.int32(72)]
38,appear,[],[np.int32(78)]
38,appear,[],[np.int32(80)]
38,appear,[],[np.int32(101)]
38,appear,[],[np.int32(103)]
38,appear,[],[np.int32(109)]
38,appear,[],[np.int32(117)]
38,appear,[],[np.int32(134)]
38,appear,[],[np.int32(136)]
38,disappear,[np.int32(10)],[]
38,disappear,[np.int32(13)],[]
38,disappear,[np.int32(16)],[]
38,disappear,[np.int32(17)],[]
38,disappear,[np.int32(18)],[]
38,disappear,[np.int32(34)],[]
38,disappear,[np.int32(39)],[]
38,disappear,[np.int32(46)],[]
38,disappear,[np.int32(47)],[]
38,disappear,[np.int32(58)],[]
38,disappear,[np.int32(60)],[]
38,disappear,[np.int32(63)],[]
38,disappear,[np.int32(68)],[]
38,disappear,[np.int32(84)],[]
38,disappear,[np.int32(89)],[]
38,disappear,[np.int32(90)],[]
38,disappear,[np.int32(96)],[]
38,disappear,[np.int32(105)],[]
38,disappear,[np.int32(109)],[]
38,disappear,[np.int32(110)],[]
38,disappear,[np.int32(111)],[]
38,disappear,[np.int32(114)],[]
38,disappear,[np.int32(116)],[]
38,disappear,[np.int32(130)],[]
38,disappear,[np.int32(133)],[]
39,appear,[],[np.int32(12)]
39,appear,[],[np.int32(17)]
39,appear,[],[np.int32(18)]
39,appear,[],[np.int32(20)]
39,appear,[],[np.int32(32)]
39,appear,[],[np.int32(49)]
39,appear,[],[np.int32(60)]
39,appear,[],[np.int32(61)]
39,appear,[],[np.int32(65)]
39,appear,[],[np.int32(66)]
39,appear,[],[np.int32(68)]
39,appear,[],[np.int32(88)]
39,appear,[],[np.int32(91)]
39,appear,[],[np.int32(95)]
39,appear,[],[np.int32(109)]
39,appear,[],[np.int32(115)]
39,appear,[],[np.int32(117)]
39,appear,[],[np.int32(119)]
39,appear,[],[np.int32(140)]
39,disappear,[np.int32(6)],[]
39,disappear,[np.int32(13)],[]
39,disappear,[np.int32(18)],[]
39,disappear,[np.int32(20)],[]
39,disappear,[np.int32(41)],[]
39,disappear,[np.int32(45)],[]
39,disappear,[np.int32(49)],[]
39,disappear,[np.int32(51)],[]
39,disappear,[np.int32(80)],[]
39,disappear,[np.int32(90)],[]
39,disappear,[np.int32(101)],[]
39,disappear,[np.int32(103)],[]
39,disappear,[np.int32(104)],[]
39,disappear,[np.int32(135)],[]
39,disappear,[np.int32(136)],[]
40,appear,[],[np.int32(6)]
40,appear,[],[np.int32(8)]
40,appear,[],[np.int32(11)]
40,appear,[],[np.int32(17)]
40,appear,[],[np.int32(19)]
40,appear,[],[np.int32(21)]
40,appear,[],[np.int32(22)]
40,appear,[],[np.int32(23)]
40,appear,[],[np.int32(26)]
40,appear,[],[np.int32(28)]
40,appear,[],[np.int32(34)]
40,appear,[],[np.int32(37)]
40,appear,[],[np.int32(55)]
40,appear,[],[np.int32(71)]
40,appear,[],[np.int32(82)]
40,appear,[],[np.int32(85)]
40,appear,[],[np.int32(105)]
40,appear,[],[np.int32(118)]
40,appear,[],[np.int32(130)]
40,appear,[],[np.int32(140)]
40,appear,[],[np.int32(141)]
40,disappear,[np.int32(7)],[]
40,disappear,[np.int32(10)],[]
40,disappear,[np.int32(18)],[]
40,disappear,[np.int32(20)],[]
40,disappear,[np.int32(29)],[]
40,split,[np.int32(45)],"[np.int64(51), np.int64(56)]"
40,disappear,[np.int32(48)],[]
40,disappear,[np.int32(54)],[]
40,disappear,[np.int32(60)],[]
40,disappear,[np.int32(61)],[]
40,disappear,[np.int32(63)],[]
40,disappear,[np.int32(70)],[]
40,disappear,[np.int32(73)],[]
40,disappear,[np.int32(81)],[]
40,disappear,[np.int32(93)],[]
40,split,[np.int32(94)],"[np.int64(97), np.int64(98)]"
40,disappear,[np.int32(95)],[]
40,disappear,[np.int32(97)],[]
40,disappear,[np.int32(98)],[]
40,disappear,[np.int32(108)],[]
40,disappear,[np.int32(117)],[]
40,disappear,[np.int32(122)],[]
40,disappear,[np.int32(138)],[]
40,disappear,[np.int32(140)],[]
41,appear,[],[np.int32(18)]
41,appear,[],[np.int32(24)]
41,appear,[],[np.int32(33)]
41,appear,[],[np.int32(62)]
41,appear,[],[np.int32(65)]
41,appear,[],[np.int32(77)]
41,appear,[],[np.int32(78)]
41,appear,[],[np.int32(82)]
41,appear,[],[np.int32(96)]
41,appear,[],[np.int32(97)]
41,appear,[],[np.int32(98)]
41,appear,[],[np.int32(107)]
41,appear,[],[np.int32(112)]
41,appear,[],[np.int32(114)]
41,appear,[],[np.int32(119)]
41,appear,[],[np.int32(121)]
41,appear,[],[np.int32(127)]
41,appear,[],[np.int32(141)]
41,disappear,[np.int32(6)],[]
41,disappear,[np.int32(8)],[]
41,disappear,[np.int32(10)],[]
41,disappear,[np.int32(11)],[]
41,disappear,[np.int32(21)],[]
41,disappear,[np.int32(37)],[]
41,disappear,[np.int32(59)],[]
41,disappear,[np.int32(68)],[]
41,disappear,[np.int32(94)],[]
41,disappear,[np.int32(97)],[]
41,disappear,[np.int32(109)],[]
41,disappear,[np.int32(112)],[]
41,disappear,[np.int32(114)],[]
41,disappear,[np.int32(130)],[]
41,disappear,[np.int32(139)],[]
41,disappear,[np.int32(140)],[]
41,disappear,[np.int32(141)],[]
42,appear,[],[np.int32(13)]
42,appear,[],[np.int32(26)]
42,appear,[],[np.int32(40)]
42,appear,[],[np.int32(43)]
42,appear,[],[np.int32(45)]
42,appear,[],[np.int32(48)]
42,appear,[],[np.int32(52)]
42,appear,[],[np.int32(54)]
42,appear,[],[np.int32(55)]
42,appear,[],[np.int32(62)]
42,appear,[],[np.int32(64)]
42,appear,[],[np.int32(70)]
42,appear,[],[np.int32(71)]
42,appear,[],[np.int32(80)]
42,appear,[],[np.int32(86)]
42,appear,[],[np.int32(99)]
42,appear,[],[np.int32(102)]
42,appear,[],[np.int32(108)]
42,appear,[],[np.int32(110)]
42,appear,[],[np.int32(116)]
42,appear,[],[np.int32(118)]
42,appear,[],[np.int32(137)]
42,disappear,[np.int32(4)],[]
42,disappear,[np.int32(14)],[]
42,disappear,[np.int32(18)],[]
42,disappear,[np.int32(30)],[]
42,disappear,[np.int32(39)],[]
42,disappear,[np.int32(40)],[]
42,disappear,[np.int32(43)],[]
42,disappear,[np.int32(47)],[]
42,disappear,[np.int32(49)],[]
42,disappear,[np.int32(51)],[]
42,disappear,[np.int32(57)],[]
42,disappear,[np.int32(62)],[]
42,disappear,[np.int32(64)],[]
42,disappear,[np.int32(77)],[]
42,disappear,[np.int32(95)],[]
42,disappear,[np.int32(112)],[]
42,disappear,[np.int32(114)],[]
42,disappear,[np.int32(141)],[]
43,appear,[],[np.int32(3)]
43,appear,[],[np.int32(6)]
43,appear,[],[np.int32(8)]
43,appear,[],[np.int32(14)]
43,appear,[],[np.int32(17)]
43,appear,[],[np.int32(29)]
43,appear,[],[np.int32(36)]
43,appear,[],[np.int32(40)]
43,appear,[],[np.int32(46)]
43,appear,[],[np.int32(50)]
43,appear,[],[np.int32(52)]
43,appear,[],[np.int32(61)]
43,appear,[],[np.int32(63)]
43,appear,[],[np.int32(65)]
43,appear,[],[np.int32(86)]
43,appear,[],[np.int32(93)]
43,appear,[],[np.int32(98)]
43,appear,[],[np.int32(104)]
43,appear,[],[np.int32(114)]
43,appear,[],[np.int32(124)]
43,appear,[],[np.int32(140)]
43,disappear,[np.int32(2)],[]
43,disappear,[np.int32(8)],[]
43,disappear,[np.int32(13)],[]
43,disappear,[np.int32(22)],[]
43,disappear,[np.int32(26)],[]
43,disappear,[np.int32(31)],[]
43,disappear,[np.int32(40)],[]
43,disappear,[np.int32(45)],[]
43,disappear,[np.int32(54)],[]
43,disappear,[np.int32(55)],[]
43,disappear,[np.int32(59)],[]
43,disappear,[np.int32(62)],[]
43,disappear,[np.int32(63)],[]
43,disappear,[np.int32(64)],[]
43,disappear,[np.int32(70)],[]
43,disappear,[np.int32(75)],[]
43,disappear,[np.int32(77)],[]
43,disappear,[np.int32(81)],[]
43,disappear,[np.int32(86)],[]
43,disappear,[np.int32(97)],[]
43,disappear,[np.int32(101)],[]
43,disappear,[np.int32(114)],[]
43,disappear,[np.int32(124)],[]
43,disappear,[np.int32(136)],[]
43,disappear,[np.int32(143)],[]
44,appear,[],[np.int32(5)]
44,appear,[],[np.int32(6)]
44,appear,[],[np.int32(10)]
44,appear,[],[np.int32(33)]
44,appear,[],[np.int32(37)]
44,appear,[],[np.int32(38)]
44,appear,[],[np.int32(41)]
44,appear,[],[np.int32(43)]
44,appear,[],[np.int32(47)]
44,appear,[],[np.int32(49)]
44,appear,[],[np.int32(58)]
44,appear,[],[np.int32(64)]
44,appear,[],[np.int32(72)]
44,appear,[],[np.int32(79)]
44,appear,[],[np.int32(84)]
44,appear,[],[np.int32(96)]
44,appear,[],[np.int32(106)]
44,appear,[],[np.int32(116)]
44,appear,[],[np.int32(121)]
44,appear,[],[np.int32(134)]
44,appear,[],[np.int32(141)]
44,disappear,[np.int32(3)],[]
44,disappear,[np.int32(8)],[]
44,disappear,[np.int32(33)],[]
44,disappear,[np.int32(34)],[]
44,disappear,[np.int32(38)],[]
44,disappear,[np.int32(40)],[]
44,disappear,[np.int32(46)],[]
44,disappear,[np.int32(48)],[]
44,disappear,[np.int32(49)],[]
44,disappear,[np.int32(54)],[]
44,disappear,[np.int32(80)],[]
44,disappear,[np.int32(92)],[]
44,disappear,[np.int32(93)],[]
44,disappear,[np.int32(95)],[]
44,disappear,[np.int32(104)],[]
44,disappear,[np.int32(105)],[]
44,disappear,[np.int32(108)],[]
44,disappear,[np.int32(114)],[]
44,disappear,[np.int32(134)],[]
44,disappear,[np.int32(140)],[]
44,disappear,[np.int32(141)],[]
44,disappear,[np.int32(142)],[]
45,appear,[],[np.int32(2)]
45,appear,[],[np.int32(8)]
45,appear,[],[np.int32(20)]
45,appear,[],[np.int32(24)]
45,appear,[],[np.int32(26)]
45,appear,[],[np.int32(38)]
45,appear,[],[np.int32(39)]
45,appear,[],[np.int32(49)]
45,appear,[],[np.int32(52)]
45,appear,[],[np.int32(77)]
45,appear,[],[np.int32(90)]
45,appear,[],[np.int32(94)]
45,appear,[],[np.int32(102)]
45,appear,[],[np.int32(133)]
45,disappear,[np.int32(5)],[]
45,disappear,[np.int32(6)],[]
45,disappear,[np.int32(10)],[]
45,disappear,[np.int32(25)],[]
45,disappear,[np.int32(32)],[]
45,disappear,[np.int32(37)],[]
45,disappear,[np.int32(39)],[]
45,disappear,[np.int32(43)],[]
45,disappear,[np.int32(47)],[]
45,disappear,[np.int32(49)],[]
45,disappear,[np.int32(58)],[]
45,disappear,[np.int32(62)],[]
45,disappear,[np.int32(74)],[]
45,disappear,[np.int32(75)],[]
45,disappear,[np.int32(84)],[]
45,disappear,[np.int32(90)],[]
45,split,[np.int32(92)],"[np.int64(84), np.int64(87)]"
45,disappear,[np.int32(95)],[]
45,disappear,[np.int32(99)],[]
45,disappear,[np.int32(106)],[]
45,disappear,[np.int32(110)],[]
45,disappear,[np.int32(114)],[]
45,disappear,[np.int32(116)],[]
45,split,[np.int32(128)],"[np.int64(119), np.int64(126)]"
45,disappear,[np.int32(130)],[]
45,disappear,[np.int32(141)],[]
46,appear,[],[np.int32(2)]
46,appear,[],[np.int32(9)]
46,appear,[],[np.int32(14)]
46,appear,[],[np.int32(28)]
46,appear,[],[np.int32(31)]
46,appear,[],[np.int32(37)]
46,appear,[],[np.int32(38)]
46,appear,[],[np.int32(44)]
46,appear,[],[np.int32(47)]
46,appear,[],[np.int32(49)]
46,appear,[],[np.int32(51)]
46,appear,[],[np.int32(55)]
46,appear,[],[np.int32(59)]
46,appear,[],[np.int32(67)]
46,appear,[],[np.int32(71)]
46,appear,[],[np.int32(79)]
46,appear,[],[np.int32(80)]
46,appear,[],[np.int32(85)]
46,appear,[],[np.int32(96)]
46,appear,[],[np.int32(98)]
46,appear,[],[np.int32(103)]
46,appear,[],[np.int32(106)]
46,disappear,[np.int32(2)],[]
46,disappear,[np.int32(8)],[]
46,disappear,[np.int32(20)],[]
46,disappear,[np.int32(26)],[]
46,disappear,[np.int32(31)],[]
46,disappear,[np.int32(37)],[]
46,disappear,[np.int32(39)],[]
46,disappear,[np.int32(49)],[]
46,disappear,[np.int32(51)],[]
46,disappear,[np.int32(52)],[]
46,split,[np.int32(54)],"[np.int64(56), np.int64(57)]"
46,disappear,[np.int32(64)],[]
46,disappear,[np.int32(67)],[]
46,disappear,[np.int32(77)],[]
46,disappear,[np.int32(89)],[]
46,disappear,[np.int32(94)],[]
46,disappear,[np.int32(95)],[]
46,disappear,[np.int32(101)],[]
46,disappear,[np.int32(109)],[]
46,disappear,[np.int32(117)],[]
46,disappear,[np.int32(119)],[]
46,disappear,[np.int32(124)],[]
46,disappear,[np.int32(125)],[]
47,appear,[],[np.int32(5)]
47,appear,[],[np.int32(6)]
47,appear,[],[np.int32(16)]
47,appear,[],[np.int32(19)]
47,appear,[],[np.int32(34)]
47,appear,[],[np.int32(37)]
47,appear,[],[np.int32(38)]
47,appear,[],[np.int32(40)]
47,appear,[],[np.int32(47)]
47,appear,[],[np.int32(49)]
47,appear,[],[np.int32(52)]
47,appear,[],[np.int32(54)]
47,appear,[],[np.int32(61)]
47,appear,[],[np.int32(62)]
47,appear,[],[np.int32(78)]
47,merge,"[np.int64(82), np.int64(90)]",[np.int32(86)]
47,appear,[],[np.int32(103)]
47,appear,[],[np.int32(104)]
47,appear,[],[np.int32(108)]
47,appear,[],[np.int32(112)]
47,appear,[],[np.int32(113)]
47,appear,[],[np.int32(127)]
47,appear,[],[np.int32(131)]
47,appear,[],[np.int32(138)]
47,disappear,[np.int32(2)],[]
47,disappear,[np.int32(9)],[]
47,disappear,[np.int32(20)],[]
47,disappear,[np.int32(28)],[]
47,disappear,[np.int32(31)],[]
47,disappear,[np.int32(35)],[]
47,disappear,[np.int32(38)],[]
47,disappear,[np.int32(41)],[]
47,disappear,[np.int32(49)],[]
47,disappear,[np.int32(55)],[]
47,disappear,[np.int32(59)],[]
47,disappear,[np.int32(96)],[]
47,disappear,[np.int32(106)],[]
47,disappear,[np.int32(107)],[]
47,disappear,[np.int32(113)],[]
47,disappear,[np.int32(125)],[]
47,disappear,[np.int32(128)],[]
47,disappear,[np.int32(129)],[]
48,appear,[],[np.int32(2)]
48,appear,[],[np.int32(21)]
48,appear,[],[np.int32(25)]
48,appear,[],[np.int32(34)]
48,appear,[],[np.int32(50)]
48,appear,[],[np.int32(80)]
48,appear,[],[np.int32(86)]
48,appear,[],[np.int32(98)]
48,appear,[],[np.int32(114)]
48,appear,[],[np.int32(117)]
48,appear,[],[np.int32(127)]
48,appear,[],[np.int32(129)]
48,appear,[],[np.int32(131)]
48,appear,[],[np.int32(137)]
48,disappear,[np.int32(5)],[]
48,disappear,[np.int32(9)],[]
48,disappear,[np.int32(16)],[]
48,disappear,[np.int32(25)],[]
48,disappear,[np.int32(36)],[]
48,disappear,[np.int32(37)],[]
48,split,[np.int32(43)],"[np.int64(42), np.int64(48)]"
48,disappear,[np.int32(59)],[]
48,disappear,[np.int32(62)],[]
48,disappear,[np.int32(65)],[]
48,disappear,[np.int32(69)],[]
48,disappear,[np.int32(70)],[]
48,disappear,[np.int32(74)],[]
48,disappear,[np.int32(83)],[]
48,disappear,[np.int32(88)],[]
48,disappear,[np.int32(113)],[]
48,split,[np.int32(121)],"[np.int64(113), np.int64(121)]"
48,disappear,[np.int32(131)],[]
49,appear,[],[np.int32(2)]
49,appear,[],[np.int32(6)]
49,appear,[],[np.int32(15)]
49,appear,[],[np.int32(20)]
49,appear,[],[np.int32(22)]
49,appear,[],[np.int32(31)]
49,appear,[],[np.int32(33)]
49,appear,[],[np.int32(34)]
49,appear,[],[np.int32(49)]
49,appear,[],[np.int32(57)]
49,appear,[],[np.int32(58)]
49,appear,[],[np.int32(62)]
49,appear,[],[np.int32(69)]
49,appear,[],[np.int32(83)]
49,appear,[],[np.int32(90)]
49,appear,[],[np.int32(92)]
49,appear,[],[np.int32(109)]
49,appear,[],[np.int32(117)]
49,disappear,[np.int32(2)],[]
49,disappear,[np.int32(14)],[]
49,disappear,[np.int32(15)],[]
49,disappear,[np.int32(18)],[]
49,disappear,[np.int32(20)],[]
49,disappear,[np.int32(22)],[]
49,disappear,[np.int32(23)],[]
49,disappear,[np.int32(28)],[]
49,disappear,[np.int32(32)],[]
49,disappear,[np.int32(45)],[]
49,disappear,[np.int32(53)],[]
49,disappear,[np.int32(54)],[]
49,disappear,[np.int32(69)],[]
49,disappear,[np.int32(80)],[]
49,disappear,[np.int32(99)],[]
49,disappear,[np.int32(114)],[]
49,split,[np.int32(118)],"[np.int64(120), np.int64(126)]"
49,disappear,[np.int32(120)],[]
49,disappear,[np.int32(136)],[]
50,appear,[],[np.int32(2)]
50,appear,[],[np.int32(12)]
50,appear,[],[np.int32(16)]
50,appear,[],[np.int32(21)]
50,appear,[],[np.int32(28)]
50,appear,[],[np.int32(35)]
50,appear,[],[np.int32(38)]
50,appear,[],[np.int32(48)]
50,appear,[],[np.int32(53)]
50,appear,[],[np.int32(57)]
50,appear,[],[np.int32(62)]
50,appear,[],[np.int32(65)]
50,appear,[],[np.int32(67)]
50,appear,[],[np.int32(71)]
50,appear,[],[np.int32(75)]
50,appear,[],[np.int32(87)]
50,appear,[],[np.int32(95)]
50,appear,[],[np.int32(102)]
50,appear,[],[np.int32(105)]
50,appear,[],[np.int32(119)]
50,appear,[],[np.int32(120)]
50,appear,[],[np.int32(129)]
50,appear,[],[np.int32(131)]
50,appear,[],[np.int32(136)]
50,appear,[],[np.int32(138)]
50,disappear,[np.int32(1)],[]
50,disappear,[np.int32(20)],[]
50,disappear,[np.int32(26)],[]
50,disappear,[np.int32(31)],[]
50,disappear,[np.int32(36)],[]
50,disappear,[np.int32(39)],[]
50,disappear,[np.int32(56)],[]
50,disappear,[np.int32(57)],[]
50,disappear,[np.int32(62)],[]
50,disappear,[np.int32(72)],[]
50,disappear,[np.int32(83)],[]
50,disappear,[np.int32(91)],[]
50,disappear,[np.int32(92)],[]
50,disappear,[np.int32(93)],[]
50,disappear,[np.int32(94)],[]
50,disappear,[np.int32(98)],[]
50,disappear,[np.int32(101)],[]
50,disappear,[np.int32(104)],[]
50,disappear,[np.int32(109)],[]
50,disappear,[np.int32(123)],[]
50,disappear,[np.int32(126)],[]
50,disappear,[np.int32(127)],[]
50,disappear,[np.int32(135)],[]
50,disappear,[np.int32(137)],[]
51,appear,[],[np.int32(19)]
51,appear,[],[np.int32(21)]
51,appear,[],[np.int32(33)]
51,appear,[],[np.int32(44)]
51,appear,[],[np.int32(50)]
51,appear,[],[np.int32(53)]
51,appear,[],[np.int32(57)]
51,appear,[],[np.int32(59)]
51,appear,[],[np.int32(61)]
51,appear,[],[np.int32(90)]
51,appear,[],[np.int32(93)]
51,appear,[],[np.int32(95)]
51,appear,[],[np.int32(96)]
51,appear,[],[np.int32(118)]
51,appear,[],[np.int32(125)]
51,appear,[],[np.int32(127)]
51,appear,[],[np.int32(137)]
51,disappear,[np.int32(3)],[]
51,disappear,[np.int32(8)],[]
51,disappear,[np.int32(16)],[]
51,disappear,[np.int32(31)],[]
51,disappear,[np.int32(51)],[]
51,disappear,[np.int32(53)],[]
51,disappear,[np.int32(57)],[]
51,disappear,[np.int32(62)],[]
51,disappear,[np.int32(75)],[]
51,disappear,[np.int32(81)],[]
51,disappear,[np.int32(88)],[]
51,disappear,[np.int32(90)],[]
51,disappear,[np.int32(97)],[]
51,disappear,[np.int32(106)],[]
51,disappear,[np.int32(125)],[]
51,disappear,[np.int32(129)],[]
51,disappear,[np.int32(131)],[]
51,split,[np.int32(133)],"[np.int64(132), np.int64(135)]"
51,disappear,[np.int32(138)],[]
52,appear,[],[np.int32(14)]
52,appear,[],[np.int32(24)]
52,appear,[],[np.int32(31)]
52,appear,[],[np.int32(38)]
52,appear,[],[np.int32(44)]
52,appear,[],[np.int32(50)]
52,appear,[],[np.int32(52)]
52,appear,[],[np.int32(63)]
52,appear,[],[np.int32(64)]
52,appear,[],[np.int32(72)]
52,appear,[],[np.int32(84)]
52,appear,[],[np.int32(86)]
52,appear,[],[np.int32(99)]
52,appear,[],[np.int32(105)]
52,appear,[],[np.int32(121)]
52,appear,[],[np.int32(127)]
52,appear,[],[np.int32(133)]
52,disappear,[np.int32(2)],[]
52,disappear,[np.int32(23)],[]
52,disappear,[np.int32(36)],[]
52,disappear,[np.int32(43)],[]
52,disappear,[np.int32(44)],[]
52,disappear,[np.int32(46)],[]
52,disappear,[np.int32(51)],[]
52,disappear,[np.int32(53)],[]
52,disappear,[np.int32(57)],[]
52,disappear,[np.int32(65)],[]
52,disappear,[np.int32(70)],[]
52,disappear,[np.int32(72)],[]
52,disappear,[np.int32(75)],[]
52,disappear,[np.int32(93)],[]
52,disappear,[np.int32(101)],[]
52,disappear,[np.int32(105)],[]
52,disappear,[np.int32(116)],[]
52,disappear,[np.int32(118)],[]
52,disappear,[np.int32(121)],[]
52,disappear,[np.int32(131)],[]
52,disappear,[np.int32(132)],[]
52,disappear,[np.int32(137)],[]
53,appear,[],[np.int32(2)]
53,appear,[],[np.int32(20)]
53,merge,"[np.int64(33), np.int64(42)]",[np.int32(27)]
53,appear,[],[np.int32(37)]
53,appear,[],[np.int32(38)]
53,appear,[],[np.int32(45)]
53,appear,[],[np.int32(61)]
53,appear,[],[np.int32(69)]
53,appear,[],[np.int32(72)]
53,appear,[],[np.int32(89)]
53,appear,[],[np.int32(92)]
53,appear,[],[np.int32(93)]
53,appear,[],[np.int32(107)]
53,appear,[],[np.int32(111)]
53,appear,[],[np.int32(114)]
53,appear,[],[np.int32(124)]
53,appear,[],[np.int32(127)]
53,disappear,[np.int32(3)],[]
53,disappear,[np.int32(15)],[]
53,disappear,[np.int32(17)],[]
53,disappear,[np.int32(21)],[]
53,disappear,[np.int32(24)],[]
53,disappear,[np.int32(26)],[]
53,disappear,[np.int32(28)],[]
53,disappear,[np.int32(31)],[]
53,disappear,[np.int32(38)],[]
53,disappear,[np.int32(49)],[]
53,disappear,[np.int32(64)],[]
53,disappear,[np.int32(66)],[]
53,disappear,[np.int32(72)],[]
53,disappear,[np.int32(74)],[]
53,disappear,[np.int32(85)],[]
53,disappear,[np.int32(89)],[]
53,disappear,[np.int32(92)],[]
53,disappear,[np.int32(108)],[]
53,disappear,[np.int32(112)],[]
53,split,[np.int32(118)],"[np.int64(110), np.int64(117)]"
53,disappear,[np.int32(125)],[]
53,disappear,[np.int32(127)],[]
53,disappear,[np.int32(133)],[]
54,appear,[],[np.int32(3)]
54,appear,[],[np.int32(17)]
54,appear,[],[np.int32(25)]
54,appear,[],[np.int32(27)]
54,appear,[],[np.int32(29)]
54,appear,[],[np.int32(47)]
54,appear,[],[np.int32(65)]
54,appear,[],[np.int32(67)]
54,appear,[],[np.int32(81)]
54,merge,"[np.int64(83), np.int64(86)]",[np.int32(85)]
54,appear,[],[np.int32(97)]
54,appear,[],[np.int32(101)]
54,appear,[],[np.int32(106)]
54,appear,[],[np.int32(109)]
54,appear,[],[np.int32(110)]
54,appear,[],[np.int32(122)]
54,appear,[],[np.int32(124)]
54,appear,[],[np.int32(128)]
54,appear,[],[np.int32(134)]
54,disappear,[np.int32(20)],[]
54,disappear,[np.int32(30)],[]
54,disappear,[np.int32(39)],[]
54,disappear,[np.int32(45)],[]
54,disappear,[np.int32(46)],[]
54,disappear,[np.int32(52)],[]
54,disappear,[np.int32(87)],[]
54,disappear,[np.int32(89)],[]
54,disappear,[np.int32(107)],[]
54,disappear,[np.int32(111)],[]
54,disappear,[np.int32(112)],[]
54,disappear,[np.int32(114)],[]
55,appear,[],[np.int32(4)]
55,appear,[],[np.int32(7)]
55,appear,[],[np.int32(9)]
55,appear,[],[np.int32(29)]
55,appear,[],[np.int32(32)]
55,appear,[],[np.int32(41)]
55,appear,[],[np.int32(79)]
55,appear,[],[np.int32(91)]
55,appear,[],[np.int32(98)]
55,appear,[],[np.int32(99)]
55,appear,[],[np.int32(112)]
55,appear,[],[np.int32(113)]
55,appear,[],[np.int32(128)]
55,disappear,[np.int32(1)],[]
55,disappear,[np.int32(12)],[]
55,disappear,[np.int32(20)],[]
55,disappear,[np.int32(25)],[]
55,split,[np.int32(53)],"[np.int64(55), np.int64(61)]"
55,disappear,[np.int32(59)],[]
55,disappear,[np.int32(60)],[]
55,disappear,[np.int32(61)],[]
55,disappear,[np.int32(65)],[]
55,split,[np.int32(68)],"[np.int64(67), np.int64(70)]"
55,disappear,[np.int32(83)],[]
55,disappear,[np.int32(92)],[]
55,disappear,[np.int32(94)],[]
55,disappear,[np.int32(99)],[]
55,disappear,[np.int32(109)],[]
55,disappear,[np.int32(110)],[]
55,disappear,[np.int32(114)],[]
55,disappear,[np.int32(115)],[]
55,disappear,[np.int32(128)],[]
56,appear,[],[np.int32(1)]
56,appear,[],[np.int32(2)]
56,appear,[],[np.int32(7)]
56,appear,[],[np.int32(26)]
56,appear,[],[np.int32(32)]
56,appear,[],[np.int32(49)]
56,appear,[],[np.int32(60)]
56,appear,[],[np.int32(69)]
56,appear,[],[np.int32(81)]
56,appear,[],[np.int32(83)]
56,appear,[],[np.int32(89)]
56,appear,[],[np.int32(94)]
56,appear,[],[np.int32(96)]
56,appear,[],[np.int32(98)]
56,appear,[],[np.int32(107)]
56,appear,[],[np.int32(110)]
56,appear,[],[np.int32(122)]
56,appear,[],[np.int32(125)]
56,disappear,[np.int32(7)],[]
56,disappear,[np.int32(29)],[]
56,disappear,[np.int32(31)],[]
56,disappear,[np.int32(32)],[]
56,disappear,[np.int32(42)],[]
56,disappear,[np.int32(48)],[]
56,disappear,[np.int32(66)],[]
56,disappear,[np.int32(69)],[]
56,disappear,[np.int32(70)],[]
56,disappear,[np.int32(79)],[]
56,disappear,[np.int32(80)],[]
56,disappear,[np.int32(96)],[]
56,disappear,[np.int32(98)],[]
56,disappear,[np.int32(103)],[]
56,disappear,[np.int32(111)],[]
56,disappear,[np.int32(112)],[]
56,disappear,[np.int32(122)],[]
56,disappear,[np.int32(123)],[]
57,appear,[],[np.int32(9)]
57,appear,[],[np.int32(19)]
57,appear,[],[np.int32(33)]
57,appear,[],[np.int32(37)]
57,appear,[],[np.int32(44)]
57,appear,[],[np.int32(46)]
57,appear,[],[np.int32(54)]
57,appear,[],[np.int32(65)]
57,appear,[],[np.int32(71)]
57,appear,[],[np.int32(83)]
57,merge,"[np.int64(85), np.int64(98)]",[np.int32(85)]
57,appear,[],[np.int32(90)]
57,appear,[],[np.int32(93)]
57,appear,[],[np.int32(99)]
57,appear,[],[np.int32(112)]
57,disappear,[np.int32(18)],[]
57,disappear,[np.int32(31)],[]
57,disappear,[np.int32(42)],[]
57,disappear,[np.int32(44)],[]
57,disappear,[np.int32(60)],[]
57,disappear,[np.int32(66)],[]
57,disappear,[np.int32(69)],[]
57,disappear,[np.int32(70)],[]
57,disappear,[np.int32(71)],[]
57,disappear,[np.int32(81)],[]
57,disappear,[np.int32(88)],[]
57,disappear,[np.int32(94)],[]
57,disappear,[np.int32(105)],[]
57,disappear,[np.int32(113)],[]
57,disappear,[np.int32(115)],[]
57,disappear,[np.int32(118)],[]
57,disappear,[np.int32(122)],[]
57,disappear,[np.int32(125)],[]
57,disappear,[np.int32(126)],[]
57,disappear,[np.int32(127)],[]
57,disappear,[np.int32(128)],[]
57,disappear,[np.int32(130)],[]
57,disappear,[np.int32(131)],[]
58,appear,[],[np.int32(15)]
58,appear,[],[np.int32(17)]
58,appear,[],[np.int32(23)]
58,appear,[],[np.int32(33)]
58,appear,[],[np.int32(56)]
58,appear,[],[np.int32(63)]
58,appear,[],[np.int32(78)]
58,appear,[],[np.int32(89)]
58,appear,[],[np.int32(92)]
58,appear,[],[np.int32(94)]
58,appear,[],[np.int32(101)]
58,appear,[],[np.int32(103)]
58,appear,[],[np.int32(106)]
58,appear,[],[np.int32(115)]
58,appear,[],[np.int32(116)]
58,appear,[],[np.int32(118)]
58,appear,[],[np.int32(120)]
58,appear,[],[np.int32(121)]
58,disappear,[np.int32(1)],[]
58,disappear,[np.int32(6)],[]
58,disappear,[np.int32(7)],[]
58,disappear,[np.int32(37)],[]
58,disappear,[np.int32(46)],[]
58,disappear,[np.int32(47)],[]
58,disappear,[np.int32(51)],[]
58,disappear,[np.int32(59)],[]
58,disappear,[np.int32(76)],[]
58,disappear,[np.int32(83)],[]
58,split,[np.int32(84)],"[np.int64(82), np.int64(85)]"
58,disappear,[np.int32(90)],[]
58,disappear,[np.int32(91)],[]
58,disappear,[np.int32(92)],[]
58,disappear,[np.int32(93)],[]
58,disappear,[np.int32(96)],[]
58,disappear,[np.int32(105)],[]
59,appear,[],[np.int32(1)]
59,appear,[],[np.int32(4)]
59,appear,[],[np.int32(6)]
59,appear,[],[np.int32(26)]
59,appear,[],[np.int32(35)]
59,appear,[],[np.int32(39)]
59,appear,[],[np.int32(46)]
59,appear,[],[np.int32(50)]
59,appear,[],[np.int32(57)]
59,appear,[],[np.int32(77)]
59,appear,[],[np.int32(84)]
59,appear,[],[np.int32(87)]
59,appear,[],[np.int32(89)]
59,appear,[],[np.int32(92)]
59,appear,[],[np.int32(103)]
59,appear,[],[np.int32(108)]
59,appear,[],[np.int32(112)]
59,appear,[],[np.int32(120)]
59,appear,[],[np.int32(122)]
59,disappear,[np.int32(1)],[]
59,disappear,[np.int32(17)],[]
59,disappear,[np.int32(33)],[]
59,disappear,[np.int32(34)],[]
59,disappear,[np.int32(35)],[]
59,disappear,[np.int32(43)],[]
59,disappear,[np.int32(50)],[]
59,disappear,[np.int32(61)],[]
59,disappear,[np.int32(62)],[]
59,disappear,[np.int32(63)],[]
59,disappear,[np.int32(78)],[]
59,disappear,[np.int32(79)],[]
59,disappear,[np.int32(92)],[]
59,disappear,[np.int32(95)],[]
59,disappear,[np.int32(101)],[]
59,disappear,[np.int32(106)],[]
59,disappear,[np.int32(115)],[]
59,disappear,[np.int32(118)],[]
59,disappear,[np.int32(120)],[]
59,disappear,[np.int32(121)],[]
59,disappear,[np.int32(123)],[]
60,appear,[],[np.int32(17)]
60,appear,[],[np.int32(32)]
60,appear,[],[np.int32(33)]
60,appear,[],[np.int32(34)]
60,appear,[],[np.int32(35)]
60,appear,[],[np.int32(45)]
60,appear,[],[np.int32(50)]
60,appear,[],[np.int32(53)]
60,appear,[],[np.int32(65)]
60,appear,[],[np.int32(66)]
60,appear,[],[np.int32(72)]
60,appear,[],[np.int32(73)]
60,appear,[],[np.int32(79)]
60,appear,[],[np.int32(81)]
60,appear,[],[np.int32(90)]
60,appear,[],[np.int32(92)]
60,appear,[],[np.int32(94)]
60,appear,[],[np.int32(96)]
60,appear,[],[np.int32(101)]
60,appear,[],[np.int32(108)]
60,appear,[],[np.int32(116)]
60,appear,[],[np.int32(119)]
60,appear,[],[np.int32(121)]
60,disappear,[np.int32(6)],[]
60,disappear,[np.int32(14)],[]
60,disappear,[np.int32(26)],[]
60,disappear,[np.int32(33)],[]
60,disappear,[np.int32(35)],[]
60,disappear,[np.int32(37)],[]
60,split,[np.int32(38)],"[np.int64(37), np.int64(40)]"
60,disappear,[np.int32(52)],[]
60,disappear,[np.int32(63)],[]
60,disappear,[np.int32(69)],[]
60,disappear,[np.int32(70)],[]
60,disappear,[np.int32(77)],[]
60,disappear,[np.int32(83)],[]
60,disappear,[np.int32(84)],[]
60,disappear,[np.int32(87)],[]
60,disappear,[np.int32(89)],[]
60,disappear,[np.int32(92)],[]
60,disappear,[np.int32(93)],[]
60,disappear,[np.int32(94)],[]
60,disappear,[np.int32(95)],[]
60,disappear,[np.int32(110)],[]
60,disappear,[np.int32(111)],[]
60,disappear,[np.int32(117)],[]
60,disappear,[np.int32(120)],[]
61,appear,[],[np.int32(15)]
61,appear,[],[np.int32(31)]
61,appear,[],[np.int32(54)]
61,appear,[],[np.int32(56)]
61,appear,[],[np.int32(61)]
61,appear,[],[np.int32(67)]
61,appear,[],[np.int32(68)]
61,merge,"[np.int64(110), np.int64(116)]",[np.int32(102)]
61,appear,[],[np.int32(104)]
61,appear,[],[np.int32(107)]
61,appear,[],[np.int32(108)]
61,appear,[],[np.int32(111)]
61,appear,[],[np.int32(112)]
61,appear,[],[np.int32(113)]
61,appear,[],[np.int32(118)]
61,disappear,[np.int32(1)],[]
61,disappear,[np.int32(17)],[]
61,disappear,[np.int32(34)],[]
61,disappear,[np.int32(44)],[]
61,disappear,[np.int32(45)],[]
61,disappear,[np.int32(50)],[]
61,disappear,[np.int32(51)],[]
61,disappear,[np.int32(53)],[]
61,disappear,[np.int32(59)],[]
61,disappear,[np.int32(63)],[]
61,disappear,[np.int32(72)],[]
61,disappear,[np.int32(73)],[]
61,disappear,[np.int32(92)],[]
61,disappear,[np.int32(94)],[]
61,disappear,[np.int32(103)],[]
61,split,[np.int32(113)],"[np.int64(105), np.int64(114)]"
61,disappear,[np.int32(115)],[]
61,disappear,[np.int32(120)],[]
62,appear,[],[np.int32(9)]
62,appear,[],[np.int32(28)]
62,appear,[],[np.int32(31)]
62,appear,[],[np.int32(43)]
62,appear,[],[np.int32(50)]
62,appear,[],[np.int32(51)]
62,appear,[],[np.int32(56)]
62,appear,[],[np.int32(62)]
62,appear,[],[np.int32(69)]
62,appear,[],[np.int32(81)]
62,appear,[],[np.int32(82)]
62,appear,[],[np.int32(87)]
62,appear,[],[np.int32(89)]
62,appear,[],[np.int32(90)]
62,appear,[],[np.int32(92)]
62,appear,[],[np.int32(93)]
62,appear,[],[np.int32(94)]
62,appear,[],[np.int32(103)]
62,appear,[],[np.int32(118)]
62,appear,[],[np.int32(122)]
62,appear,[],[np.int32(123)]
62,disappear,[np.int32(19)],[]
62,disappear,[np.int32(22)],[]
62,disappear,[np.int32(28)],[]
62,disappear,[np.int32(29)],[]
62,disappear,[np.int32(30)],[]
62,disappear,[np.int32(31)],[]
62,disappear,[np.int32(33)],[]
62,disappear,[np.int32(54)],[]
62,split,[np.int32(64)],"[np.int64(64), np.int64(65)]"
62,disappear,[np.int32(68)],[]
62,disappear,[np.int32(72)],[]
62,disappear,[np.int32(74)],[]
62,disappear,[np.int32(98)],[]
62,disappear,[np.int32(112)],[]
62,disappear,[np.int32(114)],[]
62,disappear,[np.int32(118)],[]
63,appear,[],[np.int32(1)]
63,appear,[],[np.int32(7)]
63,appear,[],[np.int32(17)]
63,appear,[],[np.int32(21)]
63,appear,[],[np.int32(25)]
63,appear,[],[np.int32(27)]
63,appear,[],[np.int32(29)]
63,appear,[],[np.int32(37)]
63,appear,[],[np.int32(38)]
63,appear,[],[np.int32(46)]
63,appear,[],[np.int32(56)]
63,merge,"[np.int64(64), np.int64(65)]",[np.int32(63)]
63,appear,[],[np.int32(66)]
63,appear,[],[np.int32(73)]
63,appear,[],[np.int32(75)]
63,appear,[],[np.int32(83)]
63,appear,[],[np.int32(101)]
63,appear,[],[np.int32(111)]
63,appear,[],[np.int32(114)]
63,disappear,[np.int32(7)],[]
63,disappear,[np.int32(9)],[]
63,disappear,[np.int32(17)],[]
63,disappear,[np.int32(23)],[]
63,disappear,[np.int32(26)],[]
63,disappear,[np.int32(28)],[]
63,disappear,[np.int32(31)],[]
63,disappear,[np.int32(36)],[]
63,disappear,[np.int32(39)],[]
63,disappear,[np.int32(54)],[]
63,disappear,[np.int32(56)],[]
63,disappear,[np.int32(62)],[]
63,disappear,[np.int32(68)],[]
63,disappear,[np.int32(81)],[]
63,disappear,[np.int32(89)],[]
63,disappear,[np.int32(92)],[]
63,disappear,[np.int32(94)],[]
63,disappear,[np.int32(104)],[]
63,disappear,[np.int32(113)],[]
63,disappear,[np.int32(122)],[]
63,disappear,[np.int32(125)],[]
64,appear,[],[np.int32(2)]
64,appear,[],[np.int32(17)]
64,appear,[],[np.int32(23)]
64,appear,[],[np.int32(27)]
64,appear,[],[np.int32(28)]
64,appear,[],[np.int32(31)]
64,appear,[],[np.int32(34)]
64,appear,[],[np.int32(36)]
64,appear,[],[np.int32(46)]
64,appear,[],[np.int32(60)]
64,appear,[],[np.int32(63)]
64,appear,[],[np.int32(68)]
64,appear,[],[np.int32(70)]
64,appear,[],[np.int32(73)]
64,appear,[],[np.int32(80)]
64,appear,[],[np.int32(98)]
64,appear,[],[np.int32(100)]
64,appear,[],[np.int32(101)]
64,appear,[],[np.int32(104)]
64,appear,[],[np.int32(109)]
64,merge,"[np.int64(110), np.int64(116)]",[np.int32(120)]
64,appear,[],[np.int32(125)]
64,disappear,[np.int32(7)],[]
64,disappear,[np.int32(18)],[]
64,disappear,[np.int32(20)],[]
64,disappear,[np.int32(27)],[]
64,disappear,[np.int32(73)],[]
64,disappear,[np.int32(75)],[]
64,disappear,[np.int32(83)],[]
64,disappear,[np.int32(101)],[]
64,disappear,[np.int32(102)],[]
64,disappear,[np.int32(108)],[]
64,disappear,[np.int32(115)],[]
64,disappear,[np.int32(117)],[]
64,disappear,[np.int32(118)],[]
65,appear,[],[np.int32(2)]
65,appear,[],[np.int32(5)]
65,appear,[],[np.int32(15)]
65,appear,[],[np.int32(17)]
65,appear,[],[np.int32(29)]
65,appear,[],[np.int32(30)]
65,appear,[],[np.int32(59)]
65,appear,[],[np.int32(63)]
65,appear,[],[np.int32(82)]
65,appear,[],[np.int32(89)]
65,appear,[],[np.int32(91)]
65,merge,"[np.int64(97), np.int64(105)]",[np.int32(97)]
65,appear,[],[np.int32(110)]
65,appear,[],[np.int32(112)]
65,appear,[],[np.int32(123)]
65,appear,[],[np.int32(126)]
65,appear,[],[np.int32(129)]
65,disappear,[np.int32(12)],[]
65,disappear,[np.int32(17)],[]
65,disappear,[np.int32(27)],[]
65,disappear,[np.int32(28)],[]
65,disappear,[np.int32(39)],[]
65,disappear,[np.int32(44)],[]
65,disappear,[np.int32(60)],[]
65,disappear,[np.int32(63)],[]
65,disappear,[np.int32(64)],[]
65,disappear,[np.int32(67)],[]
65,disappear,[np.int32(76)],[]
65,disappear,[np.int32(101)],[]
65,disappear,[np.int32(110)],[]
65,disappear,[np.int32(124)],[]
66,appear,[],[np.int32(9)]
66,appear,[],[np.int32(20)]
66,appear,[],[np.int32(38)]
66,appear,[],[np.int32(44)]
66,appear,[],[np.int32(72)]
66,appear,[],[np.int32(78)]
66,appear,[],[np.int32(81)]
66,appear,[],[np.int32(100)]
66,merge,"[np.int64(111), np.int64(121)]",[np.int32(105)]
66,appear,[],[np.int32(115)]
66,appear,[],[np.int32(120)]
66,appear,[],[np.int32(124)]
66,disappear,[np.int32(17)],[]
66,disappear,[np.int32(23)],[]
66,disappear,[np.int32(34)],[]
66,disappear,[np.int32(43)],[]
66,disappear,[np.int32(56)],[]
66,disappear,[np.int32(68)],[]
66,disappear,[np.int32(77)],[]
66,disappear,[np.int32(82)],[]
66,disappear,[np.int32(85)],[]
66,disappear,[np.int32(89)],[]
66,disappear,[np.int32(93)],[]
66,disappear,[np.int32(94)],[]
66,disappear,[np.int32(100)],[]
66,disappear,[np.int32(110)],[]
66,disappear,[np.int32(112)],[]
66,disappear,[np.int32(125)],[]
66,disappear,[np.int32(127)],[]
67,appear,[],[np.int32(18)]
67,appear,[],[np.int32(20)]
67,appear,[],[np.int32(24)]
67,appear,[],[np.int32(34)]
67,appear,[],[np.int32(47)]
67,appear,[],[np.int32(58)]
67,appear,[],[np.int32(65)]
67,appear,[],[np.int32(68)]
67,appear,[],[np.int32(84)]
67,appear,[],[np.int32(87)]
67,merge,"[np.int64(89), np.int64(102)]",[np.int32(90)]
67,appear,[],[np.int32(101)]
67,appear,[],[np.int32(110)]
67,disappear,[np.int32(19)],[]
67,disappear,[np.int32(20)],[]
67,disappear,[np.int32(30)],[]
67,disappear,[np.int32(35)],[]
67,disappear,[np.int32(37)],[]
67,disappear,[np.int32(38)],[]
67,disappear,[np.int32(44)],[]
67,disappear,[np.int32(56)],[]
67,disappear,[np.int32(82)],[]
67,disappear,[np.int32(90)],[]
67,disappear,[np.int32(94)],[]
67,disappear,[np.int32(95)],[]
67,disappear,[np.int32(104)],[]
67,disappear,[np.int32(107)],[]
67,disappear,[np.int32(117)],[]
67,disappear,[np.int32(123)],[]
68,appear,[],[np.int32(29)]
68,appear,[],[np.int32(30)]
68,appear,[],[np.int32(34)]
68,appear,[],[np.int32(40)]
68,appear,[],[np.int32(54)]
68,appear,[],[np.int32(78)]
68,appear,[],[np.int32(97)]
68,appear,[],[np.int32(98)]
68,appear,[],[np.int32(102)]
68,disappear,[np.int32(11)],[]
68,disappear,[np.int32(18)],[]
68,disappear,[np.int32(32)],[]
68,disappear,[np.int32(35)],[]
68,disappear,[np.int32(53)],[]
68,disappear,[np.int32(55)],[]
68,disappear,[np.int32(65)],[]
68,disappear,[np.int32(80)],[]
68,disappear,[np.int32(81)],[]
68,disappear,[np.int32(89)],[]
68,split,[np.int32(92)],"[np.int64(88), np.int64(94)]"
68,disappear,[np.int32(94)],[]
68,disappear,[np.int32(105)],[]
68,disappear,[np.int32(113)],[]
68,disappear,[np.int32(118)],[]
69,appear,[],[np.int32(10)]
69,appear,[],[np.int32(36)]
69,appear,[],[np.int32(50)]
69,appear,[],[np.int32(63)]
69,appear,[],[np.int32(72)]
69,appear,[],[np.int32(75)]
69,appear,[],[np.int32(76)]
69,appear,[],[np.int32(77)]
69,appear,[],[np.int32(85)]
69,appear,[],[np.int32(105)]
69,appear,[],[np.int32(109)]
69,appear,[],[np.int32(111)]
69,appear,[],[np.int32(115)]
69,appear,[],[np.int32(118)]
69,disappear,[np.int32(4)],[]
69,disappear,[np.int32(24)],[]
69,disappear,[np.int32(31)],[]
69,disappear,[np.int32(33)],[]
69,disappear,[np.int32(47)],[]
69,disappear,[np.int32(54)],[]
69,disappear,[np.int32(58)],[]
69,disappear,[np.int32(67)],[]
69,disappear,[np.int32(78)],[]
69,split,[np.int32(87)],"[np.int64(87), np.int64(95)]"
69,disappear,[np.int32(95)],[]
69,disappear,[np.int32(96)],[]
69,disappear,[np.int32(102)],[]
69,disappear,[np.int32(110)],[]
70,appear,[],[np.int32(36)]
70,appear,[],[np.int32(37)]
70,appear,[],[np.int32(44)]
70,appear,[],[np.int32(54)]
70,appear,[],[np.int32(59)]
70,appear,[],[np.int32(68)]
70,appear,[],[np.int32(77)]
70,appear,[],[np.int32(106)]
70,appear,[],[np.int32(107)]
70,disappear,[np.int32(10)],[]
70,disappear,[np.int32(34)],[]
70,disappear,[np.int32(38)],[]
70,disappear,[np.int32(66)],[]
70,disappear,[np.int32(72)],[]
70,disappear,[np.int32(77)],[]
70,disappear,[np.int32(87)],[]
70,disappear,[np.int32(94)],[]
70,disappear,[np.int32(96)],[]
70,disappear,[np.int32(105)],[]
70,disappear,[np.int32(111)],[]
70,disappear,[np.int32(116)],[]
71,appear,[],[np.int32(4)]
71,appear,[],[np.int32(11)]
71,appear,[],[np.int32(20)]
71,appear,[],[np.int32(21)]
71,appear,[],[np.int32(33)]
71,appear,[],[np.int32(35)]
71,appear,[],[np.int32(43)]
71,appear,[],[np.int32(44)]
71,appear,[],[np.int32(60)]
71,appear,[],[np.int32(65)]
71,appear,[],[np.int32(72)]
71,appear,[],[np.int32(75)]
71,appear,[],[np.int32(85)]
71,appear,[],[np.int32(101)]
71,appear,[],[np.int32(102)]
71,appear,[],[np.int32(115)]
71,appear,[],[np.int32(117)]
71,disappear,[np.int32(42)],[]
71,split,[np.int32(46)],"[np.int64(54), np.int64(57)]"
71,disappear,[np.int32(50)],[]
71,disappear,[np.int32(63)],[]
71,disappear,[np.int32(65)],[]
71,disappear,[np.int32(66)],[]
71,disappear,[np.int32(70)],[]
71,disappear,[np.int32(77)],[]
71,disappear,[np.int32(107)],[]
72,appear,[],[np.int32(9)]
72,appear,[],[np.int32(24)]
72,appear,[],[np.int32(51)]
72,appear,[],[np.int32(65)]
72,appear,[],[np.int32(66)]
72,appear,[],[np.int32(93)]
72,appear,[],[np.int32(97)]
72,appear,[],[np.int32(102)]
72,appear,[],[np.int32(104)]
72,appear,[],[np.int32(109)]
72,appear,[],[np.int32(110)]
72,appear,[],[np.int32(111)]
72,disappear,[np.int32(4)],[]
72,disappear,[np.int32(10)],[]
72,disappear,[np.int32(11)],[]
72,disappear,[np.int32(20)],[]
72,disappear,[np.int32(33)],[]
72,disappear,[np.int32(35)],[]
72,disappear,[np.int32(43)],[]
72,disappear,[np.int32(44)],[]
72,disappear,[np.int32(47)],[]
72,disappear,[np.int32(60)],[]
72,disappear,[np.int32(62)],[]
72,disappear,[np.int32(65)],[]
72,disappear,[np.int32(82)],[]
72,disappear,[np.int32(85)],[]
72,disappear,[np.int32(101)],[]
72,disappear,[np.int32(103)],[]
72,disappear,[np.int32(111)],[]
72,disappear,[np.int32(113)],[]
72,disappear,[np.int32(114)],[]
72,disappear,[np.int32(121)],[]
73,appear,[],[np.int32(8)]
73,appear,[],[np.int32(11)]
73,appear,[],[np.int32(18)]
73,appear,[],[np.int32(35)]
73,appear,[],[np.int32(40)]
73,appear,[],[np.int32(43)]
73,appear,[],[np.int32(47)]
73,appear,[],[np.int32(53)]
73,appear,[],[np.int32(58)]
73,appear,[],[np.int32(62)]
73,appear,[],[np.int32(82)]
73,appear,[],[np.int32(97)]
73,appear,[],[np.int32(108)]
73,appear,[],[np.int32(110)]
73,appear,[],[np.int32(118)]
73,disappear,[np.int32(5)],[]
73,disappear,[np.int32(9)],[]
73,disappear,[np.int32(24)],[]
73,disappear,[np.int32(40)],[]
73,disappear,[np.int32(65)],[]
73,disappear,[np.int32(84)],[]
73,disappear,[np.int32(102)],[]
73,disappear,[np.int32(105)],[]
73,disappear,[np.int32(109)],[]
73,disappear,[np.int32(111)],[]
73,disappear,[np.int32(115)],[]
74,appear,[],[np.int32(6)]
74,appear,[],[np.int32(29)]
74,appear,[],[np.int32(38)]
74,appear,[],[np.int32(39)]
74,appear,[],[np.int32(91)]
74,disappear,[np.int32(6)],[]
74,disappear,[np.int32(7)],[]
74,disappear,[np.int32(11)],[]
74,disappear,[np.int32(18)],[]
74,disappear,[np.int32(40)],[]
74,disappear,[np.int32(41)],[]
74,disappear,[np.int32(44)],[]
74,disappear,[np.int32(47)],[]
74,disappear,[np.int32(58)],[]
74,disappear,[np.int32(60)],[]
74,disappear,[np.int32(61)],[]
74,disappear,[np.int32(64)],[]
74,split,[np.int32(65)],"[np.int64(57), np.int64(63)]"
74,disappear,[np.int32(97)],[]
74,disappear,[np.int32(101)],[]
74,disappear,[np.int32(103)],[]
74,disappear,[np.int32(113)],[]
75,appear,[],[np.int32(4)]
75,appear,[],[np.int32(8)]
75,appear,[],[np.int32(9)]
75,merge,"[np.int64(7), np.int64(8)]",[np.int32(10)]
75,appear,[],[np.int32(11)]
75,appear,[],[np.int32(19)]
75,appear,[],[np.int32(26)]
75,appear,[],[np.int32(27)]
75,appear,[],[np.int32(43)]
75,appear,[],[np.int32(45)]
75,appear,[],[np.int32(60)]
75,appear,[],[np.int32(84)]
75,appear,[],[np.int32(88)]
75,appear,[],[np.int32(89)]
75,appear,[],[np.int32(98)]
75,disappear,[np.int32(40)],[]
75,disappear,[np.int32(41)],[]
75,disappear,[np.int32(77)],[]
75,disappear,[np.int32(79)],[]
75,disappear,[np.int32(82)],[]
75,split,[np.int32(86)],"[np.int64(93), np.int64(101)]"
75,disappear,[np.int32(91)],[]
75,disappear,[np.int32(105)],[]
75,disappear,[np.int32(108)],[]
76,appear,[],[np.int32(21)]
76,appear,[],[np.int32(22)]
76,appear,[],[np.int32(38)]
76,appear,[],[np.int32(42)]
76,appear,[],[np.int32(85)]
76,appear,[],[np.int32(93)]
76,appear,[],[np.int32(98)]
76,appear,[],[np.int32(106)]
76,appear,[],[np.int32(107)]
76,appear,[],[np.int32(109)]
76,appear,[],[np.int32(112)]
76,appear,[],[np.int32(113)]
76,appear,[],[np.int32(118)]
76,disappear,[np.int32(4)],[]
76,disappear,[np.int32(8)],[]
76,disappear,[np.int32(9)],[]
76,disappear,[np.int32(11)],[]
76,disappear,[np.int32(19)],[]
76,disappear,[np.int32(21)],[]
76,disappear,[np.int32(26)],[]
76,disappear,[np.int32(28)],[]
76,disappear,[np.int32(44)],[]
76,disappear,[np.int32(54)],[]
76,disappear,[np.int32(89)],[]
77,appear,[],[np.int32(6)]
77,appear,[],[np.int32(9)]
77,appear,[],[np.int32(47)]
77,appear,[],[np.int32(80)]
77,split,[np.int32(12)],"[np.int64(12), np.int64(15)]"
77,disappear,[np.int32(22)],[]
77,disappear,[np.int32(30)],[]
77,disappear,[np.int32(36)],[]
77,disappear,[np.int32(42)],[]
77,disappear,[np.int32(47)],[]
77,disappear,[np.int32(56)],[]
77,disappear,[np.int32(77)],[]
77,disappear,[np.int32(85)],[]
77,disappear,[np.int32(90)],[]
77,disappear,[np.int32(93)],[]
77,disappear,[np.int32(107)],[]
78,appear,[],[np.int32(17)]
78,appear,[],[np.int32(24)]
78,appear,[],[np.int32(34)]
78,appear,[],[np.int32(54)]
78,appear,[],[np.int32(80)]
78,appear,[],[np.int32(83)]
78,appear,[],[np.int32(85)]
78,appear,[],[np.int32(99)]
78,appear,[],[np.int32(106)]
78,disappear,[np.int32(9)],[]
78,disappear,[np.int32(24)],[]
78,disappear,[np.int32(38)],[]
78,disappear,[np.int32(39)],[]
78,disappear,[np.int32(40)],[]
78,disappear,[np.int32(47)],[]
78,disappear,[np.int32(75)],[]
78,disappear,[np.int32(80)],[]
78,disappear,[np.int32(84)],[]
78,disappear,[np.int32(107)],[]
78,disappear,[np.int32(112)],[]
79,appear,[],[np.int32(15)]
79,appear,[],[np.int32(21)]
79,appear,[],[np.int32(24)]
79,appear,[],[np.int32(36)]
79,appear,[],[np.int32(39)]
79,appear,[],[np.int32(40)]
79,appear,[],[np.int32(41)]
79,appear,[],[np.int32(43)]
79,appear,[],[np.int32(48)]
79,appear,[],[np.int32(75)]
79,appear,[],[np.int32(76)]
79,appear,[],[np.int32(82)]
79,disappear,[np.int32(4)],[]
79,disappear,[np.int32(10)],[]
79,disappear,[np.int32(17)],[]
79,disappear,[np.int32(38)],[]
79,disappear,[np.int32(39)],[]
79,disappear,[np.int32(53)],[]
79,disappear,[np.int32(64)],[]
79,disappear,[np.int32(80)],[]
79,disappear,[np.int32(94)],[]
79,disappear,[np.int32(99)],[]
80,appear,[],[np.int32(3)]
80,appear,[],[np.int32(5)]
80,appear,[],[np.int32(9)]
80,appear,[],[np.int32(14)]
80,appear,[],[np.int32(18)]
80,appear,[],[np.int32(40)]
80,appear,[],[np.int32(43)]
80,appear,[],[np.int32(58)]
80,appear,[],[np.int32(59)]
80,appear,[],[np.int32(88)]
80,appear,[],[np.int32(115)]
80,disappear,[np.int32(2)],[]
80,disappear,[np.int32(20)],[]
80,disappear,[np.int32(24)],[]
80,disappear,[np.int32(36)],[]
80,disappear,[np.int32(48)],[]
80,split,[np.int32(53)],"[np.int64(56), np.int64(60)]"
80,disappear,[np.int32(63)],[]
80,disappear,[np.int32(66)],[]
80,disappear,[np.int32(75)],[]
81,merge,"[np.int64(20), np.int64(24)]",[np.int32(18)]
81,appear,[],[np.int32(27)]
81,appear,[],[np.int32(34)]
81,appear,[],[np.int32(71)]
81,disappear,[np.int32(3)],[]
81,disappear,[np.int32(12)],[]
81,disappear,[np.int32(29)],[]
81,disappear,[np.int32(56)],[]
81,disappear,[np.int32(57)],[]
81,disappear,[np.int32(58)],[]
81,disappear,[np.int32(59)],[]
81,disappear,[np.int32(63)],[]
81,disappear,[np.int32(95)],[]
81,disappear,[np.int32(104)],[]
81,disappear,[np.int32(115)],[]
82,appear,[],[np.int32(16)]
82,appear,[],[np.int32(21)]
82,appear,[],[np.int32(25)]
82,appear,[],[np.int32(43)]
82,appear,[],[np.int32(49)]
82,appear,[],[np.int32(50)]
82,appear,[],[np.int32(51)]
82,appear,[],[np.int32(54)]
82,merge,"[np.int64(72), np.int64(79)]",[np.int32(68)]
82,appear,[],[np.int32(88)]
82,appear,[],[np.int32(89)]
82,appear,[],[np.int32(100)]
82,appear,[],[np.int32(103)]
82,disappear,[np.int32(8)],[]
82,disappear,[np.int32(16)],[]
82,disappear,[np.int32(23)],[]
82,disappear,[np.int32(25)],[]
82,disappear,[np.int32(27)],[]
82,disappear,[np.int32(29)],[]
82,disappear,[np.int32(37)],[]
82,disappear,[np.int32(38)],[]
82,disappear,[np.int32(42)],[]
82,disappear,[np.int32(56)],[]
82,disappear,[np.int32(63)],[]
82,disappear,[np.int32(71)],[]
82,disappear,[np.int32(75)],[]
82,disappear,[np.int32(80)],[]
82,disappear,[np.int32(91)],[]
82,disappear,[np.int32(102)],[]
83,appear,[],[np.int32(7)]
83,appear,[],[np.int32(22)]
83,appear,[],[np.int32(23)]
83,appear,[],[np.int32(24)]
83,appear,[],[np.int32(25)]
83,appear,[],[np.int32(34)]
83,appear,[],[np.int32(35)]
83,appear,[],[np.int32(44)]
83,appear,[],[np.int32(48)]
83,appear,[],[np.int32(53)]
83,appear,[],[np.int32(68)]
83,appear,[],[np.int32(87)]
83,appear,[],[np.int32(89)]
83,disappear,[np.int32(8)],[]
83,disappear,[np.int32(16)],[]
83,disappear,[np.int32(22)],[]
83,disappear,[np.int32(25)],[]
83,disappear,[np.int32(31)],[]
83,disappear,[np.int32(34)],[]
83,disappear,[np.int32(35)],[]
83,disappear,[np.int32(41)],[]
83,disappear,[np.int32(43)],[]
83,disappear,[np.int32(49)],[]
83,disappear,[np.int32(82)],[]
83,disappear,[np.int32(87)],[]
83,disappear,[np.int32(88)],[]
84,appear,[],[np.int32(4)]
84,appear,[],[np.int32(21)]
84,appear,[],[np.int32(23)]
84,appear,[],[np.int32(24)]
84,appear,[],[np.int32(30)]
84,appear,[],[np.int32(33)]
84,appear,[],[np.int32(38)]
84,appear,[],[np.int32(63)]
84,appear,[],[np.int32(80)]
84,appear,[],[np.int32(82)]
84,appear,[],[np.int32(85)]
84,appear,[],[np.int32(96)]
84,appear,[],[np.int32(97)]
84,appear,[],[np.int32(99)]
84,disappear,[np.int32(2)],[]
84,disappear,[np.int32(15)],[]
84,disappear,[np.int32(20)],[]
84,disappear,[np.int32(22)],[]
84,disappear,[np.int32(24)],[]
84,disappear,[np.int32(25)],[]
84,disappear,[np.int32(34)],[]
84,disappear,[np.int32(35)],[]
84,disappear,[np.int32(48)],[]
84,disappear,[np.int32(50)],[]
84,disappear,[np.int32(53)],[]
84,disappear,[np.int32(62)],[]
84,split,[np.int32(72)],"[np.int64(68), np.int64(76)]"
84,disappear,[np.int32(76)],[]
84,disappear,[np.int32(82)],[]
84,disappear,[np.int32(89)],[]
84,disappear,[np.int32(100)],[]
85,appear,[],[np.int32(3)]
85,appear,[],[np.int32(15)]
85,appear,[],[np.int32(16)]
85,appear,[],[np.int32(21)]
85,appear,[],[np.int32(22)]
85,appear,[],[np.int32(24)]
85,appear,[],[np.int32(25)]
85,appear,[],[np.int32(37)]
85,appear,[],[np.int32(41)]
85,appear,[],[np.int32(44)]
85,appear,[],[np.int32(50)]
85,appear,[],[np.int32(53)]
85,appear,[],[np.int32(55)]
85,appear,[],[np.int32(62)]
85,appear,[],[np.int32(63)]
85,appear,[],[np.int32(77)]
85,appear,[],[np.int32(82)]
85,appear,[],[np.int32(101)]
85,appear,[],[np.int32(104)]
85,disappear,[np.int32(10)],[]
85,disappear,[np.int32(20)],[]
85,disappear,[np.int32(24)],[]
85,disappear,[np.int32(26)],[]
85,disappear,[np.int32(36)],[]
85,disappear,[np.int32(44)],[]
85,disappear,[np.int32(46)],[]
85,disappear,[np.int32(63)],[]
85,disappear,[np.int32(70)],[]
85,disappear,[np.int32(71)],[]
85,disappear,[np.int32(82)],[]
85,disappear,[np.int32(83)],[]
85,disappear,[np.int32(96)],[]
85,disappear,[np.int32(98)],[]
86,appear,[],[np.int32(2)]
86,appear,[],[np.int32(19)]
86,appear,[],[np.int32(25)]
86,appear,[],[np.int32(26)]
86,appear,[],[np.int32(31)]
86,merge,"[np.int64(49), np.int64(50)]",[np.int32(50)]
86,appear,[],[np.int32(52)]
86,appear,[],[np.int32(71)]
86,appear,[],[np.int32(77)]
86,appear,[],[np.int32(78)]
86,appear,[],[np.int32(87)]
86,appear,[],[np.int32(91)]
86,appear,[],[np.int32(106)]
86,split,[np.int32(6)],"[np.int64(7), np.int64(10)]"
86,disappear,[np.int32(16)],[]
86,disappear,[np.int32(21)],[]
86,disappear,[np.int32(22)],[]
86,disappear,[np.int32(25)],[]
86,disappear,[np.int32(44)],[]
86,disappear,[np.int32(63)],[]
86,disappear,[np.int32(71)],[]
86,disappear,[np.int32(77)],[]
86,disappear,[np.int32(101)],[]
86,disappear,[np.int32(103)],[]
87,appear,[],[np.int32(8)]
87,appear,[],[np.int32(16)]
87,appear,[],[np.int32(22)]
87,appear,[],[np.int32(23)]
87,appear,[],[np.int32(26)]
87,appear,[],[np.int32(46)]
87,appear,[],[np.int32(75)]
87,appear,[],[np.int32(85)]
87,appear,[],[np.int32(94)]
87,appear,[],[np.int32(95)]
87,appear,[],[np.int32(97)]
87,disappear,[np.int32(2)],[]
87,disappear,[np.int32(7)],[]
87,disappear,[np.int32(17)],[]
87,disappear,[np.int32(23)],[]
87,disappear,[np.int32(56)],[]
87,disappear,[np.int32(57)],[]
87,disappear,[np.int32(64)],[]
87,disappear,[np.int32(65)],[]
87,disappear,[np.int32(71)],[]
87,split,[np.int32(74)],"[np.int64(71), np.int64(76)]"
87,disappear,[np.int32(106)],[]
88,appear,[],[np.int32(14)]
88,appear,[],[np.int32(23)]
88,appear,[],[np.int32(34)]
88,appear,[],[np.int32(38)]
88,appear,[],[np.int32(50)]
88,appear,[],[np.int32(65)]
88,appear,[],[np.int32(87)]
88,merge,"[np.int64(92), np.int64(95)]",[np.int32(88)]
88,merge,"[np.int64(101), np.int64(103)]",[np.int32(95)]
88,appear,[],[np.int32(100)]
88,disappear,[np.int32(22)],[]
88,disappear,[np.int32(23)],[]
88,disappear,[np.int32(24)],[]
88,disappear,[np.int32(25)],[]
88,disappear,[np.int32(26)],[]
88,disappear,[np.int32(27)],[]
88,disappear,[np.int32(32)],[]
88,disappear,[np.int32(53)],[]
88,disappear,[np.int32(55)],[]
88,disappear,[np.int32(71)],[]
88,disappear,[np.int32(85)],[]
88,disappear,[np.int32(97)],[]
88,disappear,[np.int32(108)],[]
89,appear,[],[np.int32(2)]
89,appear,[],[np.int32(20)]
89,appear,[],[np.int32(21)]
89,appear,[],[np.int32(22)]
89,appear,[],[np.int32(23)]
89,appear,[],[np.int32(41)]
89,appear,[],[np.int32(50)]
89,appear,[],[np.int32(54)]
89,appear,[],[np.int32(65)]
89,appear,[],[np.int32(100)]
89,appear,[],[np.int32(102)]
89,disappear,[np.int32(9)],[]
89,disappear,[np.int32(14)],[]
89,disappear,[np.int32(16)],[]
89,disappear,[np.int32(17)],[]
89,disappear,[np.int32(23)],[]
89,disappear,[np.int32(44)],[]
89,disappear,[np.int32(56)],[]
89,disappear,[np.int32(64)],[]
89,disappear,[np.int32(70)],[]
89,disappear,[np.int32(78)],[]
89,disappear,[np.int32(86)],[]
90,appear,[],[np.int32(12)]
90,appear,[],[np.int32(15)]
90,appear,[],[np.int32(16)]
90,appear,[],[np.int32(31)]
90,appear,[],[np.int32(38)]
90,appear,[],[np.int32(54)]
90,appear,[],[np.int32(60)]
90,appear,[],[np.int32(75)]
90,appear,[],[np.int32(76)]
90,appear,[],[np.int32(80)]
90,appear,[],[np.int32(84)]
90,appear,[],[np.int32(98)]
90,disappear,[np.int32(1)],[]
90,split,[np.int32(18)],"[np.int64(20), np.int64(22)]"
90,disappear,[np.int32(21)],[]
90,disappear,[np.int32(42)],[]
90,disappear,[np.int32(50)],[]
90,disappear,[np.int32(65)],[]
90,disappear,[np.int32(66)],[]
90,disappear,[np.int32(70)],[]
90,disappear,[np.int32(85)],[]
90,disappear,[np.int32(89)],[]
90,disappear,[np.int32(90)],[]
90,disappear,[np.int32(101)],[]
91,appear,[],[np.int32(9)]
91,appear,[],[np.int32(21)]
91,appear,[],[np.int32(46)]
91,appear,[],[np.int32(66)]
91,appear,[],[np.int32(70)]
91,appear,[],[np.int32(88)]
91,appear,[],[np.int32(92)]
91,appear,[],[np.int32(93)]
91,appear,[],[np.int32(95)]
91,disappear,[np.int32(7)],[]
91,disappear,[np.int32(16)],[]
91,disappear,[np.int32(22)],[]
91,disappear,[np.int32(25)],[]
91,disappear,[np.int32(30)],[]
91,disappear,[np.int32(49)],[]
91,disappear,[np.int32(84)],[]
91,disappear,[np.int32(98)],[]
92,appear,[],[np.int32(25)]
92,appear,[],[np.int32(28)]
92,appear,[],[np.int32(31)]
92,appear,[],[np.int32(42)]
92,appear,[],[np.int32(47)]
92,appear,[],[np.int32(53)]
92,appear,[],[np.int32(57)]
92,appear,[],[np.int32(64)]
92,appear,[],[np.int32(65)]
92,appear,[],[np.int32(66)]
92,appear,[],[np.int32(70)]
92,appear,[],[np.int32(72)]
92,appear,[],[np.int32(90)]
92,appear,[],[np.int32(92)]
92,disappear,[np.int32(9)],[]
92,disappear,[np.int32(21)],[]
92,disappear,[np.int32(50)],[]
92,disappear,[np.int32(52)],[]
92,disappear,[np.int32(60)],[]
92,disappear,[np.int32(66)],[]
92,disappear,[np.int32(71)],[]
92,disappear,[np.int32(73)],[]
92,disappear,[np.int32(74)],[]
92,disappear,[np.int32(75)],[]
92,disappear,[np.int32(91)],[]
92,disappear,[np.int32(101)],[]
93,appear,[],[np.int32(9)]
93,appear,[],[np.int32(20)]
93,appear,[],[np.int32(23)]
93,appear,[],[np.int32(24)]
93,appear,[],[np.int32(52)]
93,appear,[],[np.int32(59)]
93,appear,[],[np.int32(69)]
93,appear,[],[np.int32(73)]
93,appear,[],[np.int32(79)]
93,appear,[],[np.int32(82)]
93,appear,[],[np.int32(97)]
93,disappear,[np.int32(16)],[]
93,disappear,[np.int32(25)],[]
93,disappear,[np.int32(32)],[]
93,disappear,[np.int32(36)],[]
93,disappear,[np.int32(42)],[]
93,disappear,[np.int32(57)],[]
93,disappear,[np.int32(66)],[]
93,disappear,[np.int32(78)],[]
93,disappear,[np.int32(83)],[]
93,disappear,[np.int32(94)],[]
93,disappear,[np.int32(97)],[]
93,disappear,[np.int32(101)],[]
93,disappear,[np.int32(105)],[]
94,appear,[],[np.int32(13)]
94,appear,[],[np.int32(16)]
94,appear,[],[np.int32(34)]
94,appear,[],[np.int32(61)]
94,appear,[],[np.int32(71)]
94,appear,[],[np.int32(76)]
94,appear,[],[np.int32(91)]
94,appear,[],[np.int32(97)]
94,appear,[],[np.int32(101)]
94,disappear,[np.int32(1)],[]
94,disappear,[np.int32(7)],[]
94,disappear,[np.int32(8)],[]
94,disappear,[np.int32(9)],[]
94,disappear,[np.int32(24)],[]
94,disappear,[np.int32(50)],[]
94,disappear,[np.int32(59)],[]
94,disappear,[np.int32(65)],[]
94,disappear,[np.int32(73)],[]
94,disappear,[np.int32(82)],[]
94,disappear,[np.int32(97)],[]
94,disappear,[np.int32(99)],[]
95,appear,[],[np.int32(1)]
95,appear,[],[np.int32(7)]
95,appear,[],[np.int32(8)]
95,appear,[],[np.int32(51)]
95,appear,[],[np.int32(53)]
95,appear,[],[np.int32(64)]
95,appear,[],[np.int32(65)]
95,appear,[],[np.int32(72)]
95,appear,[],[np.int32(73)]
95,appear,[],[np.int32(80)]
95,appear,[],[np.int32(84)]
95,disappear,[np.int32(16)],[]
95,split,[np.int32(29)],"[np.int64(31), np.int64(38)]"
95,disappear,[np.int32(49)],[]
95,disappear,[np.int32(53)],[]
95,disappear,[np.int32(61)],[]
95,disappear,[np.int32(64)],[]
95,disappear,[np.int32(76)],[]
95,disappear,[np.int32(97)],[]
96,appear,[],[np.int32(3)]
96,appear,[],[np.int32(15)]
96,appear,[],[np.int32(20)]
96,appear,[],[np.int32(44)]
96,appear,[],[np.int32(56)]
96,appear,[],[np.int32(58)]
96,appear,[],[np.int32(65)]
96,appear,[],[np.int32(85)]
96,appear,[],[np.int32(100)]
96,appear,[],[np.int32(104)]
96,disappear,[np.int32(1)],[]
96,disappear,[np.int32(36)],[]
96,disappear,[np.int32(38)],[]
96,disappear,[np.int32(40)],[]
96,disappear,[np.int32(53)],[]
96,disappear,[np.int32(57)],[]
96,disappear,[np.int32(65)],[]
96,disappear,[np.int32(97)],[]
96,disappear,[np.int32(102)],[]
96,disappear,[np.int32(107)],[]
97,appear,[],[np.int32(1)]
97,appear,[],[np.int32(22)]
97,appear,[],[np.int32(36)]
97,appear,[],[np.int32(50)]
97,appear,[],[np.int32(55)]
97,appear,[],[np.int32(69)]
97,appear,[],[np.int32(78)]
97,appear,[],[np.int32(96)]
97,appear,[],[np.int32(97)]
97,appear,[],[np.int32(105)]
97,appear,[],[np.int32(108)]
97,disappear,[np.int32(3)],[]
97,disappear,[np.int32(15)],[]
97,disappear,[np.int32(32)],[]
97,disappear,[np.int32(33)],[]
97,disappear,[np.int32(35)],[]
97,disappear,[np.int32(44)],[]
97,disappear,[np.int32(58)],[]
97,disappear,[np.int32(64)],[]
97,disappear,[np.int32(71)],[]
97,disappear,[np.int32(72)],[]
97,disappear,[np.int32(76)],[]
97,disappear,[np.int32(100)],[]
98,appear,[],[np.int32(32)]
98,appear,[],[np.int32(40)]
98,appear,[],[np.int32(61)]
98,appear,[],[np.int32(68)]
98,appear,[],[np.int32(72)]
98,merge,"[np.int64(72), np.int64(83)]",[np.int32(73)]
98,appear,[],[np.int32(93)]
98,appear,[],[np.int32(100)]
98,appear,[],[np.int32(101)]
98,disappear,[np.int32(22)],[]
98,disappear,[np.int32(33)],[]
98,disappear,[np.int32(36)],[]
98,disappear,[np.int32(48)],[]
98,split,[np.int32(64)],"[np.int64(63), np.int64(64)]"
98,disappear,[np.int32(69)],[]
98,disappear,[np.int32(78)],[]
98,disappear,[np.int32(82)],[]
98,disappear,[np.int32(88)],[]
98,disappear,[np.int32(101)],[]
98,disappear,[np.int32(103)],[]
99,appear,[],[np.int32(4)]
99,appear,[],[np.int32(17)]
99,appear,[],[np.int32(20)]
99,appear,[],[np.int32(29)]
99,appear,[],[np.int32(35)]
99,appear,[],[np.int32(39)]
99,appear,[],[np.int32(40)]
99,appear,[],[np.int32(51)]
99,appear,[],[np.int32(81)]
99,appear,[],[np.int32(85)]
99,appear,[],[np.int32(104)]
99,disappear,[np.int32(19)],[]
99,disappear,[np.int32(36)],[]
99,disappear,[np.int32(40)],[]
99,disappear,[np.int32(49)],[]
99,disappear,[np.int32(52)],[]
99,split,[np.int32(63)],"[np.int64(66), np.int64(68)]"
99,disappear,[np.int32(64)],[]
99,disappear,[np.int32(68)],[]
99,disappear,[np.int32(100)],[]
99,disappear,[np.int32(104)],[]
100,appear,[],[np.int32(2)]
100,appear,[],[np.int32(20)]
100,appear,[],[np.int32(26)]
100,appear,[],[np.int32(32)]
100,appear,[],[np.int32(36)]
100,appear,[],[np.int32(45)]
100,appear,[],[np.int32(57)]
100,appear,[],[np.int32(72)]
100,appear,[],[np.int32(95)]
100,appear,[],[np.int32(98)]
100,appear,[],[np.int32(106)]
100,appear,[],[np.int32(107)]
100,appear,[],[np.int32(110)]
100,disappear,[np.int32(13)],[]
100,disappear,[np.int32(17)],[]
100,disappear,[np.int32(20)],[]
100,disappear,[np.int32(35)],[]
100,disappear,[np.int32(40)],[]
100,disappear,[np.int32(68)],[]
101,appear,[],[np.int32(6)]
101,appear,[],[np.int32(11)]
101,appear,[],[np.int32(16)]
101,appear,[],[np.int32(20)]
101,appear,[],[np.int32(21)]
101,appear,[],[np.int32(26)]
101,appear,[],[np.int32(44)]
101,appear,[],[np.int32(58)]
101,appear,[],[np.int32(62)]
101,appear,[],[np.int32(63)]
101,appear,[],[np.int32(85)]
101,appear,[],[np.int32(113)]
101,split,[np.int32(12)],"[np.int64(14), np.int64(15)]"
101,disappear,[np.int32(20)],[]
101,disappear,[np.int32(25)],[]
101,disappear,[np.int32(26)],[]
101,disappear,[np.int32(37)],[]
101,disappear,[np.int32(41)],[]
101,disappear,[np.int32(51)],[]
101,disappear,[np.int32(102)],[]
101,disappear,[np.int32(110)],[]
102,appear,[],[np.int32(27)]
102,appear,[],[np.int32(30)]
102,appear,[],[np.int32(39)]
102,appear,[],[np.int32(42)]
102,appear,[],[np.int32(43)]
102,appear,[],[np.int32(86)]
102,disappear,[np.int32(3)],[]
102,disappear,[np.int32(11)],[]
102,disappear,[np.int32(16)],[]
102,split,[np.int32(22)],"[np.int64(19), np.int64(24)]"
102,disappear,[np.int32(34)],[]
102,disappear,[np.int32(36)],[]
102,disappear,[np.int32(43)],[]
102,disappear,[np.int32(49)],[]
102,disappear,[np.int32(53)],[]
102,disappear,[np.int32(54)],[]
102,disappear,[np.int32(56)],[]
102,disappear,[np.int32(64)],[]
102,split,[np.int32(67)],"[np.int64(62), np.int64(70)]"
102,disappear,[np.int32(97)],[]
102,disappear,[np.int32(104)],[]
102,disappear,[np.int32(113)],[]
103,appear,[],[np.int32(8)]
103,appear,[],[np.int32(11)]
103,appear,[],[np.int32(17)]
103,appear,[],[np.int32(23)]
103,appear,[],[np.int32(35)]
103,appear,[],[np.int32(46)]
103,appear,[],[np.int32(51)]
103,appear,[],[np.int32(55)]
103,appear,[],[np.int32(64)]
103,appear,[],[np.int32(67)]
103,appear,[],[np.int32(105)]
103,appear,[],[np.int32(106)]
103,disappear,[np.int32(17)],[]
103,disappear,[np.int32(18)],[]
103,disappear,[np.int32(22)],[]
103,disappear,[np.int32(27)],[]
103,disappear,[np.int32(68)],[]
104,appear,[],[np.int32(18)]
104,appear,[],[np.int32(21)]
104,appear,[],[np.int32(25)]
104,appear,[],[np.int32(40)]
104,appear,[],[np.int32(52)]
104,appear,[],[np.int32(91)]
104,disappear,[np.int32(8)],[]
104,disappear,[np.int32(11)],[]
104,disappear,[np.int32(13)],[]
104,disappear,[np.int32(23)],[]
104,disappear,[np.int32(33)],[]
104,disappear,[np.int32(35)],[]
104,disappear,[np.int32(47)],[]
104,disappear,[np.int32(52)],[]
104,disappear,[np.int32(55)],[]
104,disappear,[np.int32(60)],[]
104,disappear,[np.int32(72)],[]
104,disappear,[np.int32(73)],[]
104,disappear,[np.int32(90)],[]
104,disappear,[np.int32(121)],[]
105,appear,[],[np.int32(9)]
105,appear,[],[np.int32(15)]
105,appear,[],[np.int32(20)]
105,appear,[],[np.int32(24)]
105,appear,[],[np.int32(27)]
105,appear,[],[np.int32(44)]
105,appear,[],[np.int32(55)]
105,appear,[],[np.int32(69)]
105,appear,[],[np.int32(109)]
105,disappear,[np.int32(2)],[]
105,disappear,[np.int32(14)],[]
105,disappear,[np.int32(16)],[]
105,disappear,[np.int32(26)],[]
105,disappear,[np.int32(31)],[]
105,disappear,[np.int32(37)],[]
105,disappear,[np.int32(48)],[]
105,disappear,[np.int32(75)],[]
105,split,[np.int32(76)],"[np.int64(76), np.int64(84)]"
105,disappear,[np.int32(82)],[]
105,disappear,[np.int32(87)],[]
105,disappear,[np.int32(88)],[]
105,disappear,[np.int32(109)],[]
105,disappear,[np.int32(111)],[]
106,appear,[],[np.int32(2)]
106,appear,[],[np.int32(3)]
106,appear,[],[np.int32(10)]
106,appear,[],[np.int32(25)]
106,appear,[],[np.int32(29)]
106,merge,"[np.int64(43), np.int64(46)]",[np.int32(43)]
106,appear,[],[np.int32(45)]
106,appear,[],[np.int32(47)]
106,appear,[],[np.int32(50)]
106,appear,[],[np.int32(67)]
106,appear,[],[np.int32(76)]
106,appear,[],[np.int32(83)]
106,appear,[],[np.int32(108)]
106,disappear,[np.int32(3)],[]
106,disappear,[np.int32(9)],[]
106,disappear,[np.int32(13)],[]
106,disappear,[np.int32(15)],[]
106,disappear,[np.int32(26)],[]
106,disappear,[np.int32(27)],[]
106,split,[np.int32(30)],"[np.int64(28), np.int64(31)]"
106,disappear,[np.int32(44)],[]
106,disappear,[np.int32(61)],[]
106,disappear,[np.int32(69)],[]
106,disappear,[np.int32(97)],[]
107,appear,[],[np.int32(8)]
107,appear,[],[np.int32(22)]
107,appear,[],[np.int32(23)]
107,appear,[],[np.int32(25)]
107,merge,"[np.int64(32), np.int64(33)]",[np.int32(30)]
107,appear,[],[np.int32(31)]
107,appear,[],[np.int32(42)]
107,appear,[],[np.int32(46)]
107,appear,[],[np.int32(52)]
107,appear,[],[np.int32(61)]
107,appear,[],[np.int32(87)]
107,appear,[],[np.int32(105)]
107,disappear,[np.int32(2)],[]
107,disappear,[np.int32(3)],[]
107,disappear,[np.int32(10)],[]
107,disappear,[np.int32(15)],[]
107,disappear,[np.int32(25)],[]
107,disappear,[np.int32(29)],[]
107,disappear,[np.int32(45)],[]
107,disappear,[np.int32(56)],[]
107,disappear,[np.int32(61)],[]
107,disappear,[np.int32(67)],[]
107,split,[np.int32(74)],"[np.int64(72), np.int64(75)]"
107,disappear,[np.int32(76)],[]
107,disappear,[np.int32(83)],[]
107,split,[np.int32(90)],"[np.int64(88), np.int64(90)]"
107,disappear,[np.int32(106)],[]
108,appear,[],[np.int32(12)]
108,appear,[],[np.int32(28)]
108,appear,[],[np.int32(66)]
108,appear,[],[np.int32(98)]
108,appear,[],[np.int32(102)]
108,appear,[],[np.int32(104)]
108,appear,[],[np.int32(108)]
108,disappear,[np.int32(14)],[]
108,disappear,[np.int32(25)],[]
108,disappear,[np.int32(26)],[]
108,disappear,[np.int32(34)],[]
108,disappear,[np.int32(49)],[]
108,disappear,[np.int32(60)],[]
108,disappear,[np.int32(61)],[]
108,split,[np.int32(77)],"[np.int64(73), np.int64(83)]"
108,disappear,[np.int32(105)],[]
108,disappear,[np.int32(112)],[]
109,appear,[],[np.int32(2)]
109,appear,[],[np.int32(12)]
109,appear,[],[np.int32(13)]
109,appear,[],[np.int32(24)]
109,appear,[],[np.int32(26)]
109,appear,[],[np.int32(52)]
109,appear,[],[np.int32(54)]
109,appear,[],[np.int32(58)]
109,appear,[],[np.int32(59)]
109,appear,[],[np.int32(72)]
109,appear,[],[np.int32(79)]
109,appear,[],[np.int32(85)]
109,appear,[],[np.int32(105)]
109,appear,[],[np.int32(112)]
109,disappear,[np.int32(11)],[]
109,disappear,[np.int32(16)],[]
109,disappear,[np.int32(20)],[]
109,disappear,[np.int32(28)],[]
109,disappear,[np.int32(35)],[]
109,disappear,[np.int32(46)],[]
109,disappear,[np.int32(66)],[]
109,disappear,[np.int32(81)],[]
109,disappear,[np.int32(87)],[]
109,disappear,[np.int32(91)],[]
109,disappear,[np.int32(104)],[]
109,disappear,[np.int32(106)],[]
109,disappear,[np.int32(108)],[]
110,appear,[],[np.int32(3)]
110,appear,[],[np.int32(15)]
110,appear,[],[np.int32(19)]
110,appear,[],[np.int32(25)]
110,appear,[],[np.int32(52)]
110,appear,[],[np.int32(64)]
110,appear,[],[np.int32(75)]
110,appear,[],[np.int32(79)]
110,appear,[],[np.int32(89)]
110,appear,[],[np.int32(91)]
110,appear,[],[np.int32(98)]
110,appear,[],[np.int32(105)]
110,disappear,[np.int32(2)],[]
110,disappear,[np.int32(9)],[]
110,disappear,[np.int32(12)],[]
110,disappear,[np.int32(13)],[]
110,disappear,[np.int32(21)],[]
110,disappear,[np.int32(24)],[]
110,disappear,[np.int32(37)],[]
110,disappear,[np.int32(48)],[]
110,disappear,[np.int32(53)],[]
110,disappear,[np.int32(54)],[]
110,disappear,[np.int32(55)],[]
110,disappear,[np.int32(72)],[]
110,disappear,[np.int32(79)],[]
110,disappear,[np.int32(85)],[]
110,split,[np.int32(94)],"[np.int64(88), np.int64(99)]"
110,disappear,[np.int32(105)],[]
111,appear,[],[np.int32(8)]
111,appear,[],[np.int32(11)]
111,appear,[],[np.int32(16)]
111,appear,[],[np.int32(23)]
111,appear,[],[np.int32(27)]
111,appear,[],[np.int32(33)]
111,appear,[],[np.int32(34)]
111,appear,[],[np.int32(36)]
111,appear,[],[np.int32(37)]
111,appear,[],[np.int32(38)]
111,appear,[],[np.int32(42)]
111,appear,[],[np.int32(54)]
111,appear,[],[np.int32(59)]
111,appear,[],[np.int32(64)]
111,appear,[],[np.int32(83)]
111,appear,[],[np.int32(116)]
111,disappear,[np.int32(6)],[]
111,disappear,[np.int32(15)],[]
111,disappear,[np.int32(25)],[]
111,split,[np.int32(41)],"[np.int64(49), np.int64(52)]"
111,disappear,[np.int32(53)],[]
111,disappear,[np.int32(66)],[]
111,disappear,[np.int32(74)],[]
111,disappear,[np.int32(79)],[]
111,disappear,[np.int32(82)],[]
111,disappear,[np.int32(88)],[]
111,disappear,[np.int32(105)],[]
112,appear,[],[np.int32(6)]
112,appear,[],[np.int32(21)]
112,appear,[],[np.int32(26)]
112,appear,[],[np.int32(30)]
112,appear,[],[np.int32(34)]
112,appear,[],[np.int32(49)]
112,appear,[],[np.int32(53)]
112,appear,[],[np.int32(66)]
112,appear,[],[np.int32(77)]
112,appear,[],[np.int32(78)]
112,appear,[],[np.int32(90)]
112,appear,[],[np.int32(91)]
112,appear,[],[np.int32(110)]
112,disappear,[np.int32(6)],[]
112,disappear,[np.int32(11)],[]
112,disappear,[np.int32(16)],[]
112,disappear,[np.int32(23)],[]
112,disappear,[np.int32(37)],[]
112,disappear,[np.int32(42)],[]
112,disappear,[np.int32(48)],[]
112,disappear,[np.int32(63)],[]
112,disappear,[np.int32(64)],[]
112,split,[np.int32(66)],"[np.int64(64), np.int64(67)]"
112,disappear,[np.int32(77)],[]
112,disappear,[np.int32(99)],[]
112,disappear,[np.int32(104)],[]
112,disappear,[np.int32(109)],[]
112,disappear,[np.int32(116)],[]
113,appear,[],[np.int32(3)]
113,appear,[],[np.int32(11)]
113,appear,[],[np.int32(12)]
113,appear,[],[np.int32(15)]
113,appear,[],[np.int32(19)]
113,appear,[],[np.int32(33)]
113,appear,[],[np.int32(38)]
113,appear,[],[np.int32(57)]
113,appear,[],[np.int32(58)]
113,appear,[],[np.int32(60)]
113,appear,[],[np.int32(72)]
113,merge,"[np.int64(77), np.int64(79)]",[np.int32(74)]
113,appear,[],[np.int32(97)]
113,disappear,[np.int32(12)],[]
113,disappear,[np.int32(16)],[]
113,disappear,[np.int32(19)],[]
113,disappear,[np.int32(21)],[]
113,disappear,[np.int32(25)],[]
113,disappear,[np.int32(26)],[]
113,disappear,[np.int32(27)],[]
113,disappear,[np.int32(30)],[]
113,disappear,[np.int32(34)],[]
113,disappear,[np.int32(35)],[]
113,disappear,[np.int32(38)],[]
113,disappear,[np.int32(53)],[]
113,disappear,[np.int32(62)],[]
113,disappear,[np.int32(67)],[]
113,disappear,[np.int32(109)],[]
114,appear,[],[np.int32(9)]
114,appear,[],[np.int32(17)]
114,appear,[],[np.int32(21)]
114,appear,[],[np.int32(23)]
114,appear,[],[np.int32(28)]
114,appear,[],[np.int32(38)]
114,appear,[],[np.int32(54)]
114,appear,[],[np.int32(65)]
114,appear,[],[np.int32(107)]
114,disappear,[np.int32(3)],[]
114,disappear,[np.int32(6)],[]
114,disappear,[np.int32(11)],[]
114,disappear,[np.int32(12)],[]
114,disappear,[np.int32(13)],[]
114,disappear,[np.int32(15)],[]
114,disappear,[np.int32(18)],[]
114,disappear,[np.int32(26)],[]
114,disappear,[np.int32(32)],[]
114,disappear,[np.int32(39)],[]
114,split,[np.int32(40)],"[np.int64(35), np.int64(36)]"
114,disappear,[np.int32(75)],[]
114,split,[np.int32(78)],"[np.int64(76), np.int64(82)]"
114,disappear,[np.int32(86)],[]
114,disappear,[np.int32(109)],[]
115,appear,[],[np.int32(7)]
115,appear,[],[np.int32(10)]
115,appear,[],[np.int32(11)]
115,appear,[],[np.int32(12)]
115,appear,[],[np.int32(16)]
115,appear,[],[np.int32(20)]
115,appear,[],[np.int32(21)]
115,appear,[],[np.int32(26)]
115,appear,[],[np.int32(30)]
115,appear,[],[np.int32(32)]
115,appear,[],[np.int32(48)]
115,appear,[],[np.int32(81)]
115,appear,[],[np.int32(88)]
115,appear,[],[np.int32(92)]
115,appear,[],[np.int32(109)]
115,disappear,[np.int32(9)],[]
115,disappear,[np.int32(13)],[]
115,disappear,[np.int32(18)],[]
115,disappear,[np.int32(25)],[]
115,disappear,[np.int32(27)],[]
115,disappear,[np.int32(28)],[]
115,disappear,[np.int32(32)],[]
115,disappear,[np.int32(38)],[]
115,disappear,[np.int32(88)],[]
115,disappear,[np.int32(95)],[]
115,disappear,[np.int32(97)],[]
115,disappear,[np.int32(100)],[]
115,disappear,[np.int32(107)],[]
116,appear,[],[np.int32(9)]
116,appear,[],[np.int32(28)]
116,appear,[],[np.int32(45)]
116,appear,[],[np.int32(84)]
116,appear,[],[np.int32(89)]
116,appear,[],[np.int32(94)]
116,appear,[],[np.int32(97)]
116,appear,[],[np.int32(100)]
116,appear,[],[np.int32(104)]
116,appear,[],[np.int32(113)]
116,disappear,[np.int32(7)],[]
116,disappear,[np.int32(10)],[]
116,disappear,[np.int32(11)],[]
116,disappear,[np.int32(21)],[]
116,disappear,[np.int32(30)],[]
116,disappear,[np.int32(46)],[]
116,disappear,[np.int32(48)],[]
116,disappear,[np.int32(55)],[]
116,disappear,[np.int32(92)],[]
116,disappear,[np.int32(109)],[]
117,appear,[],[np.int32(8)]
117,appear,[],[np.int32(13)]
117,appear,[],[np.int32(22)]
117,appear,[],[np.int32(28)]
117,appear,[],[np.int32(30)]
117,appear,[],[np.int32(42)]
117,appear,[],[np.int32(44)]
117,merge,"[np.int64(58), np.int64(61)]",[np.int32(59)]
117,appear,[],[np.int32(87)]
117,disappear,[np.int32(5)],[]
117,disappear,[np.int32(11)],[]
117,disappear,[np.int32(14)],[]
117,disappear,[np.int32(28)],[]
117,disappear,[np.int32(30)],[]
117,disappear,[np.int32(44)],[]
117,disappear,[np.int32(79)],[]
117,disappear,[np.int32(83)],[]
117,disappear,[np.int32(97)],[]
117,disappear,[np.int32(104)],[]
117,disappear,[np.int32(107)],[]
117,disappear,[np.int32(112)],[]
118,appear,[],[np.int32(7)]
118,appear,[],[np.int32(13)]
118,appear,[],[np.int32(19)]
118,appear,[],[np.int32(29)]
118,appear,[],[np.int32(48)]
118,appear,[],[np.int32(52)]
118,merge,"[np.int64(75), np.int64(85)]",[np.int32(75)]
118,appear,[],[np.int32(99)]
118,disappear,[np.int32(6)],[]
118,disappear,[np.int32(22)],[]
118,disappear,[np.int32(30)],[]
118,split,[np.int32(37)],"[np.int64(38), np.int64(40)]"
118,disappear,[np.int32(44)],[]
118,disappear,[np.int32(49)],[]
118,disappear,[np.int32(53)],[]
118,disappear,[np.int32(61)],[]
118,disappear,[np.int32(87)],[]
118,disappear,[np.int32(94)],[]
118,split,[np.int32(95)],"[np.int64(92), np.int64(98)]"
118,disappear,[np.int32(97)],[]
119,appear,[],[np.int32(5)]
119,appear,[],[np.int32(8)]
119,appear,[],[np.int32(10)]
119,appear,[],[np.int32(13)]
119,appear,[],[np.int32(30)]
119,appear,[],[np.int32(32)]
119,appear,[],[np.int32(40)]
119,appear,[],[np.int32(41)]
119,appear,[],[np.int32(66)]
119,appear,[],[np.int32(85)]
119,appear,[],[np.int32(86)]
119,merge,"[np.int64(87), np.int64(92)]",[np.int32(93)]
119,appear,[],[np.int32(99)]
119,appear,[],[np.int32(105)]
119,appear,[],[np.int32(107)]
119,split,[np.int32(2)],"[np.int64(2), np.int64(6)]"
119,disappear,[np.int32(7)],[]
119,disappear,[np.int32(22)],[]
119,disappear,[np.int32(23)],[]
119,disappear,[np.int32(48)],[]
119,disappear,[np.int32(58)],[]
119,disappear,[np.int32(89)],[]
119,disappear,[np.int32(94)],[]
119,disappear,[np.int32(98)],[]
120,appear,[],[np.int32(10)]
120,appear,[],[np.int32(17)]
120,appear,[],[np.int32(20)]
120,appear,[],[np.int32(22)]
120,appear,[],[np.int32(27)]
120,appear,[],[np.int32(36)]
120,appear,[],[np.int32(63)]
120,appear,[],[np.int32(65)]
120,appear,[],[np.int32(71)]
120,disappear,[np.int32(3)],[]
120,disappear,[np.int32(11)],[]
120,disappear,[np.int32(13)],[]
120,disappear,[np.int32(30)],[]
120,disappear,[np.int32(40)],[]
120,disappear,[np.int32(66)],[]
120,disappear,[np.int32(91)],[]
120,disappear,[np.int32(99)],[]
121,appear,[],[np.int32(3)]
121,appear,[],[np.int32(12)]
121,appear,[],[np.int32(28)]
121,appear,[],[np.int32(58)]
121,appear,[],[np.int32(80)]
121,disappear,[np.int32(2)],[]
121,disappear,[np.int32(17)],[]
121,disappear,[np.int32(23)],[]
121,disappear,[np.int32(25)],[]
121,disappear,[np.int32(27)],[]
121,disappear,[np.int32(42)],[]
121,disappear,[np.int32(63)],[]
121,disappear,[np.int32(64)],[]
121,disappear,[np.int32(65)],[]
121,disappear,[np.int32(71)],[]
121,split,[np.int32(83)],"[np.int64(77), np.int64(88)]"
121,disappear,[np.int32(88)],[]
121,disappear,[np.int32(105)],[]
121,disappear,[np.int32(108)],[]
122,appear,[],[np.int32(2)]
122,appear,[],[np.int32(21)]
122,appear,[],[np.int32(25)]
122,appear,[],[np.int32(40)]
122,appear,[],[np.int32(44)]
122,appear,[],[np.int32(63)]
122,appear,[],[np.int32(74)]
122,appear,[],[np.int32(81)]
122,appear,[],[np.int32(99)]
122,appear,[],[np.int32(101)]
122,appear,[],[np.int32(107)]
122,disappear,[np.int32(3)],[]
122,disappear,[np.int32(36)],[]
122,disappear,[np.int32(43)],[]
122,disappear,[np.int32(53)],[]
122,disappear,[np.int32(55)],[]
122,disappear,[np.int32(58)],[]
122,split,[np.int32(62)],"[np.int64(61), np.int64(65)]"
122,disappear,[np.int32(79)],[]
122,disappear,[np.int32(80)],[]
122,disappear,[np.int32(93)],[]
122,disappear,[np.int32(96)],[]
123,appear,[],[np.int32(2)]
123,appear,[],[np.int32(4)]
123,appear,[],[np.int32(6)]
123,appear,[],[np.int32(31)]
123,appear,[],[np.int32(36)]
123,appear,[],[np.int32(40)]
123,appear,[],[np.int32(47)]
123,appear,[],[np.int32(58)]
123,appear,[],[np.int32(66)]
123,appear,[],[np.int32(91)]
123,appear,[],[np.int32(94)]
123,split,[np.int32(1)],"[np.int64(1), np.int64(5)]"
123,disappear,[np.int32(2)],[]
123,disappear,[np.int32(4)],[]
123,disappear,[np.int32(6)],[]
123,disappear,[np.int32(23)],[]
123,disappear,[np.int32(25)],[]
123,disappear,[np.int32(30)],[]
123,disappear,[np.int32(37)],[]
123,disappear,[np.int32(57)],[]
123,disappear,[np.int32(58)],[]
123,disappear,[np.int32(72)],[]
123,disappear,[np.int32(81)],[]
123,disappear,[np.int32(88)],[]
123,disappear,[np.int32(94)],[]
123,disappear,[np.int32(98)],[]
124,appear,[],[np.int32(2)]
124,appear,[],[np.int32(3)]
124,appear,[],[np.int32(9)]
124,appear,[],[np.int32(52)]
124,appear,[],[np.int32(59)]
124,appear,[],[np.int32(60)]
124,appear,[],[np.int32(61)]
124,appear,[],[np.int32(76)]
124,appear,[],[np.int32(89)]
124,appear,[],[np.int32(98)]
124,disappear,[np.int32(2)],[]
124,disappear,[np.int32(13)],[]
124,split,[np.int32(20)],"[np.int64(20), np.int64(22)]"
124,disappear,[np.int32(31)],[]
124,disappear,[np.int32(36)],[]
124,disappear,[np.int32(47)],[]
124,disappear,[np.int32(83)],[]
124,disappear,[np.int32(94)],[]
125,appear,[],[np.int32(4)]
125,appear,[],[np.int32(9)]
125,appear,[],[np.int32(16)]
125,appear,[],[np.int32(21)]
125,appear,[],[np.int32(27)]
125,appear,[],[np.int32(29)]
125,appear,[],[np.int32(37)]
125,appear,[],[np.int32(60)]
125,appear,[],[np.int32(61)]
125,appear,[],[np.int32(83)]
125,appear,[],[np.int32(90)]
125,appear,[],[np.int32(93)]
125,appear,[],[np.int32(102)]
125,disappear,[np.int32(11)],[]
125,disappear,[np.int32(20)],[]
125,disappear,[np.int32(21)],[]
125,disappear,[np.int32(22)],[]
125,disappear,[np.int32(24)],[]
125,disappear,[np.int32(36)],[]
125,disappear,[np.int32(38)],[]
125,disappear,[np.int32(58)],[]
125,disappear,[np.int32(68)],[]
125,disappear,[np.int32(69)],[]
125,disappear,[np.int32(75)],[]
125,split,[np.int32(77)],"[np.int64(75), np.int64(81)]"
125,disappear,[np.int32(82)],[]
125,disappear,[np.int32(89)],[]
125,disappear,[np.int32(90)],[]
126,appear,[],[np.int32(20)]
126,appear,[],[np.int32(22)]
126,appear,[],[np.int32(31)]
126,appear,[],[np.int32(35)]
126,appear,[],[np.int32(51)]
126,appear,[],[np.int32(65)]
126,appear,[],[np.int32(75)]
126,appear,[],[np.int32(78)]
126,appear,[],[np.int32(84)]
126,disappear,[np.int32(8)],[]
126,disappear,[np.int32(10)],[]
126,disappear,[np.int32(17)],[]
126,disappear,[np.int32(26)],[]
126,disappear,[np.int32(29)],[]
126,disappear,[np.int32(46)],[]
126,disappear,[np.int32(58)],[]
126,disappear,[np.int32(61)],[]
126,disappear,[np.int32(73)],[]
126,disappear,[np.int32(74)],[]
126,disappear,[np.int32(77)],[]
126,disappear,[np.int32(81)],[]
126,disappear,[np.int32(94)],[]
126,disappear,[np.int32(102)],[]
126,disappear,[np.int32(108)],[]
127,appear,[],[np.int32(15)]
127,appear,[],[np.int32(21)]
127,appear,[],[np.int32(30)]
127,appear,[],[np.int32(43)]
127,appear,[],[np.int32(55)]
127,appear,[],[np.int32(57)]
127,appear,[],[np.int32(68)]
127,appear,[],[np.int32(69)]
127,appear,[],[np.int32(73)]
127,appear,[],[np.int32(98)]
127,appear,[],[np.int32(104)]
127,disappear,[np.int32(2)],[]
127,disappear,[np.int32(3)],[]
127,disappear,[np.int32(17)],[]
127,disappear,[np.int32(18)],[]
127,disappear,[np.int32(40)],[]
127,disappear,[np.int32(56)],[]
127,disappear,[np.int32(57)],[]
127,disappear,[np.int32(65)],[]
127,disappear,[np.int32(75)],[]
127,split,[np.int32(88)],"[np.int64(88), np.int64(89)]"
127,disappear,[np.int32(97)],[]
128,appear,[],[np.int32(2)]
128,appear,[],[np.int32(14)]
128,appear,[],[np.int32(52)]
128,appear,[],[np.int32(53)]
128,appear,[],[np.int32(54)]
128,appear,[],[np.int32(61)]
128,appear,[],[np.int32(75)]
128,appear,[],[np.int32(96)]
128,appear,[],[np.int32(98)]
128,disappear,[np.int32(13)],[]
128,disappear,[np.int32(15)],[]
128,disappear,[np.int32(34)],[]
128,disappear,[np.int32(37)],[]
128,disappear,[np.int32(40)],[]
128,disappear,[np.int32(45)],[]
128,split,[np.int32(52)],"[np.int64(47), np.int64(48)]"
128,disappear,[np.int32(55)],[]
128,disappear,[np.int32(56)],[]
128,split,[np.int32(60)],"[np.int64(58), np.int64(60)]"
128,disappear,[np.int32(63)],[]
128,disappear,[np.int32(68)],[]
128,disappear,[np.int32(77)],[]
128,split,[np.int32(88)],"[np.int64(85), np.int64(90)]"
128,split,[np.int32(96)],"[np.int64(95), np.int64(97)]"
128,disappear,[np.int32(98)],[]
128,disappear,[np.int32(99)],[]
129,appear,[],[np.int32(5)]
129,appear,[],[np.int32(16)]
129,appear,[],[np.int32(24)]
129,appear,[],[np.int32(35)]
129,appear,[],[np.int32(37)]
129,appear,[],[np.int32(38)]
129,appear,[],[np.int32(45)]
129,appear,[],[np.int32(57)]
129,appear,[],[np.int32(62)]
129,appear,[],[np.int32(68)]
129,appear,[],[np.int32(69)]
129,appear,[],[np.int32(70)]
129,appear,[],[np.int32(71)]
129,appear,[],[np.int32(77)]
129,appear,[],[np.int32(85)]
129,appear,[],[np.int32(86)]
129,appear,[],[np.int32(104)]
129,appear,[],[np.int32(110)]
129,disappear,[np.int32(5)],[]
129,disappear,[np.int32(14)],[]
129,disappear,[np.int32(27)],[]
129,disappear,[np.int32(48)],[]
129,split,[np.int32(59)],"[np.int64(64), np.int64(65)]"
129,disappear,[np.int32(60)],[]
129,split,[np.int32(65)],"[np.int64(74), np.int64(76)]"
129,disappear,[np.int32(73)],[]
129,disappear,[np.int32(75)],[]
129,disappear,[np.int32(76)],[]
129,disappear,[np.int32(77)],[]
130,appear,[],[np.int32(2)]
130,appear,[],[np.int32(13)]
130,appear,[],[np.int32(23)]
130,appear,[],[np.int32(52)]
130,appear,[],[np.int32(59)]
130,appear,[],[np.int32(69)]
130,appear,[],[np.int32(94)]
130,disappear,[np.int32(5)],[]
130,disappear,[np.int32(24)],[]
130,disappear,[np.int32(47)],[]
130,disappear,[np.int32(57)],[]
130,disappear,[np.int32(61)],[]
130,disappear,[np.int32(65)],[]
130,disappear,[np.int32(69)],[]
130,disappear,[np.int32(70)],[]
130,disappear,[np.int32(74)],[]
130,disappear,[np.int32(77)],[]
130,disappear,[np.int32(82)],[]
130,disappear,[np.int32(104)],[]
130,disappear,[np.int32(110)],[]
131,appear,[],[np.int32(7)]
131,appear,[],[np.int32(13)]
131,appear,[],[np.int32(46)]
131,appear,[],[np.int32(55)]
131,appear,[],[np.int32(60)]
131,appear,[],[np.int32(64)]
131,appear,[],[np.int32(67)]
131,appear,[],[np.int32(74)]
131,appear,[],[np.int32(81)]
131,appear,[],[np.int32(100)]
131,appear,[],[np.int32(106)]
131,disappear,[np.int32(12)],[]
131,disappear,[np.int32(19)],[]
131,disappear,[np.int32(23)],[]
131,disappear,[np.int32(25)],[]
131,disappear,[np.int32(43)],[]
131,disappear,[np.int32(47)],[]
131,disappear,[np.int32(71)],[]
131,disappear,[np.int32(80)],[]
131,disappear,[np.int32(99)],[]
132,appear,[],[np.int32(7)]
132,appear,[],[np.int32(14)]
132,appear,[],[np.int32(15)]
132,appear,[],[np.int32(18)]
132,appear,[],[np.int32(20)]
132,appear,[],[np.int32(24)]
132,appear,[],[np.int32(28)]
132,appear,[],[np.int32(30)]
132,appear,[],[np.int32(57)]
132,appear,[],[np.int32(70)]
132,appear,[],[np.int32(82)]
132,disappear,[np.int32(14)],[]
132,disappear,[np.int32(28)],[]
132,disappear,[np.int32(33)],[]
132,disappear,[np.int32(35)],[]
132,disappear,[np.int32(46)],[]
132,disappear,[np.int32(54)],[]
132,disappear,[np.int32(57)],[]
132,disappear,[np.int32(64)],[]
132,disappear,[np.int32(76)],[]
132,disappear,[np.int32(81)],[]
132,disappear,[np.int32(88)],[]
132,disappear,[np.int32(95)],[]
132,disappear,[np.int32(97)],[]
132,disappear,[np.int32(100)],[]
133,appear,[],[np.int32(17)]
133,appear,[],[np.int32(26)]
133,appear,[],[np.int32(40)]
133,appear,[],[np.int32(55)]
133,appear,[],[np.int32(56)]
133,appear,[],[np.int32(62)]
133,appear,[],[np.int32(92)]
133,appear,[],[np.int32(94)]
133,appear,[],[np.int32(97)]
133,disappear,[np.int32(2)],[]
133,disappear,[np.int32(4)],[]
133,disappear,[np.int32(7)],[]
133,disappear,[np.int32(16)],[]
133,disappear,[np.int32(20)],[]
133,disappear,[np.int32(55)],[]
133,disappear,[np.int32(58)],[]
133,disappear,[np.int32(68)],[]
133,disappear,[np.int32(83)],[]
134,appear,[],[np.int32(4)]
134,appear,[],[np.int32(13)]
134,appear,[],[np.int32(15)]
134,appear,[],[np.int32(29)]
134,appear,[],[np.int32(35)]
134,merge,"[np.int64(49), np.int64(50)]",[np.int32(47)]
134,appear,[],[np.int32(50)]
134,appear,[],[np.int32(63)]
134,appear,[],[np.int32(78)]
134,appear,[],[np.int32(95)]
134,appear,[],[np.int32(103)]
134,appear,[],[np.int32(105)]
134,disappear,[np.int32(17)],[]
134,disappear,[np.int32(19)],[]
134,disappear,[np.int32(20)],[]
134,disappear,[np.int32(25)],[]
134,disappear,[np.int32(31)],[]
134,disappear,[np.int32(40)],[]
134,disappear,[np.int32(45)],[]
134,disappear,[np.int32(61)],[]
134,disappear,[np.int32(62)],[]
134,disappear,[np.int32(74)],[]
134,disappear,[np.int32(85)],[]
134,disappear,[np.int32(94)],[]
135,appear,[],[np.int32(20)]
135,appear,[],[np.int32(27)]
135,appear,[],[np.int32(32)]
135,appear,[],[np.int32(41)]
135,appear,[],[np.int32(42)]
135,appear,[],[np.int32(48)]
135,appear,[],[np.int32(54)]
135,appear,[],[np.int32(65)]
135,appear,[],[np.int32(75)]
135,appear,[],[np.int32(78)]
135,disappear,[np.int32(4)],[]
135,disappear,[np.int32(7)],[]
135,disappear,[np.int32(19)],[]
135,disappear,[np.int32(26)],[]
135,disappear,[np.int32(29)],[]
135,disappear,[np.int32(35)],[]
135,disappear,[np.int32(63)],[]
135,disappear,[np.int32(66)],[]
135,disappear,[np.int32(77)],[]
135,disappear,[np.int32(84)],[]
135,disappear,[np.int32(93)],[]
135,disappear,[np.int32(95)],[]
135,disappear,[np.int32(105)],[]
135,disappear,[np.int32(106)],[]
135,disappear,[np.int32(108)],[]
136,appear,[],[np.int32(4)]
136,appear,[],[np.int32(18)]
136,appear,[],[np.int32(20)]
136,appear,[],[np.int32(23)]
136,appear,[],[np.int32(25)]
136,appear,[],[np.int32(28)]
136,appear,[],[np.int32(35)]
136,appear,[],[np.int32(39)]
136,appear,[],[np.int32(60)]
136,appear,[],[np.int32(65)]
136,appear,[],[np.int32(76)]
136,appear,[],[np.int32(82)]
136,appear,[],[np.int32(101)]
136,appear,[],[np.int32(102)]
136,disappear,[np.int32(2)],[]
136,disappear,[np.int32(7)],[]
136,disappear,[np.int32(20)],[]
136,disappear,[np.int32(27)],[]
136,disappear,[np.int32(48)],[]
136,disappear,[np.int32(50)],[]
136,disappear,[np.int32(51)],[]
136,disappear,[np.int32(59)],[]
136,disappear,[np.int32(64)],[]
136,disappear,[np.int32(65)],[]
136,disappear,[np.int32(72)],[]
136,disappear,[np.int32(79)],[]
136,disappear,[np.int32(82)],[]
136,disappear,[np.int32(88)],[]
136,disappear,[np.int32(91)],[]
136,split,[np.int32(94)],"[np.int64(91), np.int64(99)]"
136,disappear,[np.int32(103)],[]
137,appear,[],[np.int32(2)]
137,appear,[],[np.int32(7)]
137,appear,[],[np.int32(16)]
137,appear,[],[np.int32(21)]
137,appear,[],[np.int32(30)]
137,appear,[],[np.int32(39)]
137,appear,[],[np.int32(47)]
137,appear,[],[np.int32(56)]
137,appear,[],[np.int32(66)]
137,appear,[],[np.int32(74)]
137,appear,[],[np.int32(82)]
137,appear,[],[np.int32(86)]
137,appear,[],[np.int32(89)]
137,disappear,[np.int32(4)],[]
137,disappear,[np.int32(8)],[]
137,disappear,[np.int32(10)],[]
137,disappear,[np.int32(31)],[]
137,disappear,[np.int32(57)],[]
137,disappear,[np.int32(59)],[]
137,disappear,[np.int32(60)],[]
137,disappear,[np.int32(65)],[]
137,disappear,[np.int32(68)],[]
137,disappear,[np.int32(69)],[]
137,disappear,[np.int32(78)],[]
137,disappear,[np.int32(82)],[]
138,appear,[],[np.int32(6)]
138,appear,[],[np.int32(13)]
138,appear,[],[np.int32(18)]
138,appear,[],[np.int32(25)]
138,appear,[],[np.int32(26)]
138,merge,"[np.int64(31), np.int64(39)]",[np.int32(30)]
138,appear,[],[np.int32(56)]
138,appear,[],[np.int32(57)]
138,appear,[],[np.int32(59)]
138,appear,[],[np.int32(64)]
138,appear,[],[np.int32(66)]
138,appear,[],[np.int32(71)]
138,appear,[],[np.int32(75)]
138,appear,[],[np.int32(76)]
138,appear,[],[np.int32(81)]
138,appear,[],[np.int32(83)]
138,appear,[],[np.int32(85)]
138,appear,[],[np.int32(90)]
138,disappear,[np.int32(16)],[]
138,disappear,[np.int32(18)],[]
138,disappear,[np.int32(20)],[]
138,disappear,[np.int32(25)],[]
138,disappear,[np.int32(28)],[]
138,disappear,[np.int32(30)],[]
138,disappear,[np.int32(41)],[]
138,disappear,[np.int32(47)],[]
138,disappear,[np.int32(49)],[]
138,disappear,[np.int32(66)],[]
138,disappear,[np.int32(67)],[]
138,disappear,[np.int32(77)],[]
138,disappear,[np.int32(82)],[]
138,disappear,[np.int32(86)],[]
139,appear,[],[np.int32(8)]
139,appear,[],[np.int32(16)]
139,appear,[],[np.int32(18)]
139,appear,[],[np.int32(26)]
139,appear,[],[np.int32(39)]
139,appear,[],[np.int32(43)]
139,appear,[],[np.int32(46)]
139,appear,[],[np.int32(51)]
139,appear,[],[np.int32(63)]
139,appear,[],[np.int32(65)]
139,appear,[],[np.int32(75)]
139,appear,[],[np.int32(76)]
139,appear,[],[np.int32(92)]
139,disappear,[np.int32(2)],[]
139,disappear,[np.int32(5)],[]
139,disappear,[np.int32(13)],[]
139,disappear,[np.int32(18)],[]
139,disappear,[np.int32(21)],[]
139,disappear,[np.int32(25)],[]
139,disappear,[np.int32(53)],[]
139,disappear,[np.int32(56)],[]
139,disappear,[np.int32(63)],[]
139,disappear,[np.int32(71)],[]
139,disappear,[np.int32(83)],[]
139,disappear,[np.int32(90)],[]
139,disappear,[np.int32(91)],[]
140,appear,[],[np.int32(2)]
140,appear,[],[np.int32(6)]
140,appear,[],[np.int32(7)]
140,appear,[],[np.int32(18)]
140,appear,[],[np.int32(21)]
140,appear,[],[np.int32(36)]
140,appear,[],[np.int32(43)]
140,appear,[],[np.int32(48)]
140,appear,[],[np.int32(56)]
140,appear,[],[np.int32(63)]
140,appear,[],[np.int32(66)]
140,appear,[],[np.int32(69)]
140,appear,[],[np.int32(76)]
140,appear,[],[np.int32(81)]
140,appear,[],[np.int32(89)]
140,appear,[],[np.int32(94)]
140,appear,[],[np.int32(96)]
140,appear,[],[np.int32(99)]
140,disappear,[np.int32(10)],[]
140,disappear,[np.int32(23)],[]
140,disappear,[np.int32(26)],[]
140,disappear,[np.int32(39)],[]
140,disappear,[np.int32(44)],[]
140,disappear,[np.int32(46)],[]
140,disappear,[np.int32(60)],[]
140,disappear,[np.int32(61)],[]
140,disappear,[np.int32(78)],[]
140,disappear,[np.int32(79)],[]
140,disappear,[np.int32(94)],[]
141,appear,[],[np.int32(25)]
141,appear,[],[np.int32(34)]
141,appear,[],[np.int32(44)]
141,appear,[],[np.int32(46)]
141,appear,[],[np.int32(47)]
141,merge,"[np.int64(62), np.int64(69)]",[np.int32(59)]
141,appear,[],[np.int32(60)]
141,merge,"[np.int64(63), np.int64(67)]",[np.int32(61)]
141,appear,[],[np.int32(79)]
141,appear,[],[np.int32(97)]
141,appear,[],[np.int32(100)]
141,disappear,[np.int32(1)],[]
141,disappear,[np.int32(6)],[]
141,disappear,[np.int32(7)],[]
141,disappear,[np.int32(21)],[]
141,disappear,[np.int32(46)],[]
141,disappear,[np.int32(53)],[]
141,disappear,[np.int32(55)],[]
141,disappear,[np.int32(56)],[]
141,disappear,[np.int32(77)],[]
141,disappear,[np.int32(85)],[]
141,disappear,[np.int32(96)],[]
142,appear,[],[np.int32(5)]
142,appear,[],[np.int32(7)]
142,appear,[],[np.int32(23)]
142,appear,[],[np.int32(29)]
142,appear,[],[np.int32(44)]
142,appear,[],[np.int32(74)]
142,merge,"[np.int64(83), np.int64(88)]",[np.int32(81)]
142,appear,[],[np.int32(82)]
142,appear,[],[np.int32(84)]
142,appear,[],[np.int32(101)]
142,disappear,[np.int32(26)],[]
142,disappear,[np.int32(34)],[]
142,disappear,[np.int32(41)],[]
142,disappear,[np.int32(43)],[]
142,disappear,[np.int32(44)],[]
142,disappear,[np.int32(62)],[]
142,disappear,[np.int32(75)],[]
142,disappear,[np.int32(76)],[]
142,disappear,[np.int32(80)],[]
142,disappear,[np.int32(84)],[]
142,disappear,[np.int32(87)],[]
142,disappear,[np.int32(90)],[]
142,disappear,[np.int32(93)],[]
142,disappear,[np.int32(97)],[]
142,disappear,[np.int32(100)],[]
143,appear,[],[np.int32(2)]
143,appear,[],[np.int32(7)]
143,appear,[],[np.int32(26)]
143,appear,[],[np.int32(30)]
143,appear,[],[np.int32(32)]
143,appear,[],[np.int32(41)]
143,appear,[],[np.int32(45)]
143,appear,[],[np.int32(56)]
143,appear,[],[np.int32(58)]
143,appear,[],[np.int32(69)]
143,appear,[],[np.int32(73)]
143,appear,[],[np.int32(80)]
143,appear,[],[np.int32(82)]
143,appear,[],[np.int32(85)]
143,appear,[],[np.int32(86)]
143,appear,[],[np.int32(87)]
143,appear,[],[np.int32(91)]
143,appear,[],[np.int32(95)]
143,appear,[],[np.int32(105)]
143,disappear,[np.int32(12)],[]
143,disappear,[np.int32(23)],[]
143,disappear,[np.int32(31)],[]
143,disappear,[np.int32(35)],[]
143,disappear,[np.int32(74)],[]
143,disappear,[np.int32(77)],[]
143,disappear,[np.int32(79)],[]
143,disappear,[np.int32(84)],[]
144,appear,[],[np.int32(2)]
144,appear,[],[np.int32(9)]
144,appear,[],[np.int32(16)]
144,appear,[],[np.int32(19)]
144,appear,[],[np.int32(21)]
144,appear,[],[np.int32(28)]
144,appear,[],[np.int32(35)]
144,appear,[],[np.int32(39)]
144,appear,[],[np.int32(41)]
144,appear,[],[np.int32(82)]
144,appear,[],[np.int32(87)]
144,appear,[],[np.int32(100)]
144,appear,[],[np.int32(106)]
144,disappear,[np.int32(2)],[]
144,disappear,[np.int32(19)],[]
144,disappear,[np.int32(20)],[]
144,disappear,[np.int32(25)],[]
144,disappear,[np.int32(26)],[]
144,disappear,[np.int32(44)],[]
144,disappear,[np.int32(53)],[]
144,disappear,[np.int32(63)],[]
144,disappear,[np.int32(75)],[]
144,split,[np.int32(90)],"[np.int64(92), np.int64(95)]"
144,disappear,[np.int32(92)],[]
144,disappear,[np.int32(105)],[]
145,appear,[],[np.int32(1)]
145,appear,[],[np.int32(20)]
145,appear,[],[np.int32(26)]
145,appear,[],[np.int32(80)]
145,appear,[],[np.int32(88)]
145,appear,[],[np.int32(91)]
145,disappear,[np.int32(9)],[]
145,disappear,[np.int32(16)],[]
145,disappear,[np.int32(19)],[]
145,disappear,[np.int32(21)],[]
145,disappear,[np.int32(33)],[]
145,disappear,[np.int32(48)],[]
145,disappear,[np.int32(82)],[]
145,disappear,[np.int32(87)],[]
145,disappear,[np.int32(88)],[]
145,disappear,[np.int32(93)],[]
145,disappear,[np.int32(97)],[]
145,disappear,[np.int32(102)],[]
145,disappear,[np.int32(109)],[]
145,disappear,[np.int32(110)],[]
146,appear,[],[np.int32(10)]
146,appear,[],[np.int32(18)]
146,appear,[],[np.int32(25)]
146,merge,"[np.int64(48), np.int64(57)]",[np.int32(47)]
146,appear,[],[np.int32(77)]
146,appear,[],[np.int32(81)]
146,appear,[],[np.int32(93)]
146,appear,[],[np.int32(104)]
146,disappear,[np.int32(14)],[]
146,disappear,[np.int32(21)],[]
146,disappear,[np.int32(30)],[]
146,disappear,[np.int32(38)],[]
146,disappear,[np.int32(55)],[]
146,disappear,[np.int32(82)],[]
146,disappear,[np.int32(91)],[]
146,disappear,[np.int32(102)],[]
146,disappear,[np.int32(107)],[]
147,appear,[],[np.int32(21)]
147,appear,[],[np.int32(35)]
147,appear,[],[np.int32(45)]
147,disappear,[np.int32(3)],[]
147,disappear,[np.int32(10)],[]
147,disappear,[np.int32(40)],[]
147,disappear,[np.int32(51)],[]
147,disappear,[np.int32(66)],[]
147,disappear,[np.int32(81)],[]
147,disappear,[np.int32(87)],[]
147,disappear,[np.int32(93)],[]
147,disappear,[np.int32(104)],[]
148,appear,[],[np.int32(3)]
148,appear,[],[np.int32(19)]
148,appear,[],[np.int32(26)]
148,appear,[],[np.int32(52)]
148,appear,[],[np.int32(64)]
148,appear,[],[np.int32(67)]
148,appear,[],[np.int32(81)]
148,appear,[],[np.int32(85)]
148,appear,[],[np.int32(86)]
148,appear,[],[np.int32(89)]
148,appear,[],[np.int32(98)]
148,disappear,[np.int32(9)],[]
148,disappear,[np.int32(21)],[]
148,disappear,[np.int32(24)],[]
148,disappear,[np.int32(27)],[]
148,disappear,[np.int32(46)],[]
148,disappear,[np.int32(80)],[]
148,disappear,[np.int32(83)],[]
149,appear,[],[np.int32(5)]
149,appear,[],[np.int32(11)]
149,appear,[],[np.int32(40)]
149,appear,[],[np.int32(49)]
149,appear,[],[np.int32(54)]
149,appear,[],[np.int32(56)]
149,appear,[],[np.int32(76)]
149,appear,[],[np.int32(78)]
149,appear,[],[np.int32(81)]
149,appear,[],[np.int32(95)]
149,disappear,[np.int32(10)],[]
149,disappear,[np.int32(19)],[]
149,disappear,[np.int32(23)],[]
149,disappear,[np.int32(26)],[]
149,disappear,[np.int32(27)],[]
149,disappear,[np.int32(31)],[]
149,disappear,[np.int32(34)],[]
149,disappear,[np.int32(62)],[]
149,disappear,[np.int32(70)],[]
149,disappear,[np.int32(74)],[]
149,disappear,[np.int32(81)],[]
149,disappear,[np.int32(88)],[]
149,disappear,[np.int32(89)],[]
149,disappear,[np.int32(93)],[]
149,disappear,[np.int32(94)],[]
149,disappear,[np.int32(98)],[]
149,disappear,[np.int32(102)],[]
150,appear,[],[np.int32(1)]
150,appear,[],[np.int32(16)]
150,appear,[],[np.int32(26)]
150,appear,[],[np.int32(64)]
150,appear,[],[np.int32(73)]
150,appear,[],[np.int32(80)]
150,appear,[],[np.int32(81)]
150,appear,[],[np.int32(88)]
150,appear,[],[np.int32(94)]
150,appear,[],[np.int32(100)]
150,disappear,[np.int32(61)],[]
150,disappear,[np.int32(62)],[]
150,disappear,[np.int32(76)],[]
150,disappear,[np.int32(89)],[]
151,appear,[],[np.int32(11)]
151,appear,[],[np.int32(14)]
151,appear,[],[np.int32(22)]
151,appear,[],[np.int32(26)]
151,appear,[],[np.int32(32)]
151,appear,[],[np.int32(68)]
151,appear,[],[np.int32(92)]
151,appear,[],[np.int32(95)]
151,disappear,[np.int32(16)],[]
151,disappear,[np.int32(34)],[]
151,disappear,[np.int32(72)],[]
151,disappear,[np.int32(81)],[]
151,disappear,[np.int32(88)],[]
151,disappear,[np.int32(100)],[]
152,appear,[],[np.int32(12)]
152,appear,[],[np.int32(61)]
152,appear,[],[np.int32(76)]
152,appear,[],[np.int32(86)]
152,appear,[],[np.int32(89)]
152,disappear,[np.int32(8)],[]
152,disappear,[np.int32(13)],[]
152,disappear,[np.int32(14)],[]
152,disappear,[np.int32(22)],[]
152,disappear,[np.int32(29)],[]
152,disappear,[np.int32(32)],[]
152,disappear,[np.int32(44)],[]
152,disappear,[np.int32(76)],[]
152,disappear,[np.int32(87)],[]
152,disappear,[np.int32(92)],[]
152,disappear,[np.int32(95)],[]
153,appear,[],[np.int32(7)]
153,appear,[],[np.int32(24)]
153,appear,[],[np.int32(25)]
153,appear,[],[np.int32(28)]
153,appear,[],[np.int32(29)]
153,appear,[],[np.int32(54)]
153,appear,[],[np.int32(69)]
153,appear,[],[np.int32(75)]
153,appear,[],[np.int32(89)]
153,appear,[],[np.int32(92)]
153,appear,[],[np.int32(96)]
153,appear,[],[np.int32(98)]
153,appear,[],[np.int32(102)]
153,disappear,[np.int32(9)],[]
153,disappear,[np.int32(12)],[]
153,disappear,[np.int32(21)],[]
153,disappear,[np.int32(23)],[]
153,disappear,[np.int32(32)],[]
153,disappear,[np.int32(47)],[]
153,split,[np.int32(57)],"[np.int64(57), np.int64(60)]"
153,disappear,[np.int32(76)],[]
153,disappear,[np.int32(89)],[]
154,appear,[],[np.int32(12)]
154,appear,[],[np.int32(19)]
154,appear,[],[np.int32(22)]
154,appear,[],[np.int32(25)]
154,appear,[],[np.int32(26)]
154,appear,[],[np.int32(44)]
154,appear,[],[np.int32(45)]
154,appear,[],[np.int32(50)]
154,appear,[],[np.int32(87)]
154,appear,[],[np.int32(90)]
154,appear,[],[np.int32(93)]
154,appear,[],[np.int32(102)]
154,disappear,[np.int32(1)],[]
154,disappear,[np.int32(28)],[]
154,disappear,[np.int32(55)],[]
154,disappear,[np.int32(61)],[]
154,disappear,[np.int32(62)],[]
154,split,[np.int32(70)],"[np.int64(73), np.int64(74)]"
154,disappear,[np.int32(75)],[]
154,disappear,[np.int32(88)],[]
154,disappear,[np.int32(89)],[]
154,disappear,[np.int32(96)],[]
154,disappear,[np.int32(98)],[]
154,split,[np.int32(99)],"[np.int64(101), np.int64(106)]"
154,disappear,[np.int32(102)],[]
155,appear,[],[np.int32(1)]
155,appear,[],[np.int32(11)]
155,appear,[],[np.int32(13)]
155,appear,[],[np.int32(48)]
155,appear,[],[np.int32(53)]
155,appear,[],[np.int32(68)]
155,appear,[],[np.int32(82)]
155,appear,[],[np.int32(86)]
155,appear,[],[np.int32(91)]
155,appear,[],[np.int32(96)]
155,disappear,[np.int32(29)],[]
155,disappear,[np.int32(32)],[]
155,disappear,[np.int32(42)],[]
155,split,[np.int32(56)],"[np.int64(58), np.int64(59)]"
155,disappear,[np.int32(57)],[]
155,disappear,[np.int32(86)],[]
155,disappear,[np.int32(90)],[]
155,disappear,[np.int32(92)],[]
155,disappear,[np.int32(106)],[]
156,appear,[],[np.int32(28)]
156,appear,[],[np.int32(31)]
156,appear,[],[np.int32(32)]
156,appear,[],[np.int32(36)]
156,appear,[],[np.int32(40)]
156,appear,[],[np.int32(44)]
156,appear,[],[np.int32(63)]
156,appear,[],[np.int32(74)]
156,appear,[],[np.int32(100)]
156,appear,[],[np.int32(105)]
156,disappear,[np.int32(7)],[]
156,disappear,[np.int32(25)],[]
156,disappear,[np.int32(28)],[]
156,disappear,[np.int32(29)],[]
156,disappear,[np.int32(44)],[]
156,disappear,[np.int32(55)],[]
156,disappear,[np.int32(63)],[]
156,disappear,[np.int32(67)],[]
156,disappear,[np.int32(68)],[]
156,disappear,[np.int32(86)],[]
156,disappear,[np.int32(92)],[]
156,disappear,[np.int32(95)],[]
156,disappear,[np.int32(102)],[]
156,disappear,[np.int32(107)],[]
157,appear,[],[np.int32(8)]
157,appear,[],[np.int32(13)]
157,appear,[],[np.int32(28)]
157,appear,[],[np.int32(33)]
157,appear,[],[np.int32(62)]
157,appear,[],[np.int32(64)]
157,appear,[],[np.int32(67)]
157,appear,[],[np.int32(90)]
157,appear,[],[np.int32(91)]
157,appear,[],[np.int32(102)]
157,appear,[],[np.int32(104)]
157,disappear,[np.int32(33)],[]
157,disappear,[np.int32(38)],[]
157,disappear,[np.int32(58)],[]
157,disappear,[np.int32(59)],[]
157,disappear,[np.int32(63)],[]
157,disappear,[np.int32(79)],[]
157,disappear,[np.int32(89)],[]
157,disappear,[np.int32(95)],[]
157,disappear,[np.int32(102)],[]
158,appear,[],[np.int32(25)]
158,appear,[],[np.int32(58)]
158,appear,[],[np.int32(67)]
158,appear,[],[np.int32(96)]
158,appear,[],[np.int32(102)]
158,disappear,[np.int32(10)],[]
158,disappear,[np.int32(39)],[]
158,disappear,[np.int32(51)],[]
158,disappear,[np.int32(62)],[]
158,disappear,[np.int32(73)],[]
158,disappear,[np.int32(100)],[]
159,appear,[],[np.int32(25)]
159,appear,[],[np.int32(30)]
159,appear,[],[np.int32(39)]
159,appear,[],[np.int32(40)]
159,appear,[],[np.int32(47)]
159,appear,[],[np.int32(52)]
159,appear,[],[np.int32(77)]
159,appear,[],[np.int32(80)]
159,appear,[],[np.int32(88)]
159,disappear,[np.int32(13)],[]
159,split,[np.int32(14)],"[np.int64(14), np.int64(18)]"
159,disappear,[np.int32(19)],[]
159,disappear,[np.int32(25)],[]
159,split,[np.int32(39)],"[np.int64(41), np.int64(42)]"
159,disappear,[np.int32(41)],[]
159,disappear,[np.int32(44)],[]
159,disappear,[np.int32(45)],[]
159,disappear,[np.int32(58)],[]
159,disappear,[np.int32(65)],[]
159,disappear,[np.int32(67)],[]
159,disappear,[np.int32(74)],[]
159,disappear,[np.int32(75)],[]
159,disappear,[np.int32(76)],[]
159,disappear,[np.int32(99)],[]
159,disappear,[np.int32(103)],[]
160,appear,[],[np.int32(16)]
160,appear,[],[np.int32(18)]
160,appear,[],[np.int32(51)]
160,appear,[],[np.int32(55)]
160,appear,[],[np.int32(62)]
160,appear,[],[np.int32(67)]
160,appear,[],[np.int32(72)]
160,appear,[],[np.int32(75)]
160,appear,[],[np.int32(98)]
160,appear,[],[np.int32(99)]
160,appear,[],[np.int32(103)]
160,appear,[],[np.int32(104)]
160,disappear,[np.int32(3)],[]
160,disappear,[np.int32(29)],[]
160,disappear,[np.int32(30)],[]
160,disappear,[np.int32(39)],[]
160,disappear,[np.int32(59)],[]
160,disappear,[np.int32(77)],[]
160,disappear,[np.int32(80)],[]
160,disappear,[np.int32(88)],[]
161,appear,[],[np.int32(34)]
161,appear,[],[np.int32(35)]
161,appear,[],[np.int32(39)]
161,appear,[],[np.int32(41)]
161,appear,[],[np.int32(55)]
161,appear,[],[np.int32(62)]
161,appear,[],[np.int32(88)]
161,appear,[],[np.int32(90)]
161,appear,[],[np.int32(100)]
161,appear,[],[np.int32(106)]
161,disappear,[np.int32(13)],[]
161,disappear,[np.int32(16)],[]
161,disappear,[np.int32(18)],[]
161,disappear,[np.int32(25)],[]
161,disappear,[np.int32(64)],[]
161,disappear,[np.int32(67)],[]
161,disappear,[np.int32(68)],[]
161,disappear,[np.int32(90)],[]
161,disappear,[np.int32(99)],[]
161,disappear,[np.int32(104)],[]
161,disappear,[np.int32(107)],[]
162,appear,[],[np.int32(2)]
162,appear,[],[np.int32(14)]
162,appear,[],[np.int32(17)]
162,appear,[],[np.int32(64)]
162,appear,[],[np.int32(71)]
162,appear,[],[np.int32(88)]
162,appear,[],[np.int32(93)]
162,disappear,[np.int32(11)],[]
162,disappear,[np.int32(18)],[]
162,disappear,[np.int32(30)],[]
162,disappear,[np.int32(34)],[]
162,disappear,[np.int32(51)],[]
162,disappear,[np.int32(74)],[]
162,disappear,[np.int32(85)],[]
162,disappear,[np.int32(88)],[]
162,disappear,[np.int32(95)],[]
162,disappear,[np.int32(103)],[]
163,appear,[],[np.int32(17)]
163,appear,[],[np.int32(24)]
163,appear,[],[np.int32(33)]
163,appear,[],[np.int32(35)]
163,appear,[],[np.int32(66)]
163,appear,[],[np.int32(76)]
163,appear,[],[np.int32(81)]
163,merge,"[np.int64(87), np.int64(91)]",[np.int32(88)]
163,appear,[],[np.int32(102)]
163,disappear,[np.int32(2)],[]
163,disappear,[np.int32(10)],[]
163,disappear,[np.int32(24)],[]
163,disappear,[np.int32(34)],[]
163,disappear,[np.int32(49)],[]
163,disappear,[np.int32(83)],[]
163,disappear,[np.int32(93)],[]
164,appear,[],[np.int32(8)]
164,appear,[],[np.int32(12)]
164,appear,[],[np.int32(17)]
164,appear,[],[np.int32(18)]
164,appear,[],[np.int32(26)]
164,appear,[],[np.int32(27)]
164,appear,[],[np.int32(30)]
164,appear,[],[np.int32(61)]
164,appear,[],[np.int32(80)]
164,appear,[],[np.int32(81)]
164,appear,[],[np.int32(85)]
164,appear,[],[np.int32(93)]
164,appear,[],[np.int32(99)]
164,appear,[],[np.int32(111)]
164,disappear,[np.int32(4)],[]
164,disappear,[np.int32(73)],[]
164,disappear,[np.int32(76)],[]
164,disappear,[np.int32(102)],[]
165,appear,[],[np.int32(44)]
165,appear,[],[np.int32(52)]
165,appear,[],[np.int32(77)]
165,appear,[],[np.int32(80)]
165,disappear,[np.int32(8)],[]
165,disappear,[np.int32(17)],[]
165,disappear,[np.int32(18)],[]
165,disappear,[np.int32(20)],[]
165,disappear,[np.int32(26)],[]
165,disappear,[np.int32(27)],[]
165,disappear,[np.int32(36)],[]
165,disappear,[np.int32(69)],[]
165,disappear,[np.int32(80)],[]
165,disappear,[np.int32(81)],[]
165,disappear,[np.int32(98)],[]
165,disappear,[np.int32(99)],[]
166,appear,[],[np.int32(5)]
166,appear,[],[np.int32(8)]
166,appear,[],[np.int32(14)]
166,appear,[],[np.int32(18)]
166,appear,[],[np.int32(20)]
166,appear,[],[np.int32(26)]
166,appear,[],[np.int32(65)]
166,appear,[],[np.int32(68)]
166,appear,[],[np.int32(70)]
166,appear,[],[np.int32(77)]
166,appear,[],[np.int32(92)]
166,appear,[],[np.int32(95)]
166,disappear,[np.int32(11)],[]
166,disappear,[np.int32(36)],[]
166,disappear,[np.int32(37)],[]
166,disappear,[np.int32(56)],[]
166,disappear,[np.int32(60)],[]
166,split,[np.int32(66)],"[np.int64(69), np.int64(76)]"
166,disappear,[np.int32(72)],[]
166,disappear,[np.int32(73)],[]
166,disappear,[np.int32(82)],[]
166,disappear,[np.int32(86)],[]
166,disappear,[np.int32(100)],[]
167,appear,[],[np.int32(11)]
167,merge,"[np.int64(28), np.int64(36)]",[np.int32(26)]
167,appear,[],[np.int32(52)]
167,appear,[],[np.int32(56)]
167,appear,[],[np.int32(64)]
167,appear,[],[np.int32(72)]
167,appear,[],[np.int32(74)]
167,appear,[],[np.int32(75)]
167,appear,[],[np.int32(78)]
167,appear,[],[np.int32(95)]
167,appear,[],[np.int32(96)]
167,appear,[],[np.int32(97)]
167,appear,[],[np.int32(104)]
167,appear,[],[np.int32(108)]
167,disappear,[np.int32(5)],[]
167,disappear,[np.int32(24)],[]
167,disappear,[np.int32(26)],[]
167,disappear,[np.int32(47)],[]
167,disappear,[np.int32(53)],[]
167,disappear,[np.int32(57)],[]
167,disappear,[np.int32(68)],[]
167,disappear,[np.int32(77)],[]
167,disappear,[np.int32(92)],[]
167,disappear,[np.int32(93)],[]
167,disappear,[np.int32(95)],[]
168,appear,[],[np.int32(6)]
168,appear,[],[np.int32(34)]
168,appear,[],[np.int32(40)]
168,appear,[],[np.int32(42)]
168,appear,[],[np.int32(48)]
168,appear,[],[np.int32(57)]
168,appear,[],[np.int32(73)]
168,appear,[],[np.int32(78)]
168,appear,[],[np.int32(88)]
168,appear,[],[np.int32(90)]
168,disappear,[np.int32(11)],[]
168,disappear,[np.int32(21)],[]
168,disappear,[np.int32(27)],[]
168,disappear,[np.int32(30)],[]
168,disappear,[np.int32(43)],[]
168,disappear,[np.int32(52)],[]
168,disappear,[np.int32(56)],[]
168,disappear,[np.int32(61)],[]
168,disappear,[np.int32(75)],[]
168,disappear,[np.int32(80)],[]
168,disappear,[np.int32(81)],[]
168,disappear,[np.int32(95)],[]
168,disappear,[np.int32(101)],[]
169,appear,[],[np.int32(11)]
169,appear,[],[np.int32(12)]
169,appear,[],[np.int32(22)]
169,appear,[],[np.int32(23)]
169,appear,[],[np.int32(37)]
169,appear,[],[np.int32(39)]
169,appear,[],[np.int32(43)]
169,appear,[],[np.int32(60)]
169,appear,[],[np.int32(74)]
169,appear,[],[np.int32(80)]
169,appear,[],[np.int32(100)]
169,appear,[],[np.int32(106)]
169,disappear,[np.int32(5)],[]
169,disappear,[np.int32(19)],[]
169,disappear,[np.int32(22)],[]
169,disappear,[np.int32(39)],[]
169,disappear,[np.int32(41)],[]
169,disappear,[np.int32(44)],[]
169,disappear,[np.int32(52)],[]
169,disappear,[np.int32(72)],[]
169,disappear,[np.int32(90)],[]
169,disappear,[np.int32(105)],[]
170,appear,[],[np.int32(6)]
170,appear,[],[np.int32(20)]
170,appear,[],[np.int32(23)]
170,appear,[],[np.int32(26)]
170,appear,[],[np.int32(31)]
170,appear,[],[np.int32(33)]
170,appear,[],[np.int32(38)]
170,appear,[],[np.int32(47)]
170,appear,[],[np.int32(54)]
170,appear,[],[np.int32(57)]
170,appear,[],[np.int32(60)]
170,appear,[],[np.int32(72)]
170,appear,[],[np.int32(79)]
170,appear,[],[np.int32(98)]
170,disappear,[np.int32(12)],[]
170,disappear,[np.int32(22)],[]
170,disappear,[np.int32(30)],[]
170,disappear,[np.int32(35)],[]
170,disappear,[np.int32(50)],[]
170,disappear,[np.int32(60)],[]
170,disappear,[np.int32(79)],[]
170,disappear,[np.int32(95)],[]
170,disappear,[np.int32(106)],[]
171,appear,[],[np.int32(3)]
171,merge,"[np.int64(26), np.int64(31)]",[np.int32(26)]
171,appear,[],[np.int32(33)]
171,appear,[],[np.int32(39)]
171,merge,"[np.int64(44), np.int64(48)]",[np.int32(45)]
171,appear,[],[np.int32(48)]
171,merge,"[np.int64(67), np.int64(72)]",[np.int32(65)]
171,appear,[],[np.int32(67)]
171,appear,[],[np.int32(68)]
171,appear,[],[np.int32(97)]
171,split,[np.int32(11)],"[np.int64(12), np.int64(15)]"
171,disappear,[np.int32(12)],[]
171,disappear,[np.int32(18)],[]
171,disappear,[np.int32(45)],[]
171,disappear,[np.int32(46)],[]
171,disappear,[np.int32(54)],[]
171,disappear,[np.int32(70)],[]
171,disappear,[np.int32(75)],[]
171,disappear,[np.int32(93)],[]
171,disappear,[np.int32(94)],[]
171,disappear,[np.int32(102)],[]
172,appear,[],[np.int32(13)]
172,appear,[],[np.int32(41)]
172,appear,[],[np.int32(42)]
172,appear,[],[np.int32(68)]
172,appear,[],[np.int32(83)]
172,appear,[],[np.int32(88)]
172,appear,[],[np.int32(92)]
172,appear,[],[np.int32(103)]
172,split,[np.int32(1)],"[np.int64(1), np.int64(7)]"
172,disappear,[np.int32(6)],[]
172,disappear,[np.int32(14)],[]
172,disappear,[np.int32(19)],[]
172,disappear,[np.int32(33)],[]
172,disappear,[np.int32(35)],[]
172,disappear,[np.int32(36)],[]
172,disappear,[np.int32(38)],[]
172,disappear,[np.int32(46)],[]
172,disappear,[np.int32(48)],[]
172,disappear,[np.int32(49)],[]
172,disappear,[np.int32(67)],[]
172,disappear,[np.int32(76)],[]
172,disappear,[np.int32(94)],[]
172,disappear,[np.int32(97)],[]
173,appear,[],[np.int32(12)]
173,appear,[],[np.int32(23)]
173,appear,[],[np.int32(34)]
173,appear,[],[np.int32(58)]
173,appear,[],[np.int32(84)]
173,appear,[],[np.int32(86)]
173,appear,[],[np.int32(88)]
173,disappear,[np.int32(19)],[]
173,disappear,[np.int32(20)],[]
173,disappear,[np.int32(41)],[]
173,disappear,[np.int32(43)],[]
173,disappear,[np.int32(50)],[]
173,disappear,[np.int32(64)],[]
173,disappear,[np.int32(68)],[]
173,disappear,[np.int32(83)],[]
173,disappear,[np.int32(87)],[]
173,disappear,[np.int32(103)],[]
174,appear,[],[np.int32(14)]
174,appear,[],[np.int32(20)]
174,appear,[],[np.int32(21)]
174,appear,[],[np.int32(39)]
174,appear,[],[np.int32(44)]
174,appear,[],[np.int32(46)]
174,appear,[],[np.int32(47)]
174,appear,[],[np.int32(48)]
174,appear,[],[np.int32(50)]
174,appear,[],[np.int32(71)]
174,appear,[],[np.int32(80)]
174,appear,[],[np.int32(86)]
174,appear,[],[np.int32(90)]
174,appear,[],[np.int32(105)]
174,appear,[],[np.int32(109)]
174,disappear,[np.int32(1)],[]
174,disappear,[np.int32(23)],[]
174,disappear,[np.int32(46)],[]
174,disappear,[np.int32(58)],[]
174,disappear,[np.int32(61)],[]
174,disappear,[np.int32(92)],[]
175,appear,[],[np.int32(3)]
175,appear,[],[np.int32(43)]
175,appear,[],[np.int32(59)]
175,appear,[],[np.int32(61)]
175,appear,[],[np.int32(80)]
175,appear,[],[np.int32(91)]
175,appear,[],[np.int32(96)]
175,disappear,[np.int32(4)],[]
175,disappear,[np.int32(12)],[]
175,disappear,[np.int32(15)],[]
175,disappear,[np.int32(17)],[]
175,disappear,[np.int32(35)],[]
175,disappear,[np.int32(36)],[]
175,disappear,[np.int32(40)],[]
175,disappear,[np.int32(47)],[]
175,disappear,[np.int32(71)],[]
175,disappear,[np.int32(80)],[]
175,disappear,[np.int32(95)],[]
175,disappear,[np.int32(103)],[]
175,disappear,[np.int32(109)],[]
176,appear,[],[np.int32(4)]
176,appear,[],[np.int32(11)]
176,appear,[],[np.int32(14)]
176,appear,[],[np.int32(31)]
176,appear,[],[np.int32(35)]
176,appear,[],[np.int32(55)]
176,appear,[],[np.int32(64)]
176,appear,[],[np.int32(65)]
176,appear,[],[np.int32(70)]
176,appear,[],[np.int32(76)]
176,appear,[],[np.int32(80)]
176,appear,[],[np.int32(88)]
176,appear,[],[np.int32(89)]
176,appear,[],[np.int32(94)]
176,appear,[],[np.int32(107)]
176,disappear,[np.int32(3)],[]
176,disappear,[np.int32(10)],[]
176,disappear,[np.int32(13)],[]
176,disappear,[np.int32(17)],[]
176,disappear,[np.int32(39)],[]
176,disappear,[np.int32(42)],[]
176,disappear,[np.int32(50)],[]
176,disappear,[np.int32(59)],[]
176,disappear,[np.int32(77)],[]
176,disappear,[np.int32(101)],[]
177,appear,[],[np.int32(13)]
177,appear,[],[np.int32(17)]
177,appear,[],[np.int32(19)]
177,appear,[],[np.int32(23)]
177,appear,[],[np.int32(34)]
177,appear,[],[np.int32(36)]
177,appear,[],[np.int32(63)]
177,appear,[],[np.int32(79)]
177,appear,[],[np.int32(86)]
177,appear,[],[np.int32(90)]
177,appear,[],[np.int32(102)]
177,appear,[],[np.int32(111)]
177,disappear,[np.int32(17)],[]
177,disappear,[np.int32(65)],[]
177,split,[np.int32(79)],"[np.int64(85), np.int64(89)]"
177,disappear,[np.int32(82)],[]
177,disappear,[np.int32(83)],[]
177,disappear,[np.int32(88)],[]
177,disappear,[np.int32(89)],[]
177,disappear,[np.int32(105)],[]
177,disappear,[np.int32(107)],[]
178,appear,[],[np.int32(23)]
178,appear,[],[np.int32(35)]
178,appear,[],[np.int32(45)]
178,appear,[],[np.int32(51)]
178,appear,[],[np.int32(88)]
178,merge,"[np.int64(94), np.int64(101)]",[np.int32(92)]
178,disappear,[np.int32(2)],[]
178,disappear,[np.int32(8)],[]
178,disappear,[np.int32(34)],[]
178,disappear,[np.int32(48)],[]
178,disappear,[np.int32(63)],[]
178,split,[np.int32(78)],"[np.int64(77), np.int64(85)]"
178,disappear,[np.int32(81)],[]
178,disappear,[np.int32(82)],[]
178,disappear,[np.int32(88)],[]
178,disappear,[np.int32(102)],[]
178,disappear,[np.int32(105)],[]
179,appear,[],[np.int32(3)]
179,appear,[],[np.int32(8)]
179,appear,[],[np.int32(33)]
179,appear,[],[np.int32(42)]
179,appear,[],[np.int32(52)]
179,appear,[],[np.int32(58)]
179,appear,[],[np.int32(80)]
179,appear,[],[np.int32(89)]
179,appear,[],[np.int32(100)]
179,appear,[],[np.int32(105)]
179,appear,[],[np.int32(110)]
179,disappear,[np.int32(15)],[]
179,disappear,[np.int32(29)],[]
179,disappear,[np.int32(33)],[]
179,disappear,[np.int32(35)],[]
179,disappear,[np.int32(42)],[]
179,disappear,[np.int32(45)],[]
179,disappear,[np.int32(88)],[]
180,appear,[],[np.int32(15)]
180,appear,[],[np.int32(27)]
180,appear,[],[np.int32(31)]
180,appear,[],[np.int32(32)]
180,appear,[],[np.int32(39)]
180,appear,[],[np.int32(55)]
180,appear,[],[np.int32(81)]
180,disappear,[np.int32(3)],[]
180,disappear,[np.int32(15)],[]
180,disappear,[np.int32(19)],[]
180,disappear,[np.int32(26)],[]
180,disappear,[np.int32(33)],[]
180,disappear,[np.int32(38)],[]
180,disappear,[np.int32(49)],[]
180,disappear,[np.int32(52)],[]
180,disappear,[np.int32(58)],[]
180,disappear,[np.int32(64)],[]
180,disappear,[np.int32(74)],[]
180,disappear,[np.int32(90)],[]
180,disappear,[np.int32(96)],[]
180,disappear,[np.int32(105)],[]
180,disappear,[np.int32(109)],[]
181,appear,[],[np.int32(2)]
181,appear,[],[np.int32(8)]
181,appear,[],[np.int32(10)]
181,appear,[],[np.int32(38)]
181,appear,[],[np.int32(70)]
181,appear,[],[np.int32(86)]
181,appear,[],[np.int32(92)]
181,appear,[],[np.int32(96)]
181,disappear,[np.int32(9)],[]
181,disappear,[np.int32(22)],[]
181,disappear,[np.int32(50)],[]
181,disappear,[np.int32(63)],[]
181,disappear,[np.int32(84)],[]
181,disappear,[np.int32(94)],[]
182,appear,[],[np.int32(11)]
182,appear,[],[np.int32(12)]
182,appear,[],[np.int32(24)]
182,appear,[],[np.int32(35)]
182,appear,[],[np.int32(43)]
182,appear,[],[np.int32(46)]
182,appear,[],[np.int32(48)]
182,appear,[],[np.int32(65)]
182,merge,"[np.int64(82), np.int64(83)]",[np.int32(88)]
182,disappear,[np.int32(8)],[]
182,disappear,[np.int32(12)],[]
182,disappear,[np.int32(25)],[]
182,disappear,[np.int32(53)],[]
182,split,[np.int32(71)],"[np.int64(76), np.int64(78)]"
182,split,[np.int32(72)],"[np.int64(75), np.int64(87)]"
182,disappear,[np.int32(92)],[]
182,disappear,[np.int32(98)],[]
182,split,[np.int32(102)],"[np.int64(105), np.int64(107)]"
183,appear,[],[np.int32(10)]
183,appear,[],[np.int32(23)]
183,appear,[],[np.int32(27)]
183,appear,[],[np.int32(43)]
183,appear,[],[np.int32(49)]
183,appear,[],[np.int32(50)]
183,appear,[],[np.int32(54)]
183,appear,[],[np.int32(55)]
183,appear,[],[np.int32(63)]
183,appear,[],[np.int32(86)]
183,appear,[],[np.int32(100)]
183,appear,[],[np.int32(105)]
183,disappear,[np.int32(1)],[]
183,disappear,[np.int32(11)],[]
183,disappear,[np.int32(12)],[]
183,disappear,[np.int32(30)],[]
183,disappear,[np.int32(42)],[]
183,disappear,[np.int32(43)],[]
183,disappear,[np.int32(46)],[]
183,disappear,[np.int32(48)],[]
183,disappear,[np.int32(53)],[]
183,disappear,[np.int32(62)],[]
183,disappear,[np.int32(65)],[]
183,disappear,[np.int32(78)],[]
183,disappear,[np.int32(89)],[]
183,disappear,[np.int32(91)],[]
183,disappear,[np.int32(110)],[]
184,appear,[],[np.int32(1)]
184,appear,[],[np.int32(7)]
184,appear,[],[np.int32(10)]
184,appear,[],[np.int32(20)]
184,appear,[],[np.int32(30)]
184,appear,[],[np.int32(34)]
184,appear,[],[np.int32(36)]
184,appear,[],[np.int32(45)]
184,appear,[],[np.int32(61)]
184,appear,[],[np.int32(67)]
184,disappear,[np.int32(6)],[]
184,disappear,[np.int32(27)],[]
184,disappear,[np.int32(30)],[]
184,disappear,[np.int32(34)],[]
184,disappear,[np.int32(42)],[]
184,disappear,[np.int32(49)],[]
184,disappear,[np.int32(54)],[]
184,disappear,[np.int32(55)],[]
184,disappear,[np.int32(59)],[]
184,disappear,[np.int32(73)],[]
184,disappear,[np.int32(92)],[]
184,disappear,[np.int32(97)],[]
184,disappear,[np.int32(105)],[]
185,appear,[],[np.int32(7)]
185,appear,[],[np.int32(8)]
185,appear,[],[np.int32(35)]
185,appear,[],[np.int32(46)]
185,appear,[],[np.int32(51)]
185,appear,[],[np.int32(52)]
185,appear,[],[np.int32(55)]
185,appear,[],[np.int32(58)]
185,appear,[],[np.int32(63)]
185,appear,[],[np.int32(97)]
185,appear,[],[np.int32(105)]
185,disappear,[np.int32(7)],[]
185,disappear,[np.int32(10)],[]
185,disappear,[np.int32(20)],[]
185,disappear,[np.int32(30)],[]
185,disappear,[np.int32(36)],[]
185,disappear,[np.int32(52)],[]
185,disappear,[np.int32(53)],[]
185,disappear,[np.int32(79)],[]
186,appear,[],[np.int32(10)]
186,appear,[],[np.int32(25)]
186,appear,[],[np.int32(29)]
186,appear,[],[np.int32(36)]
186,appear,[],[np.int32(38)]
186,appear,[],[np.int32(47)]
186,appear,[],[np.int32(48)]
186,appear,[],[np.int32(56)]
186,disappear,[np.int32(7)],[]
186,disappear,[np.int32(8)],[]
186,disappear,[np.int32(14)],[]
186,disappear,[np.int32(22)],[]
186,disappear,[np.int32(23)],[]
186,disappear,[np.int32(32)],[]
186,disappear,[np.int32(35)],[]
186,disappear,[np.int32(40)],[]
186,disappear,[np.int32(41)],[]
186,disappear,[np.int32(46)],[]
186,disappear,[np.int32(55)],[]
186,disappear,[np.int32(65)],[]
186,disappear,[np.int32(97)],[]
187,appear,[],[np.int32(11)]
187,appear,[],[np.int32(13)]
187,appear,[],[np.int32(18)]
187,appear,[],[np.int32(19)]
187,appear,[],[np.int32(23)]
187,appear,[],[np.int32(30)]
187,appear,[],[np.int32(40)]
187,appear,[],[np.int32(41)]
187,appear,[],[np.int32(55)]
187,appear,[],[np.int32(62)]
187,appear,[],[np.int32(86)]
187,appear,[],[np.int32(87)]
187,appear,[],[np.int32(90)]
187,disappear,[np.int32(10)],[]
187,disappear,[np.int32(26)],[]
187,disappear,[np.int32(36)],[]
187,disappear,[np.int32(47)],[]
187,disappear,[np.int32(48)],[]
187,disappear,[np.int32(52)],[]
187,disappear,[np.int32(60)],[]
187,disappear,[np.int32(66)],[]
187,disappear,[np.int32(89)],[]
187,disappear,[np.int32(100)],[]
188,appear,[],[np.int32(32)]
188,appear,[],[np.int32(38)]
188,appear,[],[np.int32(47)]
188,appear,[],[np.int32(54)]
188,appear,[],[np.int32(64)]
188,appear,[],[np.int32(69)]
188,disappear,[np.int32(18)],[]
188,disappear,[np.int32(23)],[]
188,disappear,[np.int32(25)],[]
188,disappear,[np.int32(30)],[]
188,disappear,[np.int32(55)],[]
188,disappear,[np.int32(80)],[]
188,disappear,[np.int32(85)],[]
188,split,[np.int32(91)],"[np.int64(90), np.int64(92)]"
189,appear,[],[np.int32(22)]
189,appear,[],[np.int32(28)]
189,appear,[],[np.int32(43)]
189,appear,[],[np.int32(53)]
189,appear,[],[np.int32(57)]
189,appear,[],[np.int32(65)]
189,appear,[],[np.int32(86)]
189,appear,[],[np.int32(105)]
189,appear,[],[np.int32(106)]
189,split,[np.int32(36)],"[np.int64(38), np.int64(42)]"
189,disappear,[np.int32(38)],[]
189,disappear,[np.int32(39)],[]
189,disappear,[np.int32(56)],[]
189,disappear,[np.int32(58)],[]
189,disappear,[np.int32(78)],[]
189,disappear,[np.int32(86)],[]
189,disappear,[np.int32(94)],[]
190,appear,[],[np.int32(1)]
190,appear,[],[np.int32(6)]
190,appear,[],[np.int32(8)]
190,appear,[],[np.int32(9)]
190,appear,[],[np.int32(21)]
190,appear,[],[np.int32(33)]
190,appear,[],[np.int32(41)]
190,appear,[],[np.int32(45)]
190,appear,[],[np.int32(56)]
190,disappear,[np.int32(22)],[]
190,split,[np.int32(25)],"[np.int64(29), np.int64(35)]"
190,disappear,[np.int32(34)],[]
190,disappear,[np.int32(39)],[]
190,disappear,[np.int32(53)],[]
190,split,[np.int32(66)],"[np.int64(72), np.int64(79)]"
190,disappear,[np.int32(72)],[]
190,split,[np.int32(76)],"[np.int64(82), np.int64(87)]"
191,appear,[],[np.int32(7)]
191,appear,[],[np.int32(9)]
191,appear,[],[np.int32(12)]
191,appear,[],[np.int32(21)]
191,appear,[],[np.int32(36)]
191,appear,[],[np.int32(42)]
191,appear,[],[np.int32(54)]
191,appear,[],[np.int32(68)]
191,appear,[],[np.int32(93)]
191,appear,[],[np.int32(97)]
191,appear,[],[np.int32(98)]
191,disappear,[np.int32(1)],[]
191,disappear,[np.int32(6)],[]
191,disappear,[np.int32(8)],[]
191,disappear,[np.int32(9)],[]
191,disappear,[np.int32(11)],[]
191,disappear,[np.int32(14)],[]
191,disappear,[np.int32(16)],[]
191,disappear,[np.int32(24)],[]
191,disappear,[np.int32(51)],[]
191,disappear,[np.int32(56)],[]
191,disappear,[np.int32(59)],[]
191,disappear,[np.int32(71)],[]
191,disappear,[np.int32(73)],[]
191,disappear,[np.int32(86)],[]
191,disappear,[np.int32(94)],[]
191,disappear,[np.int32(103)],[]
191,disappear,[np.int32(104)],[]
192,appear,[],[np.int32(5)]
192,appear,[],[np.int32(11)]
192,appear,[],[np.int32(40)]
192,appear,[],[np.int32(53)]
192,appear,[],[np.int32(55)]
192,appear,[],[np.int32(56)]
192,appear,[],[np.int32(81)]
192,disappear,[np.int32(9)],[]
192,split,[np.int32(14)],"[np.int64(15), np.int64(20)]"
192,disappear,[np.int32(21)],[]
192,disappear,[np.int32(28)],[]
192,disappear,[np.int32(37)],[]
192,disappear,[np.int32(42)],[]
192,disappear,[np.int32(54)],[]
192,disappear,[np.int32(60)],[]
192,disappear,[np.int32(97)],[]
192,disappear,[np.int32(98)],[]
192,disappear,[np.int32(107)],[]
193,merge,"[np.int64(13), np.int64(15)]",[np.int32(9)]
193,appear,[],[np.int32(20)]
193,appear,[],[np.int32(22)]
193,appear,[],[np.int32(28)]
193,appear,[],[np.int32(31)]
193,appear,[],[np.int32(39)]
193,appear,[],[np.int32(51)]
193,appear,[],[np.int32(56)]
193,appear,[],[np.int32(63)]
193,appear,[],[np.int32(72)]
193,merge,"[np.int64(84), np.int64(85)]",[np.int32(87)]
193,appear,[],[np.int32(98)]
193,appear,[],[np.int32(100)]
193,appear,[],[np.int32(101)]
193,appear,[],[np.int32(102)]
193,appear,[],[np.int32(110)]
193,disappear,[np.int32(8)],[]
193,split,[np.int32(24)],"[np.int64(24), np.int64(25)]"
193,disappear,[np.int32(29)],[]
193,disappear,[np.int32(50)],[]
193,disappear,[np.int32(53)],[]
193,disappear,[np.int32(56)],[]
193,disappear,[np.int32(68)],[]
193,split,[np.int32(72)],"[np.int64(75), np.int64(77)]"
193,disappear,[np.int32(74)],[]
193,disappear,[np.int32(94)],[]
193,disappear,[np.int32(103)],[]
194,appear,[],[np.int32(29)]
194,appear,[],[np.int32(32)]
194,appear,[],[np.int32(42)]
194,appear,[],[np.int32(47)]
194,appear,[],[np.int32(51)]
194,appear,[],[np.int32(52)]
194,merge,"[np.int64(71), np.int64(77)]",[np.int32(66)]
194,appear,[],[np.int32(68)]
194,appear,[],[np.int32(71)]
194,appear,[],[np.int32(72)]
194,appear,[],[np.int32(83)]
194,appear,[],[np.int32(92)]
194,appear,[],[np.int32(96)]
194,disappear,[np.int32(12)],[]
194,disappear,[np.int32(25)],[]
194,disappear,[np.int32(31)],[]
194,disappear,[np.int32(37)],[]
194,disappear,[np.int32(38)],[]
194,disappear,[np.int32(39)],[]
194,disappear,[np.int32(42)],[]
194,disappear,[np.int32(43)],[]
194,disappear,[np.int32(48)],[]
194,disappear,[np.int32(51)],[]
194,disappear,[np.int32(68)],[]
194,disappear,[np.int32(72)],[]
194,disappear,[np.int32(75)],[]
194,disappear,[np.int32(84)],[]
194,split,[np.int32(89)],"[np.int64(84), np.int64(86)]"
194,disappear,[np.int32(98)],[]
194,disappear,[np.int32(99)],[]
194,disappear,[np.int32(101)],[]
194,disappear,[np.int32(107)],[]
194,disappear,[np.int32(110)],[]
195,appear,[],[np.int32(12)]
195,appear,[],[np.int32(14)]
195,appear,[],[np.int32(19)]
195,appear,[],[np.int32(37)]
195,appear,[],[np.int32(41)]
195,appear,[],[np.int32(45)]
195,appear,[],[np.int32(61)]
195,appear,[],[np.int32(64)]
195,appear,[],[np.int32(66)]
195,appear,[],[np.int32(69)]
195,appear,[],[np.int32(86)]
195,appear,[],[np.int32(102)]
195,appear,[],[np.int32(105)]
195,disappear,[np.int32(21)],[]
195,disappear,[np.int32(24)],[]
195,disappear,[np.int32(25)],[]
195,disappear,[np.int32(29)],[]
195,disappear,[np.int32(40)],[]
195,disappear,[np.int32(42)],[]
195,disappear,[np.int32(50)],[]
195,disappear,[np.int32(52)],[]
195,disappear,[np.int32(54)],[]
195,disappear,[np.int32(75)],[]
195,disappear,[np.int32(96)],[]
196,appear,[],[np.int32(21)]
196,appear,[],[np.int32(27)]
196,appear,[],[np.int32(29)]
196,appear,[],[np.int32(48)]
196,appear,[],[np.int32(50)]
196,appear,[],[np.int32(62)]
196,appear,[],[np.int32(66)]
196,appear,[],[np.int32(90)]
196,appear,[],[np.int32(97)]
196,disappear,[np.int32(12)],[]
196,disappear,[np.int32(14)],[]
196,disappear,[np.int32(19)],[]
196,disappear,[np.int32(34)],[]
196,disappear,[np.int32(37)],[]
196,disappear,[np.int32(45)],[]
196,disappear,[np.int32(61)],[]
196,disappear,[np.int32(66)],[]
196,disappear,[np.int32(67)],[]
196,disappear,[np.int32(73)],[]
196,disappear,[np.int32(77)],[]
196,split,[np.int32(81)],"[np.int64(77), np.int64(78)]"
196,disappear,[np.int32(86)],[]
196,disappear,[np.int32(87)],[]
196,disappear,[np.int32(94)],[]
196,disappear,[np.int32(105)],[]
197,appear,[],[np.int32(8)]
197,appear,[],[np.int32(13)]
197,appear,[],[np.int32(38)]
197,appear,[],[np.int32(39)]
197,appear,[],[np.int32(40)]
197,appear,[],[np.int32(47)]
197,appear,[],[np.int32(54)]
197,appear,[],[np.int32(71)]
197,appear,[],[np.int32(89)]
197,appear,[],[np.int32(100)]
197,appear,[],[np.int32(108)]
197,disappear,[np.int32(21)],[]
197,split,[np.int32(22)],"[np.int64(23), np.int64(24)]"
197,disappear,[np.int32(48)],[]
197,disappear,[np.int32(49)],[]
197,split,[np.int32(53)],"[np.int64(58), np.int64(62)]"
197,disappear,[np.int32(67)],[]
197,disappear,[np.int32(98)],[]
198,appear,[],[np.int32(21)]
198,appear,[],[np.int32(39)]
198,appear,[],[np.int32(51)]
198,appear,[],[np.int32(67)]
198,appear,[],[np.int32(71)]
198,appear,[],[np.int32(98)]
198,disappear,[np.int32(3)],[]
198,disappear,[np.int32(8)],[]
198,disappear,[np.int32(31)],[]
198,disappear,[np.int32(39)],[]
198,disappear,[np.int32(40)],[]
198,disappear,[np.int32(54)],[]
198,disappear,[np.int32(62)],[]
198,disappear,[np.int32(69)],[]
198,disappear,[np.int32(72)],[]
198,disappear,[np.int32(76)],[]
198,disappear,[np.int32(81)],[]
198,disappear,[np.int32(89)],[]
198,disappear,[np.int32(97)],[]
199,appear,[],[np.int32(6)]
199,appear,[],[np.int32(12)]
199,appear,[],[np.int32(17)]
199,appear,[],[np.int32(29)]
199,appear,[],[np.int32(36)]
199,appear,[],[np.int32(60)]
199,appear,[],[np.int32(64)]
199,appear,[],[np.int32(67)]
199,appear,[],[np.int32(74)]
199,appear,[],[np.int32(80)]
199,appear,[],[np.int32(83)]
199,appear,[],[np.int32(90)]
199,appear,[],[np.int32(91)]
199,disappear,[np.int32(11)],[]
199,disappear,[np.int32(13)],[]
199,disappear,[np.int32(23)],[]
199,disappear,[np.int32(28)],[]
199,disappear,[np.int32(36)],[]
199,disappear,[np.int32(48)],[]
199,disappear,[np.int32(49)],[]
199,disappear,[np.int32(51)],[]
199,disappear,[np.int32(52)],[]
199,disappear,[np.int32(77)],[]
199,disappear,[np.int32(90)],[]
199,disappear,[np.int32(92)],[]
199,disappear,[np.int32(98)],[]
200,appear,[],[np.int32(8)]
200,appear,[],[np.int32(10)]
200,appear,[],[np.int32(14)]
200,appear,[],[np.int32(25)]
200,appear,[],[np.int32(30)]
200,appear,[],[np.int32(50)]
200,appear,[],[np.int32(53)]
200,appear,[],[np.int32(84)]
200,appear,[],[np.int32(88)]
200,appear,[],[np.int32(96)]
200,disappear,[np.int32(12)],[]
200,disappear,[np.int32(18)],[]
200,disappear,[np.int32(36)],[]
200,disappear,[np.int32(47)],[]
200,disappear,[np.int32(63)],[]
200,disappear,[np.int32(65)],[]
200,disappear,[np.int32(67)],[]
200,disappear,[np.int32(70)],[]
200,disappear,[np.int32(74)],[]
200,disappear,[np.int32(77)],[]
200,disappear,[np.int32(80)],[]
200,disappear,[np.int32(83)],[]
200,disappear,[np.int32(89)],[]
200,disappear,[np.int32(94)],[]
200,disappear,[np.int32(101)],[]
201,appear,[],[np.int32(20)]
201,appear,[],[np.int32(35)]
201,appear,[],[np.int32(38)]
201,appear,[],[np.int32(47)]
201,appear,[],[np.int32(50)]
201,appear,[],[np.int32(64)]
201,appear,[],[np.int32(74)]
201,appear,[],[np.int32(76)]
201,appear,[],[np.int32(83)]
201,appear,[],[np.int32(89)]
201,appear,[],[np.int32(92)]
201,disappear,[np.int32(7)],[]
201,disappear,[np.int32(14)],[]
201,disappear,[np.int32(15)],[]
201,disappear,[np.int32(19)],[]
201,disappear,[np.int32(27)],[]
201,disappear,[np.int32(53)],[]
201,disappear,[np.int32(55)],[]
201,disappear,[np.int32(67)],[]
201,disappear,[np.int32(84)],[]
201,disappear,[np.int32(96)],[]
202,appear,[],[np.int32(7)]
202,appear,[],[np.int32(8)]
202,appear,[],[np.int32(14)]
202,appear,[],[np.int32(16)]
202,appear,[],[np.int32(19)]
202,appear,[],[np.int32(27)]
202,appear,[],[np.int32(28)]
202,appear,[],[np.int32(59)]
202,appear,[],[np.int32(78)]
202,appear,[],[np.int32(85)]
202,appear,[],[np.int32(95)]
202,appear,[],[np.int32(99)]
202,disappear,[np.int32(9)],[]
202,disappear,[np.int32(19)],[]
202,disappear,[np.int32(24)],[]
202,disappear,[np.int32(28)],[]
202,disappear,[np.int32(38)],[]
202,disappear,[np.int32(40)],[]
202,disappear,[np.int32(45)],[]
202,disappear,[np.int32(59)],[]
202,disappear,[np.int32(61)],[]
202,split,[np.int32(63)],"[np.int64(62), np.int64(63)]"
202,disappear,[np.int32(76)],[]
202,disappear,[np.int32(94)],[]
203,appear,[],[np.int32(11)]
203,appear,[],[np.int32(18)]
203,appear,[],[np.int32(26)]
203,appear,[],[np.int32(42)]
203,appear,[],[np.int32(47)]
203,appear,[],[np.int32(59)]
203,appear,[],[np.int32(62)]
203,appear,[],[np.int32(63)]
203,appear,[],[np.int32(71)]
203,appear,[],[np.int32(88)]
203,appear,[],[np.int32(100)]
203,disappear,[np.int32(7)],[]
203,disappear,[np.int32(8)],[]
203,disappear,[np.int32(14)],[]
203,disappear,[np.int32(47)],[]
203,disappear,[np.int32(55)],[]
203,disappear,[np.int32(59)],[]
203,disappear,[np.int32(62)],[]
203,disappear,[np.int32(70)],[]
203,disappear,[np.int32(95)],[]
203,disappear,[np.int32(99)],[]
204,appear,[],[np.int32(7)]
204,appear,[],[np.int32(8)]
204,appear,[],[np.int32(11)]
204,appear,[],[np.int32(29)]
204,appear,[],[np.int32(46)]
204,merge,"[np.int64(53), np.int64(57)]",[np.int32(51)]
204,appear,[],[np.int32(52)]
204,appear,[],[np.int32(55)]
204,appear,[],[np.int32(58)]
204,appear,[],[np.int32(67)]
204,appear,[],[np.int32(88)]
204,appear,[],[np.int32(96)]
204,disappear,[np.int32(11)],[]
204,disappear,[np.int32(17)],[]
204,disappear,[np.int32(18)],[]
204,disappear,[np.int32(25)],[]
204,disappear,[np.int32(26)],[]
204,disappear,[np.int32(27)],[]
204,disappear,[np.int32(35)],[]
204,split,[np.int32(40)],"[np.int64(37), np.int64(39)]"
204,disappear,[np.int32(47)],[]
204,disappear,[np.int32(71)],[]
204,disappear,[np.int32(86)],[]
204,disappear,[np.int32(92)],[]
204,disappear,[np.int32(97)],[]
204,disappear,[np.int32(100)],[]
205,appear,[],[np.int32(7)]
205,appear,[],[np.int32(23)]
205,appear,[],[np.int32(26)]
205,appear,[],[np.int32(37)]
205,appear,[],[np.int32(43)]
205,appear,[],[np.int32(68)]
205,appear,[],[np.int32(87)]
205,disappear,[np.int32(16)],[]
205,split,[np.int32(22)],"[np.int64(22), np.int64(24)]"
205,disappear,[np.int32(24)],[]
205,disappear,[np.int32(27)],[]
205,disappear,[np.int32(29)],[]
205,disappear,[np.int32(37)],[]
205,disappear,[np.int32(40)],[]
205,disappear,[np.int32(41)],[]
205,disappear,[np.int32(55)],[]
205,disappear,[np.int32(58)],[]
205,disappear,[np.int32(60)],[]
205,disappear,[np.int32(71)],[]
205,disappear,[np.int32(91)],[]
206,appear,[],[np.int32(13)]
206,appear,[],[np.int32(16)]
206,appear,[],[np.int32(17)]
206,appear,[],[np.int32(19)]
206,appear,[],[np.int32(22)]
206,appear,[],[np.int32(31)]
206,appear,[],[np.int32(33)]
206,appear,[],[np.int32(41)]
206,appear,[],[np.int32(49)]
206,appear,[],[np.int32(58)]
206,appear,[],[np.int32(62)]
206,appear,[],[np.int32(84)]
206,disappear,[np.int32(8)],[]
206,disappear,[np.int32(26)],[]
206,disappear,[np.int32(28)],[]
206,disappear,[np.int32(37)],[]
206,disappear,[np.int32(45)],[]
206,disappear,[np.int32(51)],[]
206,disappear,[np.int32(53)],[]
206,disappear,[np.int32(57)],[]
206,disappear,[np.int32(68)],[]
206,disappear,[np.int32(87)],[]
207,appear,[],[np.int32(6)]
207,appear,[],[np.int32(17)]
207,appear,[],[np.int32(30)]
207,appear,[],[np.int32(33)]
207,appear,[],[np.int32(34)]
207,appear,[],[np.int32(40)]
207,appear,[],[np.int32(44)]
207,appear,[],[np.int32(52)]
207,appear,[],[np.int32(57)]
207,appear,[],[np.int32(72)]
207,appear,[],[np.int32(92)]
207,appear,[],[np.int32(93)]
207,appear,[],[np.int32(101)]
207,appear,[],[np.int32(102)]
207,disappear,[np.int32(2)],[]
207,disappear,[np.int32(7)],[]
207,disappear,[np.int32(40)],[]
207,disappear,[np.int32(41)],[]
207,disappear,[np.int32(42)],[]
207,disappear,[np.int32(53)],[]
207,disappear,[np.int32(58)],[]
207,disappear,[np.int32(62)],[]
