frame,worm,length,length_y,width,aspect,area_xz,volume,voxels,cx,cy,cz
10,1.0,0.10156237,0.15625,0.0065741201904631,15.44881551562349,6.732906201215999e-05,1.05201659394e-05,706.0,0.09331265949008499,0.5096273016997167,0.03519212396600567
10,2.0,0.0781249,0.1171875,0.007067676286971666,11.053831107688534,7.921814095104e-05,9.2833758927e-06,623.0,0.20275141213483144,0.45994055979133225,0.08948926227929374
10,3.0,0.08333322666666666,0.07421875,0.005386825834262334,15.469820118674436,9.476462582298948e-05,7.0333120728e-06,472.0,0.23546268508474577,0.4842508606991525,0.06621573355932203
10,4.0,0.10937485999999999,0.12109375,0.006720355954898251,16.275158746655404,9.315196919163872e-05,1.12801212693e-05,757.0,0.37053550287978865,0.08421916281373844,0.08787749960369881
10,5.0,0.08593739,0.140625,0.006616874033369393,12.987611607325647,8.08499753152e-05,1.1369527778700001e-05,763.0,0.39536985121887286,0.6879812418086501,0.12617974332896462
10,6.0,0.08854155333333333,0.0703125,0.005855222836746686,15.121807624068039,0.0001835283843328,1.2904339523400001e-05,866.0,0.43952642605080827,0.9278155672632794,0.063259887852194
10,7.0,0.08072906333333332,0.12109375,0.005769370872255866,13.992697838433061,8.429207251819356e-05,1.0207243156500002e-05,685.0,0.45685900379562044,0.6733747718978103,0.031326904291970804
10,8.0,0.14583314666666666,0.14453125,0.006311211281469242,23.106998032985658,0.00014495775390720002,2.09509253694e-05,1406.0,0.45809693359886205,0.8464088060099573,0.18841217991465148
20,1.0,0.11718735,0.125,0.006202368298608475,18.893968296963504,9.465169128479999e-05,1.18314614106e-05,794.0,0.023917110528967254,0.509431084697733,0.31582245581863977
20,2.0,0.08593739,0.12109375,0.004917506796432696,17.475805028341092,7.284803931499355e-05,8.821442260800001e-06,592.0,0.03254650135135135,0.5201844911317568,0.16297334756756757
20,3.0,0.14322898333333334,0.17578125,0.006387380863272703,22.42374243829686,0.00011087996614656,1.94906190492e-05,1308.0,0.034720142385321104,0.8340112528669725,0.024930651009174312
20,4.0,0.09635404333333333,0.09375,0.00480748674867716,20.042497955890642,6.29421826176e-05,5.9008296204e-06,396.0,0.019585453333333336,0.5360341698232324,0.42732884606060606
20,5.0,0.10937485999999999,0.13671875,0.005872579425210543,18.624671048374744,7.662052706523428e-05,1.04754626847e-05,703.0,0.036556405348506404,0.6573890913940256,0.4319034551351351
20,6.0,0.12499984,0.16796875,0.006252754803774761,19.991162923026845,0.00010530284815657675,1.76875877763e-05,1187.0,0.048553213951137326,0.5623519113310868,0.3878103224936816
20,7.0,0.08333322666666666,0.09375,0.00455488439647107,18.295354922998637,7.51809403488e-05,7.048213157700001e-06,473.0,0.03049014393234672,0.9551400634249472,0.155696284820296
20,8.0,0.11197902333333333,0.19140625,0.006832179550691361,16.389941526346735,6.017848752431021e-05,1.15185386277e-05,773.0,0.045924850090556274,0.4815299563389392,0.2220416979042691
20,9.0,0.09374988,0.13671875,0.004913645325491267,19.079496746262787,6.343264118345144e-05,8.6724314118e-06,582.0,0.048462209484536084,0.8476965206185567,0.1380943092783505
20,10.0,0.08854155333333333,0.14453125,0.00891513092865228,9.931604374846613,0.000148669332243373,2.1487364425800002e-05,1442.0,0.06025822169209431,0.07492306692094314,0.3638830512066574
20,11.0,0.13281233,0.15625,0.005599413182514314,23.718972983587374,9.0598596192e-05,1.4156030655e-05,950.0,0.0564143292631579,0.7241611842105263,0.1395165013894737
20,12.0,0.17968726999999998,0.1796875,0.005957216585846386,30.162957382968894,0.00011817208198956524,2.12340459825e-05,1425.0,0.05638828766315789,0.909953399122807,0.30619439157894734
20,13.0,0.11458318666666666,0.1328125,0.006327320967164487,18.10927361853365,8.549365981214118e-05,1.13546266938e-05,762.0,0.07093516535433071,0.8976531742125984,0.36893975433070864
20,14.0,0.0781249,0.0859375,0.005946029213248321,13.139003728056071,8.01082324224e-05,6.884301223800001e-06,462.0,0.06415280519480519,0.034522118506493504,0.09396113662337661
20,15.0,0.11718735,0.18359375,0.00434643573176492,26.96171236205412,3.709165371533617e-05,6.8097957993000006e-06,457.0,0.07097475676148796,0.382949261487965,0.11196890783369803
20,16.0,0.08333322666666666,0.1484375,0.007585958354110349,10.985194325712806,6.254063759292633e-05,9.2833758927e-06,623.0,0.07028096975922954,0.304098113964687,0.05222323107544142
20,17.0,0.08854155333333333,0.1328125,0.006222120485117038,14.230125171172713,6.518611069665884e-05,8.657530326900001e-06,581.0,0.08503635717728056,0.6889858541308089,0.008683147951807229
20,18.0,0.09114571666666667,0.11328125,0.007637697176182788,11.933664632697575,0.00012917288052347584,1.46328653718e-05,982.0,0.10125793515274949,0.949521066700611,0.13128665792260694
20,19.0,0.14843731,0.20703125,0.005487247171186269,27.05132562270014,6.75845734453132e-05,1.39921187211e-05,939.0,0.11476399999999999,0.12596928248136316,0.4001296
20,20.0,0.09114571666666667,0.19140625,0.0063372009694684615,14.382645762031371,6.477167091879184e-05,1.23977026368e-05,832.0,0.1140392025,0.8459190955528846,0.3343661625
20,21.0,0.13281233,0.2265625,0.008145397518235993,16.305199310734498,0.0001152295757011862,2.6106700744800003e-05,1752.0,0.13969601616438357,0.850884703196347,0.41155092273972604
20,22.0,0.09374988,0.11328125,0.0042844162643140464,21.881599316309607,2.854431270223448e-05,3.2335354233000003e-06,217.0,0.11941033658986176,0.3742259504608295,0.10695357124423963
20,23.0,0.08593739,0.14453125,0.005115186175401945,16.8004422621523,3.907467192804325e-05,5.647511177100001e-06,379.0,0.1286379457519789,0.7246042216358839,0.33726620453825856
20,24.0,0.09114571666666667,0.15234375,0.004945713733916407,18.42923419558501,3.66795936e-05,5.587906837500001e-06,375.0,0.12969758464,0.1933125,0.19535366656
20,25.0,0.11197902333333333,0.13671875,0.006667871706832019,16.7938179162322,8.34869469871543e-05,1.1414231033400001e-05,766.0,0.1405685451697128,0.08169468015665797,0.46679822976501306
20,26.0,0.10416653333333332,0.1953125,0.004970641077529749,20.956357883941358,4.1045932422144e-05,8.016783676200001e-06,538.0,0.17449203122676582,0.8371863382899628,0.2648946227509294
20,27.0,0.10156237,0.17578125,0.006854562379544742,14.81675479430759,7.697171961856e-05,1.3530185089200002e-05,908.0,0.16070434837004405,0.4870637734030837,0.41977668211453745
20,28.0,0.10937485999999999,0.125,0.006162370795066414,17.74882811134399,6.9737077332e-05,8.7171346665e-06,585.0,0.16468641066666667,0.5189035790598291,0.468758816
20,29.0,0.09635404333333333,0.11328125,0.0048457957594916215,19.88404962066374,6.761187432695173e-05,7.659157638600001e-06,514.0,0.17777951813229573,0.7175188472762646,0.20007320498054476
20,30.0,0.09114571666666667,0.13671875,0.005726961733916407,15.915195683407559,5.2206589565074286e-05,7.1376196671e-06,479.0,0.19211116659707725,0.09317099425887265,0.02450574363256785
20,31.0,0.09114571666666667,0.12890625,0.006477110410823107,14.071972050123495,8.288254350196365e-05,1.06840778733e-05,717.0,0.20007085723849372,0.7432607653417015,0.16658179548117155
20,32.0,0.15104147333333331,0.15625,0.006802771842794973,22.202930926355563,0.00010642950878976,1.66296107484e-05,1116.0,0.2101424111827957,0.5325415826612904,0.06209556516129033
20,33.0,0.08854155333333333,0.1484375,0.005099340841661636,17.3633330429589,4.7783857936168424e-05,7.0929164124000004e-06,476.0,0.1958331055462185,0.15319721638655462,0.23259361411764706
20,34.0,0.08854155333333333,0.15625,0.007641224476598666,11.587351425742407,8.182483740288e-05,1.2785130844200001e-05,858.0,0.21719240727272726,0.14112124854312355,0.09197419636363637
20,35.0,0.09374988,0.13671875,0.00713215582626797,13.144676348028744,8.01082324224e-05,1.09522974015e-05,735.0,0.21751910726530613,0.3536989795918367,0.4312010644897959
20,36.0,0.11197902333333333,0.1640625,0.006479929134765097,17.280902461195303,7.94724528e-05,1.30384492875e-05,875.0,0.22701057956571427,0.6898125,0.3721329759085714
20,37.0,0.08593739,0.13671875,0.005655675832082052,15.194893157156683,5.7220166016000004e-05,7.823069572500001e-06,525.0,0.22362665965714287,0.9144642857142857,0.4043962861714286
20,38.0,0.10416653333333332,0.16015625,0.0067299470934081606,15.478061251828,0.00011090477705865366,1.77620932008e-05,1192.0,0.24978799046979866,0.23125852034395974,0.25996158281879195
20,39.0,0.09374988,0.12890625,0.005727616028886996,16.368045540618702,9.004951379083636e-05,1.1607945137100002e-05,779.0,0.2510448683953787,0.3009768132220796,0.19098204077021824
20,40.0,0.08333322666666666,0.140625,0.006299751800952384,13.228017436189868,4.86371411136e-05,6.8395979691e-06,459.0,0.2471569108496732,0.6688453159041394,0.018492940130718952
20,41.0,0.0781249,0.08984375,0.004813007214979576,16.23203467404973,9.702549889669566e-05,8.7171346665e-06,585.0,0.2782378026666667,0.2872128739316239,0.08917912533333333
20,42.0,0.08333322666666666,0.13671875,0.00911779121372416,9.139628744868926,0.00011945390848292571,1.63315890504e-05,1096.0,0.2673938894890511,0.6331653455748175,0.18520068350364963
20,43.0,0.08333322666666666,0.078125,0.0060050487513935,13.877194027330551,0.00012283262304768,9.5962986756e-06,644.0,0.26386529888198756,0.8261536781832298,0.19072338111801243
20,44.0,0.10937485999999999,0.1328125,0.006465381590132826,16.916999944275982,9.132787281769413e-05,1.2129483108600002e-05,814.0,0.2799416013759214,0.13347473894348894,0.0863547773955774
20,45.0,0.08593739,0.15234375,0.007293337339748495,11.782999468795103,6.807732572160001e-05,1.0371155090400001e-05,696.0,0.28533792344827585,0.2498821390086207,0.40698138
20,46.0,0.08333322666666666,0.140625,0.006773088297353302,12.303578959576022,7.7353187392e-05,1.0877791977e-05,730.0,0.28524916273972606,0.6804152397260274,0.2656912076712329
20,47.0,0.09895820666666666,0.1640625,0.007864842952746176,12.582349992394104,9.09164860032e-05,1.49159859849e-05,1001.0,0.29872589922077925,0.6559417145354646,0.47755442493506495
20,48.0,0.09895820666666666,0.19140625,0.008811425649293167,11.230669202163087,0.00013662774334432653,2.6151403999500003e-05,1755.0,0.30479578311111116,0.805221688034188,0.47605491555555557
20,49.0,0.08593739,0.15234375,0.008162293643403512,10.528583478426027,8.4118534656e-05,1.2814933014000001e-05,860.0,0.30780944093023255,0.10504632994186046,0.3138936368372093
20,50.0,0.11197902333333333,0.140625,0.0055880822165788446,20.038900465907876,8.5300432672e-05,1.19953733445e-05,805.0,0.31914223423602484,0.13717973602484473,0.016173289341614907
20,51.0,0.09374988,0.1484375,0.00510752466470615,18.355247630584607,3.262553325473684e-05,4.8428525925e-06,325.0,0.31877923199999997,0.10794471153846154,0.1770247872
20,52.0,0.11718735,0.15234375,0.006238894791210881,18.78335088533455,9.1454453376e-05,1.3932514381500001e-05,935.0,0.32661597535828873,0.5411973596256684,0.36233822682352945
20,53.0,0.09635404333333333,0.09765625,0.0045653008853419694,21.10573777134863,5.7983101562880004e-05,5.662412262000001e-06,380.0,0.3172072471578947,0.7046258223684211,0.17007563368421053
20,54.0,0.08072906333333332,0.07421875,0.0068217765403324904,11.834023418392215,0.00010460247892749475,7.7634652329e-06,521.0,0.319659390403071,0.6401826415547025,0.2403724652591171
20,55.0,0.0781249,0.12109375,0.005118959356235809,15.261871517856433,5.119051411323871e-05,6.1988513184e-06,416.0,0.321396225,0.8673565204326923,0.16317472500000002
20,56.0,0.11458318666666666,0.16796875,0.0068214663914927505,16.797442088048207,0.0001156823201315721,1.94310147096e-05,1304.0,0.34188436969325153,0.2214250623082822,0.2859673229447853
20,57.0,0.08593739,0.11328125,0.005086464576685193,16.89530885438795,4.9853891770262064e-05,5.647511177100001e-06,379.0,0.32505276284960427,0.821291639182058,0.38016785097625333
20,58.0,0.10156237,0.17578125,0.006933272560055812,14.648547150031908,7.510676605952001e-05,1.3202361221400002e-05,886.0,0.341236076207675,0.7739136568848759,0.20741869869074492
20,59.0,0.12760400333333333,0.1328125,0.006127669204556441,20.82423170598846,0.00013418689912771765,1.78216975404e-05,1196.0,0.34620031826086956,0.3281772575250836,0.1658110695652174
20,60.0,0.0781249,0.15625,0.007056425334819736,11.071455629877473,0.00010528510546944002,1.64507977296e-05,1104.0,0.3348309334782609,0.7336779608242754,0.30377738695652173
20,61.0,0.09114571666666667,0.08203125,0.005326029819763843,17.11325691952436,0.00010372290411154286,8.5085194779e-06,571.0,0.3455756805604203,0.030948992994746058,0.01904206486865149
20,62.0,0.12499984,0.1015625,0.006341422703963311,19.711639774758535,0.00018677249061119997,1.89690810777e-05,1273.0,0.33856943962293795,0.44043045463472114,0.24478746004713275
20,63.0,0.0781249,0.1484375,0.005930089476075966,13.174320609357226,5.2000080695242104e-05,7.7187619782e-06,518.0,0.33451139027027027,0.32296694015444016,0.10438257544401544
20,64.0,0.08333322666666666,0.1484375,0.007898814229921322,10.550093247033704,0.00010309668508496843,1.53034141923e-05,1027.0,0.3409192830379747,0.3393911270691334,0.47382082632911393
20,65.0,0.14322898333333334,0.15625,0.004996815266311036,28.664054142444616,6.971323559616e-05,1.0892693061900001e-05,731.0,0.35036194079343363,0.5525179548563611,0.4083036101778386
20,66.0,0.09114571666666667,0.1484375,0.008007040372863991,11.383196839566489,0.00011172990311545263,1.65849074937e-05,1113.0,0.36233973390835583,0.7832540150494159,0.009279513530997305
20,67.0,0.11458318666666666,0.1640625,0.00657289263298857,17.43268802103768,8.83733675136e-05,1.4498755607700001e-05,973.0,0.3721105100102775,0.9209556461973278,0.46715699716341214
20,68.0,0.11979151333333332,0.14453125,0.00574168635242827,20.863472154425708,9.547004275822703e-05,1.37984046174e-05,926.0,0.3784897674298056,0.5790572691684666,0.01732075749460043
20,69.0,0.08854155333333333,0.15234375,0.008338222853683538,10.618755925217174,9.59538168576e-05,1.4617964286900001e-05,981.0,0.3780491723547401,0.9214170807849134,0.14118807828746177
20,70.0,0.08854155333333333,0.109375,0.006690598206018376,13.233727479508152,9.25059350592e-05,1.01178366471e-05,679.0,0.3834644776435935,0.9520491991899853,0.2440134355228277
20,71.0,0.12760400333333333,0.16015625,0.006269336367536427,20.35366996642359,0.00010411278987301465,1.66743140031e-05,1119.0,0.40431853040214477,0.3945836126005362,0.10745999914209116
20,72.0,0.10677069666666666,0.171875,0.007221893114026055,14.784308626681435,7.768071022778182e-05,1.33513720704e-05,896.0,0.4001759775,0.7696271623883929,0.20550266517857144
20,73.0,0.10416653333333332,0.1171875,0.0062877740022296,16.56651993160006,9.485831966208001e-05,1.11162093354e-05,746.0,0.4210020849329759,0.691364359919571,0.4311237497050939
20,74.0,0.09374988,0.09765625,0.004374306130196508,21.431943080716312,5.7830514453504e-05,5.647511177100001e-06,379.0,0.40881017540897097,0.02821982189973615,0.24232086712401057
20,75.0,0.08072906333333332,0.14453125,0.006110625534490909,13.211260103841244,5.051870513124325e-05,7.301531601000001e-06,490.0,0.4103425400816327,0.4737563775510204,0.03783472457142857
20,76.0,0.10156237,0.140625,0.006466842038426656,15.705095222135581,8.9009147136e-05,1.2516911316e-05,840.0,0.4219646005714286,0.1641787574404762,0.3241737422857143
20,77.0,0.09895820666666666,0.14453125,0.007077074928410355,13.982924819604044,9.052127164332973e-05,1.3083152542200002e-05,878.0,0.41626370514806377,0.6763729712414579,0.21781737020501138
20,78.0,0.09114571666666667,0.09375,0.006023484886588897,15.131724970307436,9.536694336e-05,8.940650940000001e-06,600.0,0.4243674032,0.054251302083333335,0.3623623536
20,79.0,0.08072906333333332,0.16796875,0.006904268761972772,11.692630474927576,5.837344067988838e-05,9.8049138642e-06,658.0,0.43030379963525833,0.16148603723404256,0.40600259379939213
20,80.0,0.10416653333333332,0.1640625,0.006781068606873331,15.361374345593484,8.755593657051428e-05,1.4364645843600002e-05,964.0,0.4479452355186722,0.6920545902489627,0.10681175651452282
20,81.0,0.10677069666666666,0.1796875,0.007675355521709851,13.91084704345802,0.00010324508215930435,1.8551850700500002e-05,1245.0,0.45101227412048195,0.8482492469879518,0.17840064771084338
20,82.0,0.09635404333333333,0.15625,0.00737438352400349,13.066047218686498,8.401827710015999e-05,1.3127855796900002e-05,881.0,0.4472378767763905,0.9357530505107832,0.4329297763450624
20,83.0,0.12239567666666666,0.19921875,0.008722906618308766,14.031524355627832,0.00010164994198136471,2.02505743791e-05,1359.0,0.4637388100662252,0.8470497608535688,0.20945235885209715
20,84.0,0.11458318666666666,0.16796875,0.007117013239724811,16.09989792165922,8.960057004055814e-05,1.5050095749000002e-05,1010.0,0.4609923996831683,0.35293548886138615,0.046681501782178225
20,85.0,0.0781249,0.14453125,0.005906893495760784,13.226055295574248,4.278625026421622e-05,6.183950233500001e-06,415.0,0.4618352258313253,0.2703219126506024,0.3259404306506024
20,86.0,0.11979151333333332,0.140625,0.006418160872473394,18.664461005815948,0.0001100958379456,1.54822272111e-05,1039.0,0.4772812462752647,0.9347817913859481,0.3625001998845044
20,87.0,0.10416653333333332,0.1171875,0.006489170049117324,16.05236610304308,0.00010185189550848,1.1935769004900001e-05,801.0,0.4794214669662921,0.30483380149812733,0.28014958322097383
20,88.0,0.13281233,0.140625,0.005028851575363472,26.410071565971936,7.385639946879999e-05,1.03860561753e-05,697.0,0.4815155356097561,0.16962764526542323,0.32746844969870875
20,89.0,0.08593739,0.1640625,0.006185824648266345,13.892632734761571,5.967245884525714e-05,9.7900127793e-06,657.0,0.4905303985388128,0.6015862823439878,0.4338661362557078
30,1.0,0.09374988,0.13671875,0.01081899385330133,8.665304858398914,0.0001980362698115657,2.70752712633e-05,1817.0,0.02021914540451293,0.06435530751238305,0.10545020645019262
30,2.0,0.14843731,0.265625,0.007733837609873681,19.193228186029167,8.061311624018823e-05,2.1412859001300003e-05,1437.0,0.012019095448851776,0.18086453983994433,0.2363846049269311
30,3.0,0.08072906333333332,0.15625,0.006066281801898157,13.307832700431584,4.510856420928e-05,7.048213157700001e-06,473.0,0.014150829260042283,0.5224630021141649,0.3156580515856237
30,4.0,0.0781249,0.13671875,0.005392461919529477,14.48779818306382,6.583043861650286e-05,9.0002552796e-06,604.0,0.014302400264900662,0.33755432533112584,0.4320501925827815
30,5.0,0.09114571666666667,0.1484375,0.004842038531899876,18.823831340083064,3.413132709726316e-05,5.066368866000001e-06,340.0,0.01766424705882353,0.17806755514705883,0.3168879755294118
30,6.0,0.08072906333333332,0.15234375,0.006622506885313779,12.190106364760439,4.11789570816e-05,6.2733567429e-06,421.0,0.019939453111638958,0.8068029988123515,0.3429094175771972
30,7.0,0.10937485999999999,0.140625,0.008245098623936718,13.265439867810544,0.0001316063818368,1.8507147445800003e-05,1242.0,0.033657509951690825,0.8233160980273752,0.021468594396135268
30,8.0,0.10416653333333332,0.1875,0.008344420758221144,12.483374982104744,8.002875996960001e-05,1.5005392494300002e-05,1007.0,0.035561524528301885,0.5743816720456802,0.3901449328301887
30,9.0,0.08072906333333332,0.125,0.004219404694042119,19.132808817159518,3.5166560364e-05,4.3958200455e-06,295.0,0.02431799918644068,0.32740995762711866,0.4901404295593221
30,10.0,0.0781249,0.13671875,0.0069102775976473815,11.305609491954097,3.967264843776e-05,5.423994903600001e-06,364.0,0.02543885142857143,0.3502210679945055,0.0021892114285714287
30,11.0,0.08072906333333332,0.1328125,0.004010628231347374,20.128782494061365,1.6492871381082356e-05,2.1904594803e-06,147.0,0.03251214040816326,0.17384141156462585,0.1339415151020408
30,12.0,0.09635404333333333,0.171875,0.006879632731762253,14.005695811126788,5.479264382138182e-05,9.417485656800001e-06,632.0,0.032733302278481015,0.42057085640822783,0.1995767240506329
30,13.0,0.11197902333333333,0.13671875,0.006242839155621732,17.937195007258072,7.749245340452571e-05,1.05946713639e-05,711.0,0.04521568945147679,0.5202894251054853,0.33374178362869195
30,14.0,0.09114571666666667,0.14453125,0.004645905182118527,19.618505564313804,3.608478937945946e-05,5.215379715e-06,350.0,0.04940277531428571,0.6919642857142857,0.21028964022857144
30,15.0,0.17447894333333333,0.2265625,0.006419928333763322,27.1777088874534,7.307080970548966e-05,1.6555105323900002e-05,1111.0,0.05286081483348335,0.8578033584608461,0.4858240966336633
30,16.0,0.1901039233333333,0.2109375,0.006833632539143592,27.818868258485203,0.00010963666377386667,2.31264837648e-05,1552.0,0.0528059718556701,0.6803746174291238,0.12017476886597939
30,17.0,0.09374988,0.14453125,0.007687020994636253,12.195866261509568,0.0001421740701550703,2.0548596077100003e-05,1379.0,0.06098153351704133,0.08134007886149383,0.3635055165772299
30,18.0,0.10937485999999999,0.203125,0.007646094575057548,14.304670041199012,7.453293419520001e-05,1.5139502258400001e-05,1016.0,0.0549468788976378,0.12506536048228348,0.4633450398425197
30,19.0,0.11979151333333332,0.125,0.006070592108434652,19.733085536564317,0.0001002544992072,1.2531812400900001e-05,841.0,0.05940875472057075,0.056721908442330556,0.026017602092746728
30,20.0,0.09635404333333333,0.1484375,0.00615664627458818,15.650410797683595,6.786110916985263e-05,1.00731333924e-05,676.0,0.05993709230769231,0.875271588387574,0.3169226123076923
30,21.0,0.30468711,0.234375,0.006265497754065346,48.629354276331014,0.00013650188492928,3.19926292803e-05,2147.0,0.08131783735444807,0.8803763245225896,0.15357509007918024
30,22.0,0.13541649333333333,0.21875,0.006198598976645745,21.84630653532154,6.137543997668571e-05,1.34258774949e-05,901.0,0.08073040514983351,0.8768252289123196,0.2430734794228635
30,23.0,0.0781249,0.12890625,0.006891076326341299,11.337111403245638,7.490639914821818e-05,9.655903015200001e-06,648.0,0.06829891851851852,0.2603202160493827,0.46676855333333334
30,24.0,0.09635404333333333,0.12890625,0.0068956646529665586,13.973133582109625,9.189905451054545e-05,1.1846362495500002e-05,795.0,0.06887757524528303,0.1443936713836478,0.32040995018867924
30,25.0,0.12239567666666666,0.2265625,0.009317195685506489,13.136536013412405,0.00015317904212788967,3.47046267321e-05,2329.0,0.08466594899098326,0.4069863004508373,0.4182846741434092
30,26.0,0.15364563666666667,0.19921875,0.0076403482924005455,20.109768663228344,0.00014039510014644707,2.7969336357300003e-05,1877.0,0.08018197540756526,0.4191820391582312,0.2869598407671817
30,27.0,0.13020816666666665,0.17578125,0.00699605837727006,18.61164667946572,6.688401627648e-05,1.17569559861e-05,789.0,0.08020911817490495,0.884589868504436,0.008055072851711028
30,28.0,0.13020816666666665,0.12890625,0.008209972908368415,15.859755948030674,0.0001421834428276364,1.8328334427e-05,1230.0,0.1007746403902439,0.22260861280487804,0.3133566673170732
30,29.0,0.08072906333333332,0.10546875,0.006911567431875135,11.680282964617074,9.296510923093333e-05,9.8049138642e-06,658.0,0.10902743270516718,0.9390613126899696,0.4176560119148936
30,30.0,0.11979151333333332,0.12890625,0.006515788037948845,18.38480819751212,0.00010692657285818183,1.3783503532500001e-05,925.0,0.10534812557837839,0.6734712837837837,0.2220222356756757
30,31.0,0.19531225,0.18359375,0.008314908036653556,23.489405912732856,0.00020672306786205955,3.79530632403e-05,2547.0,0.12117242365135454,0.21956284354142128,0.05997466365135454
30,32.0,0.09374988,0.15234375,0.006380082394510555,14.694148790407898,8.245572641280001e-05,1.25616145707e-05,843.0,0.10638364298932385,0.39616696322657174,0.3260250772953737
30,33.0,0.08072906333333332,0.1328125,0.006020558143829284,13.408900205718608,5.8566522863435296e-05,7.778366317800001e-06,522.0,0.11651371034482759,0.6889966475095786,0.4510210556321839
30,34.0,0.09114571666666667,0.15625,0.006875841646585038,13.255935978679089,6.15116784672e-05,9.611199760500001e-06,645.0,0.13266378344186047,0.8780523255813953,0.14628717395348836
30,35.0,0.10156237,0.1640625,0.007319676255982921,13.875254375763607,7.956327846034286e-05,1.3053350372400001e-05,876.0,0.1292871797260274,0.5301352026255708,0.2919379298630137
30,36.0,0.10677069666666666,0.12109375,0.007043008043664363,15.159814670766101,0.00016218533077223227,1.9639629898200002e-05,1318.0,0.13926279077389986,0.07363192336874051,0.46740621523520487
30,37.0,0.14322898333333334,0.15625,0.006230816177193579,22.987194495897498,9.641597973696e-05,1.5064996833900001e-05,1011.0,0.14619035584569734,0.7657177299703264,0.4719267252225519
30,38.0,0.10156237,0.13671875,0.00619493000995203,16.39443380907324,0.00012141574274633143,1.6599808578600002e-05,1114.0,0.14426263281867147,0.48884579780071813,0.12060428337522441
30,39.0,0.0781249,0.1328125,0.005271507517176857,14.820219784461125,3.029302906729412e-05,4.023292923e-06,270.0,0.14918219911111114,0.08365162037037037,0.12977397333333332
30,40.0,0.11979151333333332,0.125,0.006351241991764259,18.86111621768917,0.000139474154664,1.7434269333e-05,1170.0,0.15367882666666666,0.6845319177350427,0.14122226133333332
30,41.0,0.08072906333333332,0.14453125,0.005887251731991435,13.712521055393317,4.1755256281945944e-05,6.0349393845e-06,405.0,0.16162670814814817,0.07840470679012346,0.3579080343703704
30,42.0,0.10677069666666666,0.17578125,0.005490402960345085,19.44678695495164,4.628475651072e-05,8.135992355400001e-06,546.0,0.15645349714285714,0.7561813186813187,0.28880420571428567
30,43.0,0.16145812666666665,0.26953125,0.008155607599307125,19.797191650121032,7.795211022469565e-05,2.1010529709e-05,1410.0,0.17470173582978724,0.8091727615248226,0.2612069443404256
30,44.0,0.1562498,0.12109375,0.0076038354144750495,20.548814050150913,0.00017178355216846452,2.08019145204e-05,1396.0,0.18355410567335242,0.9497615956303725,0.30475387598853865
30,45.0,0.11458318666666666,0.17578125,0.00500312453743425,22.90232549866294,4.840402191872e-05,8.5085194779e-06,571.0,0.18883352490367777,0.4362001970227671,0.1456733354816112
30,46.0,0.11197902333333333,0.19921875,0.007889926554902733,14.192657251511488,7.404962660894118e-05,1.4752074051e-05,990.0,0.18457575854545455,0.33975299873737375,0.11200649987878789
30,47.0,0.14322898333333334,0.1953125,0.006945311272460157,20.62239944540297,8.9797513867776e-05,1.75385769273e-05,1177.0,0.20255530399320304,0.479951014231096,0.4543667345454545
30,48.0,0.22395804666666666,0.2109375,0.00639420479816757,35.02516008415117,0.00012616693395626667,2.66133376314e-05,1786.0,0.20094389697648377,0.7572088465845465,0.43025177684210525
30,49.0,0.10677069666666666,0.203125,0.007068720976697367,15.104669857339855,5.6486574144e-05,1.1473835373e-05,770.0,0.2060161122077922,0.10593039772727272,0.18168835387012988
30,50.0,0.13802065666666666,0.16015625,0.006293245284701585,21.931555250545326,8.736542420979513e-05,1.39921187211e-05,939.0,0.20021248000000003,0.5037190495207667,0.36352992
30,51.0,0.14843731,0.23046875,0.00771666336952761,19.235944720118955,0.00010396613215110508,2.3960944519200002e-05,1608.0,0.21739877492537313,0.15395434934701493,0.08850500119402985
30,52.0,0.08333322666666666,0.1640625,0.006725200098305687,12.391189176313313,9.309630185142858e-05,1.5273612022500002e-05,1025.0,0.20752995652682926,0.5315625,0.061158380019512196
30,53.0,0.10416653333333332,0.14453125,0.00739091421263186,14.0938631320198,9.443904877595677e-05,1.3649393768400002e-05,916.0,0.20889215423580787,0.7224942003275109,0.17536714794759825
30,54.0,0.08854155333333333,0.15234375,0.00685318575771509,12.919765560660045,7.169637895680001e-05,1.09224952317e-05,733.0,0.21866417418826742,0.8829883611869032,0.40430383366984995
30,55.0,0.0781249,0.14453125,0.007813621535130417,9.998551842925423,9.113986803269189e-05,1.3172559051600001e-05,884.0,0.2183274423529412,0.8427866940045249,0.24005037882352942
30,56.0,0.08854155333333333,0.140625,0.005816554158063191,15.222337990370589,3.6027511936e-05,5.066368866000001e-06,340.0,0.2190883637647059,0.19797794117647058,0.3939615374117647
30,57.0,0.09635404333333333,0.19140625,0.008266870683735102,11.655443398057251,9.83252648683102e-05,1.88200702287e-05,1263.0,0.2248825151543943,0.3667606888361045,0.42657037719714963
30,58.0,0.16406229,0.2265625,0.007092563993045593,23.131591080583338,0.00010516671891906207,2.3826834755100003e-05,1599.0,0.2451159492682927,0.4956027204502814,0.34238474536585367
30,59.0,0.12499984,0.17578125,0.007430140913031468,16.823347156278974,0.00011189721354239999,1.9669432068e-05,1320.0,0.23865350836363636,0.8607865767045455,0.022956558181818184
30,60.0,0.0781249,0.1484375,0.00798210943324382,9.787500491364613,6.384565892311579e-05,9.4770899964e-06,636.0,0.23664382716981133,0.6849326847484277,0.21810454188679246
30,61.0,0.09374988,0.140625,0.005295015727843887,17.70530718294479,8.41348366976e-05,1.18314614106e-05,794.0,0.2492072886649874,0.23984571788413098,0.3463049029722922
30,62.0,0.0781249,0.140625,0.004642807678117905,16.827080813235444,4.27031979712e-05,6.005137214700001e-06,403.0,0.2426376,0.5506746277915633,0.4641010529032258
30,63.0,0.10156237,0.1640625,0.008211457531268182,12.368373046230033,0.00010454033505462859,1.71511487199e-05,1151.0,0.24842294950477845,0.6973419852302346,0.0056981554821894
30,64.0,0.23697886333333332,0.19140625,0.007370619727920702,32.15182333116873,0.00015710244220447348,3.00703893282e-05,2018.0,0.2598307737561943,0.059429973984142716,0.14765703341922698
30,65.0,0.14583314666666666,0.22265625,0.009000033497607668,16.2036226537858,0.00012079812825600001,2.68964582445e-05,1805.0,0.24857428573961218,0.20094788781163436,0.26781332928531854
30,66.0,0.15364563666666667,0.25390625,0.008346347595853884,18.408727278862838,0.00010951059465216,2.7805424423400002e-05,1866.0,0.2625407768488746,0.1810356377277599,0.08392345209003214
30,67.0,0.12499984,0.13671875,0.007556609549900573,16.541788903416972,0.00018005278906368,2.46165922548e-05,1652.0,0.25867253694915254,0.9439339626210653,0.1272377285230024
30,68.0,0.12239567666666666,0.13671875,0.007034967946424965,17.39818540735012,0.00011727409263469714,1.6033567352400002e-05,1076.0,0.26629048639405206,0.10052422165427509,0.44126353695167286
30,69.0,0.14322898333333334,0.20703125,0.008402873842765663,17.04523785712246,0.0001599285646384302,3.3110210647800004e-05,2222.0,0.26807143344734474,0.4940263557605761,0.19906090045004501
30,70.0,0.08593739,0.16015625,0.007194497650263872,11.944877068220057,6.150004835215609e-05,9.849617118900001e-06,661.0,0.2699087738577912,0.5266050491679274,0.13556012006051438
30,71.0,0.14583314666666666,0.16796875,0.0057368633046167355,25.420362822538856,0.00014424804642173023,2.42291640474e-05,1626.0,0.2738476038376384,0.6544866620541205,0.16272396457564575
30,72.0,0.09374988,0.1640625,0.009448029808528428,9.922690963080475,0.00016721004069120002,2.7432897300900002e-05,1841.0,0.27651235398153173,0.7235728714014122,0.06238101901140685
30,73.0,0.10677069666666666,0.1875,0.00631798196797742,16.899493731991015,4.32330143232e-05,8.1061901856e-06,544.0,0.2783698641176471,0.32907284007352944,0.03769449794117647
30,74.0,0.10156237,0.125,0.005805014919696494,17.495626006988804,6.86641992192e-05,8.583024902400001e-06,576.0,0.2826157858333333,0.5551961263020834,0.42319973583333337
30,75.0,0.21354139333333333,0.32421875,0.007207550006566433,29.6274591419812,9.991698065765783e-05,3.23949585726e-05,2174.0,0.2963298100459982,0.655058719526219,0.3747699481876725
30,76.0,0.08333322666666666,0.12890625,0.0045339404955888375,18.37986774368637,4.103668471854546e-05,5.2898851395000005e-06,355.0,0.28356001352112675,0.8609264964788732,0.4288446327887324
30,77.0,0.13802065666666666,0.171875,0.0062717391437447255,22.006759768432808,8.392291015680001e-05,1.4424250183200001e-05,968.0,0.294003072892562,0.24021016270661158,0.4084926267768595
30,78.0,0.13541649333333333,0.15625,0.0059334209935720745,22.822667307786812,9.336423754944001e-05,1.45881621171e-05,979.0,0.28810215763023495,0.294708407814096,0.08295074206332993
30,79.0,0.12499984,0.14453125,0.006711148626510789,18.62569985504687,0.00012732775681037839,1.8402839851500002e-05,1235.0,0.29418731621052635,0.15775240384615385,0.19396616589473684
30,80.0,0.08593739,0.16015625,0.007250384812471675,11.852803985269261,7.57353091658927e-05,1.2129483108600002e-05,814.0,0.3004253672727273,0.6236947174447175,0.4734276501228501
30,81.0,0.16145812666666665,0.25,0.009440644314357784,17.102447808685408,0.00013726879409880002,3.4317198524700006e-05,2303.0,0.3120395425792445,0.8157311794398611,0.47443091202778986
30,82.0,0.10156237,0.18359375,0.00786415863552766,12.914588159650659,8.48157070733617e-05,1.55716337205e-05,1045.0,0.2978274373205742,0.07608403110047847,0.30425684669856456
30,83.0,0.19531225,0.203125,0.006603869107917923,29.575427194010256,0.00010035536808959999,2.03846841432e-05,1368.0,0.31060604421052634,0.6510673656798246,0.24413286140350876
30,84.0,0.12499984,0.18359375,0.0076580001916603,16.32277838490094,0.0001265336720836085,2.32307913591e-05,1559.0,0.3250861125336754,0.12228391597177678,0.013179488389993586
30,85.0,0.13541649333333333,0.23828125,0.007365710701666032,18.384715177953407,8.842548059740329e-05,2.1070134048600002e-05,1414.0,0.3289819305233381,0.26205854402404527,0.09091262528995757
30,86.0,0.08333322666666666,0.140625,0.005641245743383256,14.77213198244556,5.6902276204800003e-05,8.0018825913e-06,537.0,0.33462001162011173,0.3978846601489758,0.22803858055865922
30,87.0,0.09895820666666666,0.15234375,0.005487054579875569,18.034850068670313,5.457923527680001e-05,8.3148053742e-06,558.0,0.33037129806451615,0.6076248879928315,0.3207457066666667
30,88.0,0.08072906333333332,0.1328125,0.006665745906490001,12.111032203422683,5.318109547369412e-05,7.063114242600001e-06,474.0,0.33471284962025316,0.46008867352320676,0.2581662035443038
30,89.0,0.0781249,0.1484375,0.009060551679182861,8.622532354127669,8.412368266913684e-05,1.2487109146200002e-05,838.0,0.33179033871121716,0.8332245674224343,0.1147702722673031
30,90.0,0.14843731,0.1875,0.00745755370910071,19.90428976982852,0.0001516334399424,2.8431269989200003e-05,1908.0,0.33865749584905663,0.7176997346698113,0.2939455836477987
30,91.0,0.08593739,0.12109375,0.00471104261219333,18.24169235437884,4.146923859654194e-05,5.0216656113e-06,337.0,0.3361336906824926,0.9344630934718101,0.375028018041543
30,92.0,0.09374988,0.11328125,0.0061292676941109465,15.295445504864421,9.299921235244139e-05,1.0535067024300001e-05,707.0,0.3388759889108911,0.12182306400282886,0.3605840751343706
30,93.0,0.10156237,0.1484375,0.007578888406926616,13.400694738713732,0.0001087183154304,1.6137874946700003e-05,1083.0,0.3433992536288089,0.3453478474145891,0.48024389407202217
30,94.0,0.17187478,0.21875,0.0059502498565038,28.88530467542229,9.34596044928e-05,2.0444288482800002e-05,1372.0,0.3454844358017493,0.5410013893950437,0.4079999349271137
30,95.0,0.11458318666666666,0.15625,0.006315869451337338,18.142108153043683,0.00012178358667072002,1.9028685417300003e-05,1277.0,0.34635073090054813,0.9482551879404855,0.2693454953797964
30,96.0,0.10937485999999999,0.1640625,0.009103263672653121,12.014906294384307,0.00014286876371931429,2.3439406547700002e-05,1573.0,0.3454253514049587,0.05575284090909091,0.4522596495867769
30,97.0,0.16406229,0.265625,0.008187900033356612,20.037163293595196,0.00012033064323952941,3.19628271105e-05,2145.0,0.36821092363636365,0.8580710955710956,0.19268143418181818
30,98.0,0.09895820666666666,0.171875,0.0077841773743722205,12.712737892184458,9.866143776698183e-05,1.69574346162e-05,1138.0,0.36431523332161686,0.7885201559753954,0.008687779824253077
30,99.0,0.11979151333333332,0.19140625,0.007731283270276547,15.494389371798091,0.00012946549127157553,2.4780504188700003e-05,1663.0,0.3597968840889958,0.2351571895670475,0.33352430778111847
30,100.0,0.09114571666666667,0.12890625,0.006245231481947522,14.594449690156825,7.953025094749092e-05,1.0251946411200001e-05,688.0,0.3542954002325582,0.5637263808139535,0.20966232209302327
30,101.0,0.34895788666666666,0.28515625,0.0058312031731866006,59.84320496175925,0.00010832639648508494,3.0889948997700005e-05,2073.0,0.3847156471201158,0.6191170706705258,0.3114392578871201
30,102.0,0.08072906333333332,0.1328125,0.006762560253875421,11.937647917749779,9.91816210944e-05,1.3172559051600001e-05,884.0,0.37796628,0.7792791996606335,0.44534671058823533
30,103.0,0.12760400333333333,0.21875,0.007588845966234211,16.81467826611506,9.066671543725716e-05,1.9833344001900002e-05,1331.0,0.3814292216979715,0.9092875422614576,0.15185911537190083
30,104.0,0.08072906333333332,0.16015625,0.007442860155512443,10.846510836770532,0.00010225197146599025,1.63762923051e-05,1099.0,0.3900553026387625,0.9150044074158326,0.24289775170154687
30,105.0,0.10937485999999999,0.15625,0.006660740563914018,16.42082572507952,7.791479272512e-05,1.2174186363300001e-05,817.0,0.38991877307221545,0.6899097307221542,0.13393096068543453
30,106.0,0.0781249,0.1015625,0.005732005173878687,13.629593419772696,8.025495079680001e-05,8.1508934403e-06,547.0,0.3969511090310786,0.532978176416819,0.3794408704936015
30,107.0,0.08072906333333332,0.16015625,0.009481588275200828,8.51429749849831,9.508782059894633e-05,1.52289087678e-05,1022.0,0.4022051225048924,0.503290881849315,0.054572695420743646
30,108.0,0.09635404333333333,0.17578125,0.007931109308542022,12.14887345324536,8.070162673664e-05,1.4185832824800001e-05,952.0,0.4056806677310924,0.768706506039916,0.20794573210084036
30,109.0,0.09374988,0.15625,0.005059385593726347,18.52989424570646,3.471356738304e-05,5.423994903600001e-06,364.0,0.40370024571428575,0.3705357142857143,0.2957742685714286
30,110.0,0.13020816666666665,0.14453125,0.005315738779200655,24.494839207702093,8.753138909474595e-05,1.2651021080100001e-05,849.0,0.4122900590812721,0.5951303003533569,0.4510740992226149
30,111.0,0.13020816666666665,0.140625,0.005738723130918341,22.689396873870454,9.86518047424e-05,1.38729100419e-05,931.0,0.425085763952739,0.686983921858217,0.42988360008592913
30,112.0,0.08072906333333332,0.10546875,0.007859308369485406,10.271777049335846,0.00012305867802453336,1.2978844947900001e-05,871.0,0.42009794865671646,0.2610146383467279,0.4885221779104478
30,113.0,0.11197902333333333,0.12890625,0.0047146949558416265,23.751064359866692,4.947521425221818e-05,6.3776643372e-06,428.0,0.41935037943925235,0.40747298481308414,0.1089868340186916
30,114.0,0.11458318666666666,0.19140625,0.00740091376593226,15.482302630536477,7.792841657417142e-05,1.49159859849e-05,1001.0,0.42714012467532464,0.17486029595404595,0.3205555761038961
30,115.0,0.09374988,0.15625,0.006381746856597679,14.690316320378331,7.667502246144e-05,1.1980472259600001e-05,804.0,0.42916653970149254,0.7023524953358209,0.024846407164179105
30,116.0,0.18489559666666666,0.171875,0.0063651964252821715,29.047901166454604,0.00011496051535941818,1.97588385774e-05,1326.0,0.4573084658823529,0.15852717288838614,0.1713840705882353
30,117.0,0.08593739,0.125,0.007329693282350017,11.72455472412989,8.08234844976e-05,1.0102935562200001e-05,678.0,0.4420359950442478,0.5021086836283186,0.12143624424778761
30,118.0,0.09374988,0.171875,0.007082056883207951,13.23766266581217,7.377933527214545e-05,1.26808232499e-05,851.0,0.444329062279671,0.4892543698589894,0.48890426397179787
30,119.0,0.16406229,0.203125,0.006264966015238615,26.187259372348137,9.4266555552e-05,1.91478940965e-05,1285.0,0.4515172658054475,0.3221060311284047,0.052556407284046695
30,120.0,0.08593739,0.16015625,0.009591302746235777,8.959928830703126,9.285483851051707e-05,1.48712827302e-05,998.0,0.4485150247695391,0.8473900926853707,0.17772413482965932
30,121.0,0.09114571666666667,0.17578125,0.0075119378887385764,12.133449186701421,6.40018153216e-05,1.1250319099500001e-05,755.0,0.456285048794702,0.2742342715231788,0.27358684100662256
30,122.0,0.0781249,0.1328125,0.006659115195294762,11.732024106626351,7.719112591962352e-05,1.0251946411200001e-05,688.0,0.4525049734883721,0.5925576853197675,0.3528703039534884
30,123.0,0.09114571666666667,0.1796875,0.006501501436692963,14.01917965475812,7.778625467102608e-05,1.3977217636200001e-05,938.0,0.44989640289978683,0.6999891724413646,0.10042118481876333
30,124.0,0.10677069666666666,0.1875,0.005736135346513174,18.613698983161093,5.324654337600001e-05,9.983726883000001e-06,670.0,0.4549049688358209,0.1947761194029851,0.20895468895522387
30,125.0,0.08072906333333332,0.171875,0.00794854754784948,10.156454729288873,7.152520752000001e-05,1.2293395042500001e-05,825.0,0.46539180101818184,0.7466098484848485,0.4112726213818182
30,126.0,0.09635404333333333,0.18359375,0.008099321637383753,11.896557223829138,9.999325465491063e-05,1.8358136596800002e-05,1232.0,0.47004401025974024,0.4172585227272727,0.48843536181818187
30,127.0,0.10937485999999999,0.16015625,0.005762597936686944,18.980130351221803,8.10386416259122e-05,1.2978844947900001e-05,871.0,0.47045077253731343,0.38896562858783007,0.35980910328358207
30,128.0,0.11458318666666666,0.1640625,0.007737440493959729,14.808926382841534,0.00011144308524068572,1.82836311723e-05,1227.0,0.47621427090464546,0.8197585574572127,0.21456941300733495
30,129.0,0.12239567666666666,0.12890625,0.005669300931665197,21.589200880665967,7.6293554688e-05,9.834716034e-06,660.0,0.4829118792727273,0.3891690340909091,0.40015877672727274
30,130.0,0.10416653333333332,0.140625,0.0065918406537610556,15.802343958951713,8.57242857536e-05,1.2054977684100001e-05,809.0,0.4815587563906057,0.9356555160692213,0.35824904425216314
30,131.0,0.13281233,0.15234375,0.006998590295468246,18.97701171134409,0.00012578655298559998,1.9162795181400002e-05,1286.0,0.4850192312286159,0.9038473221228616,0.040013141150855365
30,132.0,0.0781249,0.11328125,0.006921528549799311,11.287232211483866,6.498106209633103e-05,7.361135940600001e-06,494.0,0.48890468210526317,0.6186740890688259,0.3235378863157895
30,133.0,0.10156237,0.18359375,0.008924158318972903,11.380610514727957,0.00010023674472306382,1.8402839851500002e-05,1235.0,0.48836065515789473,0.2917541751012146,0.4725332665263158
30,134.0,0.12239567666666666,0.20703125,0.004700482413717597,26.03896066273425,3.008557156564528e-05,6.228653488200001e-06,418.0,0.48768191540669853,0.842432341507177,0.29189798928229665
30,135.0,0.09114571666666667,0.15625,0.005995670962620985,15.201921058526978,4.62529675296e-05,7.227026176500001e-06,485.0,0.4877605103505155,0.6899001288659794,0.45827443892783504
40,1.0,0.13802065666666666,0.16796875,0.007523003057831877,18.34648419064236,0.0001170130216668279,1.9654530983100003e-05,1319.0,0.008198957877179683,0.07349613817285823,0.10182285343442002
40,2.0,0.15364563666666667,0.26171875,0.006857037954578174,22.40699813599304,6.46787150190806e-05,1.69276324464e-05,1136.0,0.009184478028169013,0.15574796434859156,0.2418602138028169
40,3.0,0.16666645333333333,0.25,0.00853350312911548,19.530836376526732,0.0001304738993844,3.26184748461e-05,2189.0,0.01135825381452718,0.3530561186614893,0.07136427453631795
40,4.0,0.08854155333333333,0.15625,0.007036383065598273,12.583390146313052,6.322828344768e-05,9.8794192887e-06,663.0,0.0026719152941176473,0.413331919306184,0.1654436988235294
40,5.0,0.15364563666666667,0.21484375,0.00645201378707426,23.813593978127415,7.580805024907636e-05,1.62868857957e-05,1093.0,0.01033741921317475,0.5621354643183898,0.33443918843549864
40,6.0,0.0781249,0.15234375,0.007081618669639469,11.032068181662964,8.979164513280001e-05,1.36791959382e-05,918.0,0.006484869019607844,0.6762280433006536,0.2611946949019608
40,7.0,0.08333322666666666,0.15234375,0.008924600476675214,9.33747419668379,0.0001274493612288,1.9416113624700003e-05,1303.0,0.010618497375287797,0.8880288277052955,0.21126372911742133
40,8.0,0.08333322666666666,0.1328125,0.007799409016248935,10.684556546919644,0.00013037222139331768,1.7315060653800002e-05,1162.0,0.02166753005163511,0.7346540178571429,0.4814474416523236
40,9.0,0.11458318666666666,0.2109375,0.011188406303941857,10.241242903942194,0.00022096873987413333,4.6610593567200005e-05,3128.0,0.03505688056265984,0.08600868166560102,0.1924347695140665
40,10.0,0.09895820666666666,0.15625,0.006715551087426601,14.735679228461866,6.24653479008e-05,9.7602106095e-06,655.0,0.036775311389312976,0.5945729961832061,0.39079098430534354
40,11.0,0.0781249,0.11328125,0.007783739415290259,10.036936725622216,0.00011286184469362757,1.2785130844200001e-05,858.0,0.03965197818181818,0.15067744755244755,0.0737860509090909
40,12.0,0.09114571666666667,0.17578125,0.0077734490217803735,11.725260744784729,6.696878689280001e-05,1.1771857071000001e-05,790.0,0.03656537316455696,0.7755241297468355,0.3131815558481013
40,13.0,0.0781249,0.125,0.005592543576231308,13.96947541580832,8.583024902400001e-05,1.0728781128000002e-05,720.0,0.046139747333333335,0.32986653645833336,0.4023237313333333
40,14.0,0.14583314666666666,0.1875,0.006966670662092465,20.932975554619535,8.074401204480001e-05,1.5139502258400001e-05,1016.0,0.05887810960629921,0.2816306286909449,0.4723301607874016
40,15.0,0.09114571666666667,0.16015625,0.007138086339090378,12.768928860880319,6.1034843750400005e-05,9.775111694400001e-06,656.0,0.04973905902439024,0.3802996379573171,0.1649076380487805
40,16.0,0.12499984,0.2265625,0.00857524441156108,14.576825335902516,0.00010325938005186207,2.3394703293000002e-05,1570.0,0.05444726308280255,0.12556478901273885,0.46042502552866243
40,17.0,0.09114571666666667,0.16015625,0.010522001543192563,8.662393394689754,0.00010904395865162928,1.7464071502800003e-05,1172.0,0.05599888341296928,0.7132272557593856,0.1331221261433447
40,18.0,0.11979151333333332,0.14453125,0.006441637064551155,18.596439403976298,7.887103964367568e-05,1.13993299485e-05,765.0,0.06645714196078431,0.7767105800653594,0.06174922917647059
40,19.0,0.08072906333333332,0.1328125,0.007873077496992583,10.253812865956268,0.00010333288804065884,1.3723899192900002e-05,921.0,0.066395476742671,0.9356677524429967,0.23564891153094464
40,20.0,0.10416653333333332,0.18359375,0.005284429672236353,19.711972680913814,4.861685027458724e-05,8.9257498551e-06,599.0,0.06307697228714523,0.8011725271285476,0.19937801108514192
40,21.0,0.0781249,0.1171875,0.006573587517176858,11.884667207344354,6.510383333376e-05,7.629355468800001e-06,512.0,0.062034448125,0.89630126953125,0.311011471875
40,22.0,0.13020816666666665,0.18359375,0.007361072596843533,17.688749153554145,9.958743787465531e-05,1.82836311723e-05,1227.0,0.06810451442542788,0.567007946210269,0.4594575518826406
40,23.0,0.08854155333333333,0.13671875,0.006928651356054418,12.779045846485499,9.634786049170287e-05,1.3172559051600001e-05,884.0,0.06304998352941177,0.7166510534502263,0.41086884
40,24.0,0.10156237,0.20703125,0.009883789688738005,10.275650656116685,0.00015956868938046793,3.30357052233e-05,2217.0,0.07185666792963465,0.41707367783040145,0.2797859817050068
40,25.0,0.14583314666666666,0.2109375,0.009629296028814446,15.144736046153268,0.0002041559009706667,4.3064135361e-05,2890.0,0.08557504044290658,0.4146653330449827,0.41461831573702423
40,26.0,0.09114571666666667,0.14453125,0.005084400955563631,17.92653991360182,4.8559816564929735e-05,7.0184109879e-06,471.0,0.08368144713375797,0.8507580281316348,0.3858552356687898
40,27.0,0.11979151333333332,0.1953125,0.006465857736061801,18.526778383202636,6.263700839884801e-05,1.22337907029e-05,821.0,0.08205482952496955,0.8918335109622412,0.005959276004872107
40,28.0,0.08854155333333333,0.0859375,0.006557868646568643,13.501574689157895,0.00011045225985512728,9.491991081300001e-06,637.0,0.10213867102040816,0.9779238618524333,0.1939905012244898
40,29.0,0.11197902333333333,0.17578125,0.0076794569890523455,14.581632984333138,9.095887131136001e-05,1.5988864097700002e-05,1073.0,0.0939609081081081,0.48567465633737184,0.23439260242311277
40,30.0,0.09374988,0.1171875,0.0075229020220805316,12.46193021321213,0.00014915389941504002,1.74789725877e-05,1173.0,0.09994379785166241,0.23211716751918157,0.31719967549872125
40,31.0,0.12239567666666666,0.2109375,0.007422552306526265,16.489702141815894,0.0001129568462464,2.3826834755100003e-05,1599.0,0.10627586731707318,0.7249819222951845,0.276304796097561
40,32.0,0.12499984,0.1640625,0.007100476573427133,17.60442960516202,0.00010090730864091429,1.6555105323900002e-05,1111.0,0.10683443341134113,0.18275343159315932,0.4008853514311431
40,33.0,0.13281233,0.2421875,0.007364983852823123,18.032942455004946,6.989474042384518e-05,1.69276324464e-05,1136.0,0.10575904098591549,0.13844148877640844,0.005804342535211268
40,34.0,0.13541649333333333,0.22265625,0.006546282064067906,20.686015666300907,5.916096696858947e-05,1.3172559051600001e-05,884.0,0.10686703764705884,0.8845225890837104,0.3303379905882353
40,35.0,0.10416653333333332,0.16796875,0.006393012064995737,16.29381147326253,7.114817541834419e-05,1.19506700898e-05,802.0,0.11178567860349128,0.512415250935162,0.05644565506234414
40,36.0,0.14322898333333334,0.19921875,0.009588026724400317,14.938317075069646,0.00019282821959378825,3.8414996872200003e-05,2578.0,0.11854029244375486,0.2156392431148177,0.05568210265321955
40,37.0,0.08072906333333332,0.15625,0.007032209427622336,11.479900330645965,7.162057446335999e-05,1.11907147599e-05,751.0,0.10997027856191745,0.3810336218375499,0.2008072630625832
40,38.0,0.10937485999999999,0.15625,0.006435389524871239,16.995841444762956,8.344607544e-05,1.30384492875e-05,875.0,0.12158451017142857,0.91228125,0.43603236589714284
40,39.0,0.09374988,0.12890625,0.006531394445683112,14.353731164095201,0.00012230088009076363,1.57653478242e-05,1058.0,0.11576574215500945,0.34781131852551983,0.13305030034026466
40,40.0,0.17447894333333333,0.2890625,0.009482201257300354,18.400679188179208,0.0001484115837478054,4.29002234271e-05,2879.0,0.12794394564779438,0.5438140413337964,0.1141086107120528
40,41.0,0.14322898333333334,0.25390625,0.007165137723035235,19.98970415779529,7.107038055936001e-05,1.80452138139e-05,1211.0,0.14340029608587945,0.48966827518579686,0.28857468961189103
40,42.0,0.0781249,0.15625,0.0097605136905952,8.004179132014098,0.00011577546923904001,1.80899170686e-05,1214.0,0.14061016052718286,0.702497554571664,0.23655919156507416
40,43.0,0.13541649333333333,0.16015625,0.005734331844296823,23.61504304429366,8.234121451082928e-05,1.31874601365e-05,885.0,0.15134583430508475,0.3419403248587571,0.37928486942372885
40,44.0,0.08593739,0.1484375,0.005548051337327312,15.489652992540442,4.768347168e-05,7.0780153275e-06,475.0,0.1478285689263158,0.0672203947368421,0.1308754873263158
40,45.0,0.10416653333333332,0.18359375,0.007412255364346959,14.05328448806225,7.621239133194894e-05,1.39921187211e-05,939.0,0.15665104,0.5021049653887114,0.03732144
40,46.0,0.09895820666666666,0.16015625,0.006836209411135016,14.475596155009626,0.0001072761811649561,1.7180950889700003e-05,1153.0,0.15717788253252385,0.8825075888985255,0.4198513482046834
40,47.0,0.09374988,0.16796875,0.005223742662745634,17.946879479458207,4.639712686258605e-05,7.7932674027e-06,523.0,0.1566118421414914,0.0883873087954111,0.45870311586998086
40,48.0,0.10937485999999999,0.109375,0.006819613290801787,16.038278907621272,0.00011416785505097143,1.2487109146200002e-05,838.0,0.15711195608591885,0.08750372911694511,0.19142673622911693
40,49.0,0.12760400333333333,0.19140625,0.008220933967674591,15.521837766254185,0.0001402867199467102,2.68517549898e-05,1802.0,0.16520880639289678,0.6600630375971143,0.13990170379578248
40,50.0,0.10416653333333332,0.14453125,0.00820797404317206,12.690894584393332,0.00013145173273945948,1.89988832475e-05,1275.0,0.1678733447529412,0.05050857843137255,0.34841363011764703
40,51.0,0.11979151333333332,0.1953125,0.006316625839489036,18.964478247934895,6.675686035199999e-05,1.30384492875e-05,875.0,0.17351741293714285,0.8690491071428571,0.014087017508571428
40,52.0,0.09895820666666666,0.1875,0.006624663654109404,14.937846181108533,5.38028505456e-05,1.0088034477300002e-05,677.0,0.17149662983751846,0.30957463995568685,0.21323916053175776
40,53.0,0.11197902333333333,0.19140625,0.009365366870852706,11.956715084151078,9.303142637975511e-05,1.78067964555e-05,1195.0,0.17443894935564855,0.772071129707113,0.2586192385606695
40,54.0,0.09374988,0.16015625,0.006628520556590176,14.143409407819131,9.304092035121951e-05,1.4901084900000001e-05,1000.0,0.19055029344,0.778171875,0.4328699856
40,55.0,0.08854155333333333,0.1484375,0.006856458398820521,12.913598855724793,9.145187936943158e-05,1.3574888343900001e-05,911.0,0.2003759620636663,0.056737102085620196,0.4870686796926455
40,56.0,0.11458318666666666,0.20703125,0.007957348734534665,14.399668845651933,8.478661077590943e-05,1.7553478012200002e-05,1178.0,0.20446414125636672,0.7203449968166383,0.043777742342954166
40,57.0,0.08333322666666666,0.171875,0.01039992252169565,8.012869950984946,0.00010316969327127273,1.7732291031e-05,1190.0,0.20299317781512605,0.4950794380252101,0.4489845386218488
40,58.0,0.14062481999999998,0.1640625,0.006764261337117679,20.789383051826565,0.00011516693731474286,1.8894575653200003e-05,1268.0,0.20890836454258677,0.7223081378154574,0.1728495796845426
40,59.0,0.09114571666666667,0.1484375,0.006543221753547098,13.929791790604732,4.677999537448421e-05,6.943905563400001e-06,466.0,0.21099563742489272,0.6594353540772532,0.002707544034334764
40,60.0,0.12499984,0.21484375,0.006354850417442631,19.669989344973978,9.245391672645819e-05,1.98631461717e-05,1333.0,0.22331209242310576,0.22823576987997,0.3967119321830458
40,61.0,0.12239567666666666,0.140625,0.006191857577668984,19.767198313489683,0.0001408251863616,1.98035418321e-05,1329.0,0.22154171088036118,0.1629867381489842,0.08544936740406321
40,62.0,0.1562498,0.19140625,0.007417737982544784,21.06434608066269,0.0001074337810912653,2.0563497162e-05,1380.0,0.23470699652173915,0.8785920516304347,0.018945264
40,63.0,0.16145812666666665,0.24609375,0.007256194929942378,22.25107349313572,7.06018133065143e-05,1.73746649934e-05,1166.0,0.23819688699828473,0.4748405338765009,0.3420439088850772
40,64.0,0.09635404333333333,0.1875,0.008439940365781379,11.416436509905692,6.977681355840001e-05,1.3083152542200002e-05,878.0,0.23569131006833713,0.7335296839407744,0.41888195371298403
40,65.0,0.16666645333333333,0.22265625,0.006859003656801118,24.298930525875058,0.00012641975860143157,2.8148149376100003e-05,1889.0,0.2536222993753309,0.47894471281101114,0.18542025884595026
40,66.0,0.09374988,0.1171875,0.007808573785728568,12.006018329665151,0.00014050729655040001,1.6465698814500003e-05,1105.0,0.2393676705882353,0.9577559389140271,0.3162286870588235
40,67.0,0.17187478,0.32421875,0.009545961332157902,18.004973414358787,0.00011531357151336868,3.73868220141e-05,2509.0,0.2457941968911917,0.24241636359107213,0.2610914312953368
40,68.0,0.10156237,0.1484375,0.010021921597853608,10.134021605372723,0.0002346026806656,3.48238354113e-05,2337.0,0.26119240071887034,0.9396027225074882,0.1250381239537869
40,69.0,0.08333322666666666,0.15234375,0.005939542198235535,14.030244063494075,4.95908105472e-05,7.5548500443e-06,507.0,0.25640959999999996,0.3712632519723866,0.2778284307692308
40,70.0,0.13281233,0.2578125,0.010323576791288695,12.86495297948193,0.0001334559225565091,3.4406605034100005e-05,2309.0,0.2622831229449979,0.18455466381550456,0.08440794220874838
40,71.0,0.08072906333333332,0.1484375,0.004419226062239401,18.26769262227437,2.6301199116126315e-05,3.9040842438e-06,262.0,0.2704623920610687,0.2002325858778626,0.40464620885496183
40,72.0,0.11197902333333333,0.21875,0.013246593074946795,8.453420641804014,0.00021437126482422856,4.68937141803e-05,3147.0,0.27477673837940897,0.7230261459326343,0.06381122943755958
40,73.0,0.08072906333333332,0.16015625,0.008379593101627168,9.634007565075825,8.922624261681951e-05,1.4290140419100002e-05,959.0,0.27106617259645466,0.5416286496350365,0.13512983524504693
40,74.0,0.11197902333333333,0.19140625,0.00921142153405975,12.156540976795446,0.00013904111089057958,2.66133376314e-05,1786.0,0.2840160177379619,0.645003674412094,0.15391701043673015
40,75.0,0.14583314666666666,0.24609375,0.006034705987730183,24.165741788112943,6.515227368594286e-05,1.6033567352400002e-05,1076.0,0.2873046780669145,0.5850625871282528,0.403518948401487
40,76.0,0.11718735,0.15625,0.006758015152462613,17.340498261134716,9.288740283264001e-05,1.45136566926e-05,974.0,0.28521968821355237,0.8558417286960985,0.4326040484599589
40,77.0,0.09635404333333333,0.125,0.008395747914580842,11.476528870762769,0.0001778593493664,2.22324186708e-05,1492.0,0.28803676471849865,0.05456182975871314,0.3012006887935657
40,78.0,0.08593739,0.1171875,0.006693848450409182,12.838263464830431,9.536694336e-05,1.1175813675000001e-05,750.0,0.28696801536,0.22444270833333332,0.24117386176000002
40,79.0,0.13802065666666666,0.2421875,0.01159209141441467,11.906449986672733,0.00018538103247979355,4.48969688037e-05,3013.0,0.2937491183538002,0.13241967100896118,0.2032333828078327
40,80.0,0.12760400333333333,0.2109375,0.008745248875885774,14.591237498705123,0.00017879535825493335,3.7714645881900004e-05,2531.0,0.30582186007111817,0.6470021730541288,0.24887965351244568
40,81.0,0.09635404333333333,0.18359375,0.00888808480443925,10.84081052930641,0.0001124112481307234,2.0638002586500002e-05,1385.0,0.3019594029747293,0.8670182761732852,0.31660709787725627
40,82.0,0.16666645333333333,0.26171875,0.005845428573526244,28.51227266520034,5.010322994435821e-05,1.3112954712e-05,880.0,0.29853217254545455,0.6960404829545455,0.3710106801818182
40,83.0,0.12499984,0.19140625,0.006723862880533599,18.590480237467325,7.131111846347755e-05,1.3649393768400002e-05,916.0,0.30823901030567685,0.8773454557860262,0.2781810052401747
40,84.0,0.08593739,0.18359375,0.009680286741172963,8.877566573982183,9.804533410968511e-05,1.80005105592e-05,1208.0,0.30180392781456955,0.21641530422185432,0.4095230229139073
40,85.0,0.08072906333333332,0.14453125,0.0062444836595073275,12.92806062682573,5.907595518408649e-05,8.538321647700001e-06,573.0,0.30753970680628273,0.6029327552356021,0.47144499183246075
40,86.0,0.16406229,0.24609375,0.008113101461024145,20.221895509154628,0.00010148253782308572,2.4974218292400003e-05,1676.0,0.3191463339379475,0.8148353594868735,0.47493795293556085
40,87.0,0.16666645333333333,0.18359375,0.0072869176806542564,22.87200990012682,0.00012466691489443403,2.28880664064e-05,1536.0,0.32413272531250004,0.11905415852864583,0.0171470203125
40,88.0,0.16145812666666665,0.203125,0.00828313351627822,19.49239697143178,0.0001556681952384,3.16201021578e-05,2122.0,0.34269156350612634,0.34411632598963243,0.47187728957587183
40,89.0,0.11718735,0.234375,0.008820197998474682,13.286249358604621,0.00010445859196032,2.4482482490700002e-05,1643.0,0.3319459985879489,0.275482159160073,0.09117611130858187
40,90.0,0.17968726999999998,0.1953125,0.0075501561909233,23.799146064821503,0.00014579698300876798,2.8475973243900002e-05,1911.0,0.33734603428571425,0.7200479951596023,0.29247639836734696
40,91.0,0.0781249,0.1484375,0.00789189297010549,9.899386661215162,9.57684883846737e-05,1.4215634994600001e-05,954.0,0.3359939642767296,0.9124164701257862,0.149481240754717
40,92.0,0.09895820666666666,0.16796875,0.006593541469969548,15.00835432936523,4.772782839784186e-05,8.016783676200001e-06,538.0,0.33595479167286246,0.6017730599442379,0.32369878215613385
40,93.0,0.09635404333333333,0.17578125,0.008283364851116047,11.632234613008892,0.00012028950455808001,2.11446394731e-05,1419.0,0.3332801765750529,0.20559152572233969,0.2917195998308668
40,94.0,0.08593739,0.12890625,0.005404443343743549,15.901247276370354,6.323117335505453e-05,8.1508934403e-06,547.0,0.3415174929433272,0.2500428473491773,0.2471214537477148
40,95.0,0.10156237,0.1640625,0.008787706777612076,11.557323494082036,9.618437430308573e-05,1.57802489091e-05,1059.0,0.3344519737110482,0.8200616737488197,0.11709129609065157
40,96.0,0.08333322666666666,0.15234375,0.007427198618965783,11.220007830929744,5.2231741286399995e-05,7.9571793366e-06,534.0,0.3327363029213483,0.11995259831460674,0.371158635505618
40,97.0,0.08333322666666666,0.14453125,0.0077423110972651595,10.763352908423263,9.072747043978378e-05,1.3112954712e-05,880.0,0.3411301636363636,0.494482421875,0.42742255636363635
40,98.0,0.11979151333333332,0.21484375,0.0070300299356506925,17.03997201005454,8.440841459572365e-05,1.81346203233e-05,1217.0,0.3477548615940838,0.599062114831553,0.3894717073459326
40,99.0,0.09895820666666666,0.171875,0.007650271170210335,12.935254772667871,6.857750199796363e-05,1.17867581559e-05,791.0,0.35126036025284446,0.8371128318584071,0.01972626508217446
40,100.0,0.16666645333333333,0.2734375,0.008923932075272718,18.67634714467949,0.00013711041685357715,3.7491129608400005e-05,2516.0,0.3691893619077901,0.8529784379968204,0.19793660203497615
40,101.0,0.18749976,0.26953125,0.005502007477973336,34.07842696518208,5.854701044535652e-05,1.57802489091e-05,1059.0,0.3695915349575071,0.49315391879131254,0.20087258243626063
40,102.0,0.10416653333333332,0.1953125,0.005530007034353712,18.836600511758157,7.575949980518399e-05,1.47967773057e-05,993.0,0.3641123137160121,0.23937877643504532,0.33625920966767375
40,103.0,0.13802065666666666,0.21484375,0.006917825809711886,19.951450132337886,0.00011076436985157818,2.37970325853e-05,1597.0,0.3745220726862868,0.11213652551659362,0.012146767589229805
40,104.0,0.09895820666666666,0.10546875,0.0074401745798755685,13.300522132146215,0.00011133207610026667,1.1742054901200001e-05,788.0,0.37269644040609134,0.029797549175126902,0.23731399431472083
40,105.0,0.10416653333333332,0.17578125,0.0099971530241478,10.419619773921879,0.00017132141558272,3.01150925829e-05,2021.0,0.38661725308263234,0.9299677603908956,0.23874548449282534
40,106.0,0.08333322666666666,0.16015625,0.006564301229692877,12.694912032634669,8.048039610380488e-05,1.2889438438500002e-05,865.0,0.3838637210635838,0.5336434248554913,0.1027476596531792
40,107.0,0.17187478,0.23046875,0.006996505325468231,24.56580421290504,9.472038781179661e-05,2.1830089378500003e-05,1465.0,0.389216153774744,0.622904223549488,0.3082836604505119
40,108.0,0.15885396333333332,0.1796875,0.005267952261869072,30.15478414319796,9.428888226114782e-05,1.6942533531300003e-05,1137.0,0.3820556951978892,0.7623062335092349,0.4523920641688654
40,109.0,0.0781249,0.171875,0.008461684388858264,9.23278349909496,0.00010308299605003637,1.77173899461e-05,1189.0,0.38815837079899074,0.2177578322119428,0.43010034973927674
40,110.0,0.10156237,0.1328125,0.0063243163040728936,16.05902758762924,0.00010209872759717648,1.3559987259e-05,910.0,0.40191346285714286,0.5167925824175824,0.3805793828571429
40,111.0,0.14583314666666666,0.18359375,0.007721846799576039,18.885786062820294,0.00013051067653011063,2.3960944519200002e-05,1608.0,0.4138707435820896,0.728505907960199,0.03439701820895522
40,112.0,0.08333322666666666,0.1328125,0.004891475247794418,17.036419984797405,2.490760167755294e-05,3.3080408478e-06,222.0,0.39773265297297294,0.8355503941441441,0.4202199264864865
40,113.0,0.11458318666666666,0.203125,0.009577480719509143,11.963812825356351,0.0001093785481152,2.2217517585900003e-05,1491.0,0.40786018575452715,0.497403692991281,0.05801984643863179
40,114.0,0.0781249,0.140625,0.006774524993252823,11.532159092749604,4.99087003584e-05,7.0184109879e-06,471.0,0.40502981503184715,0.7605742436305732,0.2131513253503185
40,115.0,0.10416653333333332,0.18359375,0.007834371032871625,13.296093955247857,7.304702044595746e-05,1.3410976410000001e-05,900.0,0.4119889626666667,0.25962239583333335,0.004631064533333333
40,116.0,0.13020816666666665,0.22265625,0.0070753815899727915,18.40298858950551,6.719186746206316e-05,1.4960689239600002e-05,1004.0,0.4226053673306773,0.6230001867529881,0.3900793051792829
40,117.0,0.15364563666666667,0.24609375,0.007563942314088571,20.31290434096607,8.204584650971429e-05,2.01909700395e-05,1355.0,0.4172066118376384,0.19876902675276753,0.31217776401476016
40,118.0,0.09374988,0.17578125,0.008947010292358414,10.478347172582465,0.00010333538129408,1.8164422493100002e-05,1219.0,0.43419988567678425,0.886664273995078,0.31911481319114027
40,119.0,0.15364563666666667,0.2109375,0.007691042750437103,19.977217869180947,0.0001193146424704,2.5167932396100004e-05,1689.0,0.4404545784724689,0.44479444197750145,0.13597138074600357
40,120.0,0.09114571666666667,0.16015625,0.009094699693967954,10.021850059229436,0.0001301642475713561,2.08466177751e-05,1399.0,0.4384021456468906,0.27879847212294495,0.06325930910650465
40,121.0,0.27864547666666667,0.31640625,0.006885290797664826,40.46967439068374,0.00011396938416355556,3.6060625458000005e-05,2420.0,0.4487478827107438,0.8446829803719008,0.12177218955371902
40,122.0,0.10677069666666666,0.1875,0.008131113706276762,13.131128222231808,8.781706034400001e-05,1.6465698814500003e-05,1105.0,0.44089253647058824,0.6103930995475113,0.34813966305882355
40,123.0,0.27343714999999996,0.23046875,0.00606316817059733,45.09806462667545,0.00013700512066429832,3.15753989031e-05,2119.0,0.46587949251533745,0.26773020882491744,0.09807261644171779
40,124.0,0.10416653333333332,0.17578125,0.008221478444106308,12.67004882899215,9.36715310336e-05,1.6465698814500003e-05,1105.0,0.4480616357647059,0.8599618212669683,0.18099324423529412
40,125.0,0.13020816666666665,0.2421875,0.01129522662378167,11.52771617636412,0.00013566716781212903,3.28568922045e-05,2205.0,0.4528997405170068,0.34190759637188206,0.2820668445170068
40,126.0,0.09895820666666666,0.19921875,0.008136605089090622,12.162100235065802,7.50967930458353e-05,1.4960689239600002e-05,1004.0,0.4616288605577689,0.3469753797310757,0.18628368334661355
40,127.0,0.12760400333333333,0.15234375,0.009025529274792221,14.138118602055162,0.0001575755341056,2.4005647773900002e-05,1611.0,0.4592123369832402,0.21127453833022966,0.2245008995158287
40,128.0,0.10156237,0.17578125,0.008091729961862058,12.551379059692275,9.223043055616001e-05,1.62123803712e-05,1088.0,0.4612055920588235,0.7553890452665442,0.40809437117647057
40,129.0,0.20312474,0.26953125,0.007347428843276249,27.645689986624742,8.657659901551303e-05,2.33350989534e-05,1566.0,0.48052114973180077,0.8943092472860792,0.300287834789272
40,130.0,0.08333322666666666,0.1328125,0.0068307219333801,12.199768557322933,5.7781148035764705e-05,7.6740587235e-06,515.0,0.46728111565048547,0.9439547936893203,0.06983826174757282
40,131.0,0.11197902333333333,0.19140625,0.00626488131277645,17.874085356567885,5.597455695986939e-05,1.07138800431e-05,719.0,0.4779901271766342,0.38608853442280944,0.40397530013908206
40,132.0,0.10156237,0.19140625,0.008162787064255125,12.442119241936616,8.33001056287347e-05,1.5944160843000003e-05,1070.0,0.470855249046729,0.42697867990654204,0.4874914506168224
40,133.0,0.08072906333333332,0.16796875,0.0069261647716798635,11.655666013523584,6.005899595787907e-05,1.0088034477300002e-05,677.0,0.4752976661742984,0.31808530280649927,0.36913968
40,134.0,0.10416653333333332,0.18359375,0.009309745672121016,11.188977336434725,0.00014771730801293616,2.7119974518e-05,1820.0,0.48055873714285713,0.9068337912087913,0.03636129942857143
40,135.0,0.11979151333333332,0.17578125,0.008249953974296526,14.52026444105683,0.00010316584006144001,1.81346203233e-05,1217.0,0.4923659848151191,0.16937140509449466,0.18640179273623667
40,136.0,0.14583314666666666,0.22265625,0.005720701964118645,25.492176935865654,6.605415655882106e-05,1.47073707963e-05,987.0,0.48801483477203644,0.2825956180344478,0.46820263878419455
40,137.0,0.09895820666666666,0.1875,0.009064469781851053,10.917153352400325,9.1790682984e-05,1.72107530595e-05,1155.0,0.48530381714285714,0.4783955627705628,0.2987478823896104
40,138.0,0.08854155333333333,0.15234375,0.00865862769702017,10.225818274159604,8.284697541120001e-05,1.2621218910300001e-05,847.0,0.4946720290909091,0.4192139536599764,0.1735371332231405
40,139.0,0.08072906333333332,0.08984375,0.0039062400000000014,20.66669312006771,2.852715523116522e-05,2.5629866028000003e-06,172.0,0.49254961116279067,0.8175190770348837,0.14638180186046512
40,140.0,0.08072906333333332,0.13671875,0.006768754212361253,11.926724002757268,4.5667142020388574e-05,6.243554573100001e-06,419.0,0.4906386604295943,0.592864334725537,0.08067923856801909
40,141.0,0.09114571666666667,0.15234375,0.005372992453109795,16.96367852032122,2.4453062400000004e-05,3.7252712250000003e-06,250.0,0.49572529344000005,0.806609375,0.31298357375999997
50,1.0,0.10156237,0.171875,0.006265643934480184,16.209406576887762,4.933071888349091e-05,8.4787173081e-06,569.0,0.008663751985940247,0.18780893014059755,0.25122134720562395
50,2.0,0.09114571666666667,0.18359375,0.01129342829485577,8.070686268773153,0.00011784919298614469,2.1636375274800002e-05,1452.0,0.003539021157024793,0.20775492854683195,0.18272029454545455
50,3.0,0.09895820666666666,0.1484375,0.005941718359870219,16.654812744915787,6.254063759292633e-05,9.2833758927e-06,623.0,0.005536452520064206,0.3192089686998395,0.07152557431781702
50,4.0,0.12239567666666666,0.2109375,0.006324200917995362,19.353540194839905,4.25972347008e-05,8.9853541947e-06,603.0,0.01047494208955224,0.4197761194029851,0.3952460600995025
50,5.0,0.17447894333333333,0.22265625,0.008590520652716505,20.310636617602377,0.00012026273488976842,2.6777249565300003e-05,1797.0,0.01446526103505843,0.5657171675013912,0.332616227312187
50,6.0,0.13281233,0.1484375,0.00700604700355007,18.956814011196613,0.00014877243164160002,2.20834078218e-05,1482.0,0.022356766315789475,0.07772172317813765,0.41626891368421054
50,7.0,0.17708310666666666,0.22265625,0.006904424718717469,25.647771375738994,0.0001106256542976,2.4631493339700002e-05,1653.0,0.02899195731397459,0.6865594751966122,0.48626071259528136
50,8.0,0.08854155333333333,0.1484375,0.006759770624284737,13.098307361975328,5.2000080695242104e-05,7.7187619782e-06,518.0,0.021111040308880308,0.8832272562741312,0.2136554918918919
50,9.0,0.17708310666666666,0.2578125,0.009878963442051697,17.9252719888484,0.00021500910866618182,5.5432035828000005e-05,3720.0,0.034681005806451615,0.10844884072580645,0.19840338993548387
50,10.0,0.08593739,0.1796875,0.007513401474355816,11.437880737947403,7.786918244786088e-05,1.39921187211e-05,939.0,0.049824320000000005,0.4195287539936102,0.16603600000000002
50,11.0,0.10156237,0.17578125,0.008756848693569665,11.598050115286261,8.375336892416e-05,1.4722271881200002e-05,988.0,0.048029355789473684,0.0737561677631579,0.4639668189473684
50,12.0,0.15885396333333332,0.19140625,0.005777519177740602,27.49518581355119,9.528909279399184e-05,1.82389279176e-05,1224.0,0.062383354901960786,0.06007455065359477,0.10292016901960785
50,13.0,0.15104147333333331,0.23828125,0.008466313395541412,17.84028847938417,0.00011894290247260328,2.8341863479800003e-05,1902.0,0.05331339861198738,0.707329045084122,0.13418098700315456
50,14.0,0.2343747,0.328125,0.008068550457147014,29.04793137810696,0.00016030729050514286,5.2600829697000006e-05,3530.0,0.07078427789235128,0.4514507347733711,0.41273077325779034
50,15.0,0.09635404333333333,0.15625,0.008082957536598568,11.920642029486721,0.00015439908129984,2.41248564531e-05,1619.0,0.07068750240889438,0.9258222668313774,0.23004592899320567
50,16.0,0.08333322666666666,0.1484375,0.009870133529085105,8.442968519230467,0.00013853303351242107,2.0563497162e-05,1380.0,0.06562766260869565,0.267184669384058,0.46183362295652175
50,17.0,0.08593739,0.15625,0.00739643956106987,11.618751061297045,6.217924707072e-05,9.7155073548e-06,652.0,0.06157420490797546,0.8840946127300614,0.3094676701840491
50,18.0,0.09114571666666667,0.19140625,0.010854746499506598,8.396853548888469,0.0001409095244747755,2.6970963669000003e-05,1810.0,0.07394555482872928,0.5580369475138122,0.4614920419889503
50,19.0,0.12499984,0.21484375,0.010231256283912235,12.217447841332197,0.00011797757865844363,2.5346745414900003e-05,1701.0,0.0722332898765432,0.8922623640505585,0.1571601374250441
50,20.0,0.10416653333333332,0.19921875,0.005753079827295851,18.106220747904214,7.621875708536472e-05,1.5184205513100001e-05,1019.0,0.07445814783120708,0.4332909102060844,0.26829428679097156
50,21.0,0.0781249,0.140625,0.004984918390589521,15.672252558333431,3.6239438476800004e-05,5.0961710358e-06,342.0,0.0753264701754386,0.5226379751461988,0.21720179228070177
50,22.0,0.10937485999999999,0.11328125,0.00635702991758503,17.205339823467494,0.00012693669012744826,1.4379546928500001e-05,965.0,0.08832757504663212,0.6002712111398963,0.39417199933678754
50,23.0,0.20052057666666664,0.27734375,0.010183480142469167,19.690771117666937,0.0001851999176123493,5.13640396503e-05,3447.0,0.09392767693646649,0.22269817957644328,0.3194662912445605
50,24.0,0.10156237,0.17578125,0.005119447868960364,19.838539740932035,3.729907118080001e-05,6.556477356e-06,440.0,0.093945072,0.32145774147727274,0.36734192181818187
50,25.0,0.08333322666666666,0.1484375,0.006729595834262334,12.383095317907935,6.304256887376843e-05,9.3578813172e-06,628.0,0.0933578919745223,0.8600529956210191,0.2537998578343949
50,26.0,0.08333322666666666,0.15625,0.00581387879294214,14.333499137930172,3.48089343264e-05,5.4388959885e-06,365.0,0.0996626301369863,0.8512414383561644,0.39277510750684935
50,27.0,0.12499984,0.1953125,0.009529003923654083,13.11782857909312,0.00012695247500083202,2.47954052736e-05,1664.0,0.1051046175,0.174713134765625,0.00603190125
50,28.0,0.09374988,0.1796875,0.011385631262224322,8.234052011770913,0.00018874362007596524,3.39148692324e-05,2276.0,0.11292311683655537,0.6635270210896309,0.4484821765202109
50,29.0,0.11718735,0.21484375,0.007725674666666667,15.168558741622736,0.00011395482759307636,2.4482482490700002e-05,1643.0,0.10842609567863663,0.7406968008216677,0.2817509334631771
50,30.0,0.12499984,0.20703125,0.00936086579998331,13.35344856671515,0.0001774904772269887,3.67460753634e-05,2466.0,0.11279941216545013,0.21594465987429035,0.05123415513381995
50,31.0,0.12760400333333333,0.13671875,0.006035320313418006,21.142871746117294,6.724731891785143e-05,9.1939693833e-06,617.0,0.12259072648298218,0.19342585089141004,0.3652682606158833
50,32.0,0.12760400333333333,0.25,0.0067835429213424885,18.810819775587124,6.87834078984e-05,1.71958519746e-05,1154.0,0.11710596103986134,0.29322262240034663,0.4230501924436742
50,33.0,0.14843731,0.27734375,0.012605543457992899,11.775558149845507,0.00019175471597286762,5.3181972008100003e-05,3569.0,0.12984499366769403,0.5388567350798543,0.11952339200896611
50,34.0,0.11979151333333332,0.1953125,0.009825906872552826,12.191395144193018,0.000113524809375744,2.2172814331200003e-05,1488.0,0.13868858354838712,0.6988643523185484,0.23519345032258065
50,35.0,0.0781249,0.14453125,0.007493727011206381,10.425373099816593,6.165344013976216e-05,8.9108487702e-06,598.0,0.13771782260869567,0.779022522993311,0.023055307826086956
50,36.0,0.10156237,0.1640625,0.005322716304072893,19.080928645827964,5.949080752457143e-05,9.7602106095e-06,655.0,0.15255805410687023,0.05568940839694656,0.4626568547175573
50,37.0,0.0781249,0.1328125,0.005998821597647381,13.02337446251761,4.0727294634917644e-05,5.4090938187000006e-06,363.0,0.1419105785123967,0.09595600895316804,0.2922523940495868
50,38.0,0.08072906333333332,0.16015625,0.007458285707614723,10.824077609538472,7.117630406868294e-05,1.13993299485e-05,765.0,0.1506966117647059,0.33062704248366015,0.3710366318431373
50,39.0,0.13020816666666665,0.1484375,0.006193897201636767,21.022009637528136,0.00014184577996597894,2.10552329637e-05,1413.0,0.1544029132908705,0.8886677282377919,0.41882467532908707
50,40.0,0.13541649333333333,0.23046875,0.007326951725020288,18.48196882080022,0.00011191876539400677,2.57937779619e-05,1731.0,0.15435289594454074,0.5111297660311959,0.029663503639514734
50,41.0,0.12760400333333333,0.234375,0.009239418807934403,13.81082576576707,0.00011011703059968,2.5808679046800002e-05,1732.0,0.15982543344110853,0.34782088986720555,0.16955043741339493
50,42.0,0.14583314666666666,0.2109375,0.007504962458221015,19.431562446647483,0.000138811884224,2.9280631828500002e-05,1965.0,0.16441791560305344,0.651133110687023,0.17133086705343512
50,43.0,0.10156237,0.19921875,0.010288817076084655,9.871141575261529,0.00012371523475877648,2.4646394424600004e-05,1654.0,0.15879432406287788,0.8328602063180169,0.10809468246674728
50,44.0,0.12499984,0.16015625,0.006258972929745642,19.971302225312524,8.91332016964683e-05,1.42752393342e-05,958.0,0.15866959315240084,0.10177045276617953,0.20351999699373696
50,45.0,0.11718735,0.125,0.007936206192804466,14.766167505356709,0.0001924028082288,2.40503510286e-05,1614.0,0.17004366126394052,0.05258916124535316,0.09582994171003717
50,46.0,0.13020816666666665,0.1796875,0.006794729250065996,19.163113330145123,8.043994352973913e-05,1.4454052353000001e-05,970.0,0.1769546855257732,0.4879470038659794,0.39388792527835054
50,47.0,0.13020816666666665,0.22265625,0.008394624268747626,15.5108987011389,7.241195278282105e-05,1.6122973861800002e-05,1082.0,0.1642570309796673,0.8655015307301294,0.007586842292051756
50,48.0,0.12760400333333333,0.140625,0.007609312927293496,16.76945140153671,0.0001783361840832,2.50785258867e-05,1683.0,0.1675598243137255,0.9380407939691028,0.4860425577183601
50,49.0,0.10677069666666666,0.1953125,0.006075589688609543,17.573717472534288,6.362882460979201e-05,1.24275048066e-05,834.0,0.1746379671942446,0.6412432553956835,0.13345149064748202
50,50.0,0.09635404333333333,0.1796875,0.008918890898242327,10.803366072380381,0.00012472337635951306,2.2411231689600003e-05,1504.0,0.17368742936170214,0.18428981050531915,0.4182780494680851
50,51.0,0.11979151333333332,0.21484375,0.00514837481248149,23.26783066433239,2.788182634961455e-05,5.9902361298000005e-06,402.0,0.17706830447761196,0.1545203669154229,0.026313676417910447
50,52.0,0.10156237,0.1953125,0.008960336910033177,11.33465973654153,0.00010093637285222401,1.97141353227e-05,1323.0,0.1758693768707483,0.7864376653439153,0.2576361625396825
50,53.0,0.08072906333333332,0.140625,0.005445198186718202,14.82573463170647,3.920641004800001e-05,5.513401413e-06,370.0,0.18161376648648647,0.5326963682432433,0.33616362421621626
50,54.0,0.10677069666666666,0.17578125,0.008401989932634796,12.707786788930873,9.418015473152e-05,1.6555105323900002e-05,1111.0,0.19771164788478848,0.814577942169217,0.34899318567056703
50,55.0,0.21614555666666666,0.25,0.007564482535028044,28.573739930759892,0.00016641531616320003,4.16038290408e-05,2792.0,0.20316365432664757,0.13281809634670488,0.24326767169054442
50,56.0,0.13802065666666666,0.203125,0.008322697558838394,16.58364438824211,0.0001228032793728,2.49444161226e-05,1674.0,0.20378952086021504,0.10121947804659498,0.13740444215053765
50,57.0,0.08072906333333332,0.12890625,0.005657683971006129,14.268924129916883,4.542934392785454e-05,5.8561263657e-06,393.0,0.20541554442748095,0.16130923982188294,0.4355308506870229
50,58.0,0.14062481999999998,0.19921875,0.005330709161524922,26.380133625555427,6.948697284818823e-05,1.3843107872100002e-05,929.0,0.2053193748116254,0.48865547631862216,0.4568345577610334
50,59.0,0.12760400333333333,0.18359375,0.008372884413073748,15.240148679717526,0.00014154889295305532,2.59874920656e-05,1744.0,0.21564281449541284,0.19222826476490826,0.392201950733945
50,60.0,0.24739551666666665,0.20703125,0.008214938021679484,30.115323574417964,0.00026508411501500377,5.48806956867e-05,3683.0,0.22697874115666578,0.8789306441759436,0.39047233225088246
50,61.0,0.10416653333333332,0.17578125,0.007551004375631901,13.795056677425938,9.807960308224001e-05,1.72405552293e-05,1157.0,0.22226404314606743,0.32425251188418325,0.434775991011236
50,62.0,0.0781249,0.140625,0.007901146567752872,9.88779278172777,6.27302560768e-05,8.821442260800001e-06,592.0,0.2340048908108108,0.14170053842905406,0.07375007513513514
50,63.0,0.17447894333333333,0.31640625,0.008840523531647904,19.736268186914703,9.390700496782224e-05,2.9712763290600003e-05,1994.0,0.2402641244533601,0.2735903021564694,0.2609256657171515
50,64.0,0.09635404333333333,0.17578125,0.006642174155035852,14.506401230127524,7.163117079040002e-05,1.25914167405e-05,845.0,0.24075613292307693,0.897295673076923,0.032463396923076926
50,65.0,0.08333322666666666,0.08203125,0.004656010495588837,17.897989436582588,6.357796224e-05,5.215379715e-06,350.0,0.2418520594285714,0.7957924107142857,0.09544618422857143
50,66.0,0.14062481999999998,0.24609375,0.010446645633872943,13.461241524650566,0.00016009536396434284,3.9398468475600006e-05,2644.0,0.24545119062027232,0.4819550160741301,0.18427140562783662
50,67.0,0.11718735,0.11328125,0.005528797660496574,21.19581095132259,0.00018297299063966895,2.0727409095900002e-05,1391.0,0.2445640418691589,0.9517321171818836,0.307775766728972
50,68.0,0.11718735,0.17578125,0.007238053710681076,16.190450455910344,0.00011427079079936,2.00866624452e-05,1348.0,0.2637653786350148,0.8006827244065282,0.27323830041543024
50,69.0,0.11458318666666666,0.19140625,0.006254553032667757,18.31996404350471,6.609513054093061e-05,1.2651021080100001e-05,849.0,0.26820087406360427,0.5196692800353356,0.13498152650176679
50,70.0,0.08593739,0.16796875,0.00934537054894349,9.195717767415372,8.977799691192557e-05,1.5079897918800002e-05,1012.0,0.2525758572332016,0.6764258584486166,0.007368589090909091
50,71.0,0.08333322666666666,0.1015625,0.00390624,21.333360640069905,4.41622306944e-05,4.485226554900001e-06,301.0,0.2590122625913621,0.029783534053156147,0.17502810259136214
50,72.0,0.12760400333333333,0.22265625,0.00775881815686456,16.446319626712295,0.00012213661167157893,2.7194479942500002e-05,1825.0,0.2663295836054794,0.1813463184931507,0.08571039701917808
50,73.0,0.19531225,0.2578125,0.00948361206811458,20.594711023310516,0.00017946324795927273,4.6267868614500005e-05,3105.0,0.27018474512077295,0.736982940821256,0.06029573936231884
50,74.0,0.0781249,0.14453125,0.007018145436706333,11.131843975673519,4.2992449060670266e-05,6.2137524033e-06,417.0,0.26467820431654676,0.649261840527578,0.31423686791366906
50,75.0,0.09374988,0.1015625,0.005729042394510554,16.363970371353705,7.130512995840001e-05,7.241927261400001e-06,486.0,0.2749880434567901,0.11275077160493827,0.04878781234567901
50,76.0,0.13541649333333333,0.21875,0.0069362518442968235,19.523007003368324,0.00010102084071634287,2.20983089067e-05,1483.0,0.2858048039919083,0.5725277098786244,0.4010783941739717
50,77.0,0.14062481999999998,0.1953125,0.00673382259328234,20.883356823253298,9.437512714905599e-05,1.84326420213e-05,1237.0,0.2852092031689572,0.6379692552546483,0.15390490864995957
50,78.0,0.1562498,0.25,0.009622345130231327,16.238224454150675,0.00020432367614880002,5.1080919037200006e-05,3428.0,0.2941604971295216,0.10956871718203035,0.20670140163360562
50,79.0,0.15885396333333332,0.26953125,0.010361942045665267,15.330520343895094,0.00018448666086511305,4.97249203113e-05,3337.0,0.2962280774348217,0.6733944223853761,0.24462579250824093
50,80.0,0.09374988,0.171875,0.008605487733520404,10.894197156870272,8.77375878912e-05,1.5079897918800002e-05,1012.0,0.2883322349407115,0.8435840229743083,0.4296864
50,81.0,0.12499984,0.1328125,0.004731606997059224,26.4180520651207,7.158130572197648e-05,9.5068921662e-06,638.0,0.2909077339184953,0.4972448079937304,0.03259689931034483
50,82.0,0.17187478,0.19921875,0.007208988320420557,23.841733730257065,0.0001440601826755765,2.86994895174e-05,1926.0,0.30765899140186914,0.8961882625908619,0.15364746816199376
50,83.0,0.15104147333333331,0.2578125,0.0071957530454327765,20.990363674195432,7.022474920145456e-05,1.81048181535e-05,1215.0,0.3144491049876543,0.33869277263374487,0.02253080651851852
50,84.0,0.08333322666666666,0.15234375,0.008089984188372683,10.300789807035372,6.651232972799999e-05,1.0132737732000001e-05,680.0,0.29467698,0.7787281709558823,0.19184808423529412
50,85.0,0.09114571666666667,0.1796875,0.009081037062105939,10.036928166168007,8.417169348730436e-05,1.5124601173500002e-05,1015.0,0.3044750518226601,0.8689886083743842,0.31952850774384234
50,86.0,0.09374988,0.18359375,0.008123425306201824,11.540683451404016,0.00010088605157147235,1.85220485307e-05,1243.0,0.30116073345132743,0.21795177996781978,0.4107947171681416
50,87.0,0.08854155333333333,0.13671875,0.008923713091788776,9.922052896882748,0.00021732764006838855,2.9712763290600003e-05,1994.0,0.31614391390170515,0.37550346351554664,0.4620833127382147
50,88.0,0.08333322666666666,0.16796875,0.007961899814865694,10.466500283145345,0.00010157688385786047,1.70617422105e-05,1145.0,0.3105392568733624,0.6068777292576419,0.47715830358078604
50,89.0,0.15104147333333331,0.23828125,0.0074595696444261445,20.248014367181735,0.0001346393633141508,3.20820357897e-05,2153.0,0.32686774049233625,0.3106239839758477,0.09607753794705062
50,90.0,0.11718735,0.125,0.006870149940700693,17.057466141422807,0.000126957243348,1.58696554185e-05,1065.0,0.3276858541971831,0.6428733861502347,0.025087963943661973
50,91.0,0.1562498,0.171875,0.006448149173878685,24.231728483107155,8.652382679389092e-05,1.48712827302e-05,998.0,0.32039974653306613,0.8296162637775552,0.47337914260521047
50,92.0,0.13802065666666666,0.16796875,0.007481348315691815,18.448633968448455,0.00016199073355847442,2.7209381027400003e-05,1826.0,0.32705026488499456,0.20167887458926614,0.29849470922234395
50,93.0,0.09635404333333333,0.16015625,0.006796899608323244,14.176175739794887,5.8894902582321954e-05,9.4323867417e-06,633.0,0.32956200189573465,0.08455519352290679,0.3363994646445498
50,94.0,0.12499984,0.2265625,0.008283915695746135,15.089463074109812,9.030262981605517e-05,2.0459189567700003e-05,1373.0,0.33841893745083756,0.7468220821194465,0.2835736777276038
50,95.0,0.0781249,0.10546875,0.005562661456391149,14.044518188364563,7.488071108266667e-05,7.897574997000001e-06,530.0,0.3475374357735849,0.9327387971698113,0.09541912483018869
50,96.0,0.09114571666666667,0.171875,0.009078591484495638,10.039631899102934,0.00011149262650996364,1.9162795181400002e-05,1286.0,0.34333905592534997,0.4007915775660964,0.21888916553654741
50,97.0,0.10416653333333332,0.15625,0.004953885956823963,21.027236848245213,6.170241235392e-05,9.6410019303e-06,647.0,0.3375365682843895,0.7341395382534776,0.42349196068006184
50,98.0,0.19791641333333332,0.2578125,0.008755891878625804,22.603798228307426,0.00016264398703941816,4.1931652908600004e-05,2814.0,0.34784414771855016,0.6121249222636815,0.38696415573560766
50,99.0,0.08593739,0.15625,0.007634478880057772,11.256484083606463,7.057153808640001e-05,1.1026802826e-05,740.0,0.34871373989189186,0.15467166385135134,0.13530106832432434
50,100.0,0.10937485999999999,0.2109375,0.007542817033009665,14.50053203217608,0.00010017061161813333,2.11297383882e-05,1418.0,0.354363183977433,0.25719267894922426,0.04372068761636107
50,101.0,0.09374988,0.1796875,0.00908468500628179,10.31955207419682,0.0001273770652182261,2.28880664064e-05,1536.0,0.35794611531250003,0.34114837646484375,0.46233122406250005
50,102.0,0.09635404333333333,0.17578125,0.009270796094073202,10.393286871548415,0.00011045611306496,1.9416113624700003e-05,1303.0,0.3657700608442057,0.4729710283960092,0.4853960376976209
50,103.0,0.10677069666666666,0.16015625,0.004143023061348918,25.771205007944953,3.023829911414634e-05,4.8428525925e-06,325.0,0.3662069952,0.12043269230769231,0.4971501696
50,104.0,0.17447894333333333,0.15625,0.00689087165481773,25.320300837608396,9.860941943424e-05,1.54077217866e-05,1034.0,0.3707622429400387,0.13425184356866537,0.009342486963249515
50,105.0,0.0781249,0.13671875,0.007848339746786538,9.954321871958694,0.00011226051618377143,1.5348117447e-05,1030.0,0.3688495563495146,0.572804156553398,0.13612298283495144
50,106.0,0.09114571666666667,0.15234375,0.004618824817614161,19.73352968899732,2.11274459136e-05,3.2186343384e-06,216.0,0.36393136000000004,0.2939453125,0.33794401333333335
50,107.0,0.15364563666666667,0.25390625,0.008307238396045408,18.495392733619923,0.00010728047536128,2.7239183197200002e-05,1828.0,0.3808787004814005,0.4630530292669584,0.0856135407439825
50,108.0,0.10677069666666666,0.1875,0.00623583252286296,17.12212383434036,5.80943629968e-05,1.0892693061900001e-05,731.0,0.3741387053351573,0.5291018296853626,0.1969952634746922
50,109.0,0.16145812666666665,0.234375,0.009237113624567321,17.479283381038798,0.00015195132975360002,3.5613592911e-05,2390.0,0.38937040749790797,0.11480288964435147,0.282030528
50,110.0,0.13281233,0.15625,0.00797480198642195,16.65399720596559,0.00019378562890751998,3.0279004516800002e-05,2032.0,0.39153904440944887,0.6303095780019685,0.30618712370078743
50,111.0,0.08593739,0.16796875,0.007795542574828883,11.023913880925264,0.00013218301916874422,2.2202616501000002e-05,1490.0,0.3841079197852349,0.8121591862416108,0.43389674995973154
50,112.0,0.15104147333333331,0.16015625,0.006932683430218742,21.786870099240577,0.00012420962866887804,1.9892948341500003e-05,1335.0,0.3966252720898876,0.06488178838951311,0.47756197968539327
50,113.0,0.13802065666666666,0.171875,0.005802455816470916,23.786593303283702,0.00014305041504000002,2.4586790085000003e-05,1650.0,0.41214738240000004,0.7370170454545455,0.031445232000000004
50,114.0,0.09635404333333333,0.16796875,0.007590952826321037,12.693273892999729,6.493823492048372e-05,1.09075941468e-05,732.0,0.4076417586885246,0.7299778005464481,0.3770428786885246
50,115.0,0.11718735,0.1953125,0.009304130965261117,12.595195664973229,0.000112075231836672,2.1889693718100003e-05,1469.0,0.40754128991150446,0.27186861810755614,0.010500845309734514
50,116.0,0.10416653333333332,0.16796875,0.005740790425998295,18.14498102240325,3.495309365938605e-05,5.8710274506000005e-06,394.0,0.4042313969543147,0.29867940989847713,0.29936769015228426
50,117.0,0.08854155333333333,0.16015625,0.009265250984763924,9.556303815075696,9.899553925369757e-05,1.58547543336e-05,1064.0,0.40763853879699247,0.5039870183270677,0.1784902033082707
50,118.0,0.11979151333333332,0.2109375,0.009707568342491327,12.340012360148918,0.0001210100547968,2.5525558433700002e-05,1713.0,0.41606016700525394,0.16161795826036193,0.15769648224168126
50,119.0,0.10416653333333332,0.125,0.006206873122935387,16.782449273599838,7.70088067632e-05,9.6261008454e-06,646.0,0.41443634229102166,0.48806356424148606,0.3756732594427245
50,120.0,0.10416653333333332,0.1953125,0.007672996851996588,13.575729971299047,7.6903903125504e-05,1.5020293579200001e-05,1008.0,0.41403431333333335,0.8972245473710317,0.23988498857142856
50,121.0,0.10156237,0.1875,0.008582683156064067,11.833405492575062,8.51944694016e-05,1.59739630128e-05,1072.0,0.41334359552238803,0.5993688782649254,0.4376719643283582
50,122.0,0.08593739,0.15234375,0.008510177600631826,10.0981899594692,8.4118534656e-05,1.2814933014000001e-05,860.0,0.4184014543255814,0.186328125,0.08416130344186047
50,123.0,0.30208294666666663,0.3671875,0.008163050071466355,37.00613667954661,0.00017807240317603405,6.53859605412e-05,4388.0,0.44467129925250687,0.8074338038400183,0.13112476758432087
50,124.0,0.10156237,0.1796875,0.007244477469800277,14.019281642241062,9.644500445885218e-05,1.73299617387e-05,1163.0,0.43428118617368877,0.8899969099312124,0.31338423374032676
50,125.0,0.08072906333333332,0.171875,0.00876010096432627,9.215540284533937,9.042520174952727e-05,1.55418315507e-05,1043.0,0.43595211382550336,0.432076941514861,0.1403568584467881
50,126.0,0.08072906333333332,0.16796875,0.0072474563479218955,11.138951303443342,5.855086755125582e-05,9.834716034e-06,660.0,0.4359659767272727,0.679983428030303,0.43689814763636364
50,127.0,0.18749976,0.2578125,0.008353246114207779,22.44633492614176,0.0001979008570088727,5.10213146976e-05,3424.0,0.4510321078037383,0.35910119742990654,0.2905106282242991
50,128.0,0.0781249,0.13671875,0.006147536792942141,12.70832572969609,3.803778655158858e-05,5.2004786301e-06,349.0,0.44479090108882524,0.48900877507163326,0.48389247541547276
50,129.0,0.08593739,0.08984375,0.0044861976697330285,19.15595261880516,6.086898819673044e-05,5.4686981583000006e-06,367.0,0.44798825198910086,0.8920831914168937,0.18028840937329701
50,130.0,0.1901039233333333,0.23046875,0.006475965582428013,29.355301678743366,7.44831991530305e-05,1.7166049804800002e-05,1152.0,0.45540417541666667,0.3418443467881944,0.18483941125
50,131.0,0.08072906333333332,0.15625,0.008512899513465016,9.483145337924244,0.00013093881323328002,2.0459189567700003e-05,1373.0,0.45580102269482886,0.7934467179533867,0.41071282785142027
50,132.0,0.10156237,0.17578125,0.010528117380066966,9.646774093941,0.00016937169140736,2.9772367630200003e-05,1998.0,0.457928436996997,0.21884579892392392,0.22346410354354354
50,133.0,0.16145812666666665,0.22265625,0.006388462219609435,25.27339461616751,7.64274030295579e-05,1.70170389558e-05,1142.0,0.47830574795096326,0.22480776598073554,0.09510086753064799
50,134.0,0.08072906333333332,0.15625,0.00881710911300967,9.155956028061098,7.276497778368e-05,1.1369527778700001e-05,763.0,0.46731275764089125,0.3414769003931848,0.3737882591874181
50,135.0,0.10416653333333332,0.18359375,0.007169338439647108,14.529448457514953,5.90057598491234e-05,1.08330887223e-05,727.0,0.46826253491059144,0.4275704951856946,0.4880785089408528
50,136.0,0.10677069666666666,0.17578125,0.006189597754196969,17.250021876505443,5.832218402816e-05,1.0251946411200001e-05,688.0,0.48873137511627907,0.5566122365552325,0.35791491767441863
50,137.0,0.14322898333333334,0.23828125,0.007764360486199759,18.44697751835532,6.378641457521312e-05,1.5199106598000002e-05,1020.0,0.48236702494117645,0.8911381740196078,0.2895136583529412
50,138.0,0.0781249,0.1328125,0.007656670304925226,10.20350842973419,7.775210793938823e-05,1.0326451835700002e-05,693.0,0.48122565748917745,0.8102171266233766,0.20820879238095238
50,139.0,0.13802065666666666,0.1640625,0.004628451437780753,29.820050727991372,4.804677432137143e-05,7.8826739121e-06,529.0,0.4952691420793951,0.03948340028355388,0.10653918850661626
50,140.0,0.10156237,0.16796875,0.007144537251151259,14.21538812519095,4.799396870489303e-05,8.061486930900001e-06,541.0,0.49631631260628467,0.16818536275415896,0.18582438565619225
60,1.0,0.0781249,0.1484375,0.006878683839058954,11.357536096714682,3.824716360016843e-05,5.6773133469e-06,381.0,0.00433172283464567,0.09796382874015748,0.21929795401574803
60,2.0,0.09635404333333333,0.1640625,0.0074966834068625,12.852889485119563,4.4050445266285716e-05,7.227026176500001e-06,485.0,0.0015745771546391753,0.23671875,0.1811126162474227
60,3.0,0.11979151333333332,0.203125,0.007220285612211681,16.590966031971053,7.21120810176e-05,1.4647766456700002e-05,983.0,0.009827193814852492,0.2704730417090539,0.3073133981688708
60,4.0,0.12499984,0.2109375,0.006019189509362235,20.76688893173666,2.47954052736e-05,5.2302807999000005e-06,351.0,0.0011963555555555554,0.7368456196581197,0.11599640888888889
60,5.0,0.13281233,0.1875,0.006612867203453395,20.08392515891477,8.27308233648e-05,1.5512029380900002e-05,1041.0,0.017018973602305476,0.41002866834774254,0.3965921793659943
60,6.0,0.14322898333333334,0.22265625,0.009129170556621003,15.689156254119426,0.00016222418996816843,3.61202297976e-05,2424.0,0.026093167524752475,0.7064704517326733,0.4807938457425742
60,7.0,0.13281233,0.23046875,0.006928111860981759,19.17006143448435,6.737108812279323e-05,1.55269304658e-05,1042.0,0.01703825412667946,0.5792646353166987,0.3272338221880998
60,8.0,0.09374988,0.18359375,0.008634296820904223,10.857847714132912,8.367942008864682e-05,1.5363018531900002e-05,1031.0,0.02246751037827352,0.8419578988845781,0.06592679837051407
60,9.0,0.15885396333333332,0.265625,0.007269050084421826,21.853469365105965,0.00014641630715858824,3.8891831589000004e-05,2610.0,0.03752534694252874,0.11354465996168582,0.20392069443678162
60,10.0,0.08593739,0.1640625,0.008334103752510794,10.311533495621514,8.365043317577143e-05,1.3723899192900002e-05,921.0,0.03969223348534202,0.32898598669923995,0.4824270019543974
60,11.0,0.18229143333333334,0.21875,0.00953141814594813,19.125321179076238,0.0002352157538729143,5.14534461597e-05,3453.0,0.05601885275412685,0.0961120764552563,0.10131392847958297
60,12.0,0.10677069666666666,0.1953125,0.008444736766538072,12.643460609659407,9.490918203187199e-05,1.85369496156e-05,1244.0,0.04538334945337621,0.0722750452170418,0.4670547353054662
60,13.0,0.2604163333333333,0.34375,0.008018114130333485,32.478501690085345,0.000152587109376,5.2451818848e-05,3520.0,0.061525499454545454,0.48099143288352275,0.4043158150909091
60,14.0,0.11718735,0.1875,0.008931952717634193,13.120014593073149,0.0002392915553808,4.4867166633900006e-05,3011.0,0.05182222182663567,0.6869784747592163,0.12792384637661908
60,15.0,0.12239567666666666,0.19921875,0.00727194304344482,16.831220477860914,6.387715265054119e-05,1.2725526504600002e-05,854.0,0.05657873030444965,0.3018058401639344,0.13781845939110068
60,16.0,0.12760400333333333,0.16015625,0.005576948201391086,22.880614760148646,0.00011295167730638049,1.80899170686e-05,1214.0,0.07647092243822076,0.2354722250823723,0.4553263286985173
60,17.0,0.08593739,0.125,0.004494610031230648,19.12009927510216,5.94851309208e-05,7.4356413651e-06,499.0,0.06737285482965931,0.9467372244488977,0.22924697074148298
60,18.0,0.08333322666666666,0.15234375,0.006954396594706605,11.982811956697496,4.264614082559999e-05,6.4968730164e-06,436.0,0.06366454458715597,0.41066692947247707,0.28768651266055045
60,19.0,0.11197902333333333,0.1953125,0.008748634703511254,12.799599837948506,0.00010337776660224002,2.01909700395e-05,1355.0,0.06943161422878229,0.5452029520295203,0.2088843822287823
60,20.0,0.08593739,0.1640625,0.009062969706873805,9.482255020097973,0.00012043482561462858,1.97588385774e-05,1326.0,0.07862118117647059,0.5882176187782805,0.4586532611764706
60,21.0,0.11979151333333332,0.19921875,0.008735782146910008,13.712740464310409,0.0001219948898981647,2.4303669471900003e-05,1631.0,0.07780027791538933,0.6131016247700797,0.37508406239117104
60,22.0,0.11197902333333333,0.203125,0.011744098323328,9.534918752417353,0.0001805369596992,3.6671569938900004e-05,2461.0,0.07930810025193012,0.9122990527224706,0.15865905644859812
60,23.0,0.19531225,0.30078125,0.012542359679909545,15.5722092958993,0.0002538494637800727,7.63531590276e-05,5124.0,0.09234743203747073,0.21987750658665106,0.3206814158313817
60,24.0,0.08333322666666666,0.16015625,0.007356761857709432,11.327432949231405,6.633817621041952e-05,1.06244735337e-05,713.0,0.08665771556802244,0.7861369214586256,0.4713100443197756
60,25.0,0.13802065666666666,0.2421875,0.0093709062428005,14.728634892991856,0.00016704596853058066,4.0456445503500003e-05,2715.0,0.10385778545856353,0.2125446017495396,0.055349910099447515
60,26.0,0.13020816666666665,0.21484375,0.009010669364086383,14.45044329177523,8.926345898496e-05,1.9177696266300003e-05,1287.0,0.09960608484848486,0.34975961538461536,0.36558248242424246
60,27.0,0.13802065666666666,0.1953125,0.0071175893191831084,19.391489235642975,0.00011672913867264002,2.2798659897e-05,1530.0,0.10535359058823529,0.7521931168300654,0.2843257631372549
60,28.0,0.09114571666666667,0.140625,0.00529968301472302,17.198333638720516,6.5697227648e-05,9.238672638e-06,620.0,0.11079230709677419,0.17067162298387098,0.004633934709677419
60,29.0,0.10156237,0.171875,0.0072315578109183615,14.044328021088202,0.00011435363481076364,1.9654530983100003e-05,1319.0,0.11029723232752085,0.7025741565579985,0.21101544018195603
60,30.0,0.10156237,0.1953125,0.011178873909924617,9.085205792493358,0.000159224648633856,3.10985641863e-05,2087.0,0.12060586188787734,0.6478553994968855,0.4530471002587446
60,31.0,0.09114571666666667,0.1484375,0.004460988886588896,20.431729148816917,1.9073388672e-05,2.8312061310000004e-06,190.0,0.11213992673684212,0.3635485197368421,0.4110186846315789
60,32.0,0.09374988,0.16796875,0.008623866437841044,10.870980050042375,9.598793740978605e-05,1.6122973861800002e-05,1082.0,0.11892912310536044,0.48808629852125696,0.06611365353049907
60,33.0,0.0781249,0.140625,0.00821891976477889,9.505494911240536,9.738024549760001e-05,1.3694097023100001e-05,919.0,0.13007056609357998,0.7812287472796517,0.024725351556039176
60,34.0,0.13802065666666666,0.23046875,0.013067294447118565,10.562297897641791,0.00022079871971145764,5.08872049335e-05,3415.0,0.13337836462664715,0.5286786237188873,0.1179295571771596
60,35.0,0.08854155333333333,0.1328125,0.007976720535912377,11.099994406812442,0.00011500131405176472,1.5273612022500002e-05,1025.0,0.14213378247804878,0.6796189024390243,0.08352493861463414
60,36.0,0.11718735,0.20703125,0.008165978227340127,14.350681172238563,7.722923035870188e-05,1.5988864097700002e-05,1073.0,0.1430000562162162,0.7097470584808947,0.23936732465983226
60,37.0,0.09895820666666666,0.18359375,0.009064146343838087,10.917542911687388,0.00010039907143516595,1.84326420213e-05,1237.0,0.14871185151172192,0.4805066440986257,0.0365282386418755
60,38.0,0.20833306666666665,0.2578125,0.008646470456308928,24.094579137161762,0.00018275774236625454,4.71172304538e-05,3162.0,0.15328718269449715,0.8529288227387729,0.42584316387096777
60,39.0,0.1562498,0.24609375,0.008931292785329331,17.494645372801813,0.00013218161101897144,3.25290683367e-05,2183.0,0.16069086783325698,0.3569807890517636,0.1665207028859368
60,40.0,0.09635404333333333,0.16796875,0.005854698285024786,16.457559150364556,4.222759538545117e-05,7.0929164124000004e-06,476.0,0.15315989546218486,0.5923056722689075,0.005231571428571428
60,41.0,0.08333322666666666,0.14453125,0.004879206594706604,17.079257672153897,2.93833284947027e-05,4.246809196500001e-06,285.0,0.1504176522105263,0.7215049342105263,0.3116425684210526
60,42.0,0.17708310666666666,0.2109375,0.006276670117264902,28.21290642303689,8.321648835413333e-05,1.7553478012200002e-05,1178.0,0.1583519396943973,0.6668844174448217,0.16992144
60,43.0,0.14322898333333334,0.25390625,0.010031314911253916,14.27818631958686,0.00011637701457408001,2.95488513567e-05,1983.0,0.15505980223903176,0.8352145581190116,0.11108850154311649
60,44.0,0.10677069666666666,0.15625,0.007970662783344145,13.395460273363906,0.00016641531616320003,2.6002393150500002e-05,1745.0,0.17820289265329511,0.06119493194842407,0.09654568765616045
60,45.0,0.0781249,0.11328125,0.0069960909915215645,11.166935949615027,8.826375033732413e-05,9.9986279679e-06,671.0,0.16111930157973176,0.9123160394932935,0.2718562572876304
60,46.0,0.14062481999999998,0.23046875,0.00863757630640358,16.28058786534203,0.00011631534312178982,2.6807051735100002e-05,1799.0,0.17203741047248472,0.22231752015008338,0.4168320693718733
60,47.0,0.08333322666666666,0.1328125,0.009685634342166367,8.603796480719474,0.0001514651453364706,2.0116464615000002e-05,1350.0,0.18160254435555556,0.49692708333333335,0.39402821582222225
60,48.0,0.14583314666666666,0.1953125,0.008772280082231307,16.62431492150587,0.000236357432423424,4.61635610202e-05,3098.0,0.1776557447643641,0.9408148906552615,0.4853206890639122
60,49.0,0.11718735,0.15234375,0.012387070646752098,9.460457063811663,0.0003493853555712,5.32266752628e-05,3572.0,0.1976347474132139,0.05442066769316909,0.48591624362821945
60,50.0,0.08333322666666666,0.14453125,0.008192982807338468,10.171292754578339,0.00011237834406745946,1.6242182541e-05,1090.0,0.1795831125137615,0.9301641341743119,0.04992819787155963
60,51.0,0.0781249,0.140625,0.009030905703993179,8.65083775212664,7.92605262592e-05,1.11460115052e-05,748.0,0.18600334652406417,0.3533798462566845,0.07879324748663102
60,52.0,0.10416653333333332,0.2265625,0.011499065559283364,9.058695491064329,0.0002292095155928276,5.19302808765e-05,3485.0,0.1905051390989957,0.3576163468436155,0.3170673150989957
60,53.0,0.09114571666666667,0.171875,0.011289881143402075,8.073221986037753,0.00017322104803025454,2.9772367630200003e-05,1998.0,0.1941418875675676,0.5426872184684685,0.2250222983783784
60,54.0,0.1562498,0.27734375,0.010730696680276047,14.561011708326516,0.00021775899799328453,6.03940970997e-05,4053.0,0.20643027896373056,0.7859513786084382,0.3595335872094745
60,55.0,0.13541649333333333,0.23046875,0.008620666417026466,15.708355570501551,0.00019086319782964068,4.39880026248e-05,2952.0,0.2117057694308943,0.15899046197493225,0.2347085211382114
60,56.0,0.08072906333333332,0.1796875,0.00883253466511195,9.139965637747101,0.00011344519870998261,2.03846841432e-05,1368.0,0.21334837789473685,0.44018983004385964,0.4649396449122807
60,57.0,0.10416653333333332,0.17578125,0.010409928809153432,10.00645972158233,0.00018327407248384,3.22161455538e-05,2162.0,0.2105394702682701,0.19094371530989823,0.3939258749306198
60,58.0,0.11197902333333333,0.18359375,0.009713747362287695,11.527891261417471,0.00011249241148677447,2.0652903671400003e-05,1386.0,0.21157813575757575,0.2522941468253968,0.18666951445887447
60,59.0,0.0781249,0.13671875,0.007239711434975076,10.791162148062735,6.419557673033144e-05,8.776739006100001e-06,589.0,0.210356661188455,0.5184568654499151,0.06744730186757215
60,60.0,0.11458318666666666,0.2109375,0.01033955022120463,11.082028155506837,0.00012927518988799998,2.7268985367e-05,1830.0,0.21911231475409837,0.9006339651639345,0.3985357369180328
60,61.0,0.09895820666666666,0.17578125,0.00689024604730486,14.362071541026385,7.425905989632e-05,1.3053350372400001e-05,876.0,0.23152052602739728,0.2819233376141553,0.4330909824657534
60,62.0,0.13281233,0.23046875,0.00921183835257082,14.417570621279413,0.00014670345388734915,3.3810561638100004e-05,2269.0,0.24067964636403702,0.2121374366460996,0.0030187711943587482
60,63.0,0.15104147333333331,0.24609375,0.005442761497198559,27.750889582627458,3.723852074057144e-05,9.1641672135e-06,615.0,0.23691504390243903,0.317822662601626,0.25840571551219516
60,64.0,0.13281233,0.2421875,0.010175810902444326,13.05176867703951,0.00015104893287019354,3.6582163429500005e-05,2455.0,0.2437509671364562,0.4963928844195519,0.18717811043584523
60,65.0,0.08333322666666666,0.1484375,0.005784259644265488,14.406895919563912,7.308119449061052e-05,1.0847989807200002e-05,728.0,0.2442231685714286,0.8490513392857143,0.3656170885714286
60,66.0,0.09635404333333333,0.1640625,0.009257890150014643,10.40777561323526,0.00016784582031360002,2.7537204895200003e-05,1848.0,0.25780972623376625,0.9281782670454546,0.12107230233766234
60,67.0,0.17447894333333333,0.30078125,0.010882913898229771,16.032373770935955,0.00021917057528552728,6.59223995976e-05,4424.0,0.26929083482820976,0.7244062923824593,0.06092904412296564
60,68.0,0.09374988,0.1796875,0.005808026790981625,16.141433807703763,0.00010623048212535653,1.90882897569e-05,1281.0,0.2740908893676815,0.7918740241998439,0.27609127456674476
60,69.0,0.20312474,0.30078125,0.007278799266481321,27.906352760047124,0.00010473024325352727,3.1500893478600005e-05,2114.0,0.288206230614948,0.1837877690397351,0.4179159417218543
60,70.0,0.10156237,0.18359375,0.009072881642833529,11.19405873438478,9.577276014025532e-05,1.7583280182e-05,1180.0,0.2881795456271186,0.09769597457627119,0.20513553152542371
60,71.0,0.15364563666666667,0.296875,0.012190323015684353,12.603902002349129,0.00019620493768117894,5.8248340874100006e-05,3909.0,0.30038775748273217,0.6819359171143515,0.2362410810744436
60,72.0,0.08333322666666666,0.14453125,0.0077960834694770515,10.689114219072941,7.825244325431351e-05,1.13099234391e-05,759.0,0.2966606577075099,0.8169209074440053,0.4225867187351779
60,73.0,0.09114571666666667,0.1640625,0.011224187032430168,8.120473794967808,0.00015930820824137143,2.61365029146e-05,1754.0,0.3036455756442417,0.2586565528791334,0.14308218608893955
60,74.0,0.13020816666666665,0.22265625,0.011504496892824448,11.318023541549193,0.00021422427066341052,4.7698372764900005e-05,3201.0,0.3103416766260544,0.8873276905654482,0.15135307141518275
60,75.0,0.16666645333333333,0.25390625,0.006355053639740102,26.225813782454455,7.793680048128e-05,1.9788640747200003e-05,1328.0,0.31111524975903615,0.326904296875,0.018069301445783136
60,76.0,0.24999968,0.28125,0.009616557334279408,25.99679607886756,0.00021033709174399999,5.9157307053000006e-05,3970.0,0.3192204910428212,0.14740337688916877,0.2962430427808564
60,77.0,0.15104147333333331,0.171875,0.009293216737033597,16.252873209276498,0.00020555911155141818,3.5330472297900004e-05,2371.0,0.31991627822859553,0.360185575706453,0.4569435858625053
60,78.0,0.10416653333333332,0.203125,0.008825546626722015,11.802842105885839,0.0001376951943744,2.7969336357300003e-05,1877.0,0.3121818310069259,0.8401517547948855,0.3798230486947256
60,79.0,0.09374988,0.09765625,0.006026807896729972,15.555478390287973,0.00011138858984448,1.0877791977e-05,730.0,0.3206808999452055,0.9533229880136986,0.07226276449315068
60,80.0,0.16927061666666665,0.27734375,0.008364908207237943,20.235800856750714,0.00010374848880459718,2.8773994941900003e-05,1931.0,0.31735317352667014,0.39293112377006734,0.11855873325737959
60,81.0,0.10937485999999999,0.1953125,0.005965585139496256,18.334305427285507,4.1351106640896e-05,8.0763880158e-06,542.0,0.3271836354243543,0.5053332564575646,0.3331186698154982
60,82.0,0.16927061666666665,0.16796875,0.0059807743060632974,28.30245851194559,0.0001101820871191814,1.8507147445800003e-05,1242.0,0.3395661093719807,0.7327300976247987,0.29232010512077294
60,83.0,0.11979151333333332,0.18359375,0.006786228776876663,17.652147794001564,6.476835812874895e-05,1.1891065750200001e-05,798.0,0.33292619187969924,0.08751370614035088,0.34118656781954887
60,84.0,0.21354139333333333,0.31640625,0.0077766888577974775,27.459166393062144,0.00015527151222613332,4.9128876915300006e-05,3297.0,0.344489611355778,0.5256921538519866,0.4160915711010009
60,85.0,0.09895820666666666,0.18359375,0.007117851914675073,13.902818975854467,8.140684611921701e-05,1.4945788154700001e-05,1003.0,0.3392158564307079,0.08987490653040878,0.4315733125423729
60,86.0,0.19270808666666667,0.30078125,0.009598300372740416,20.07731360585108,0.00016551738065753767,4.9784524650900005e-05,3341.0,0.3554807010116731,0.32874349932654895,0.21246800498054474
60,87.0,0.18749976,0.24609375,0.009273515130983309,20.218844456677843,0.00016409169301942857,4.0381940079e-05,2710.0,0.36267924912177124,0.10265942112546125,0.07799291034686348
60,88.0,0.11718735,0.1171875,0.007360624513196539,15.920843372719254,0.00024375790722816,2.8565379753300002e-05,1917.0,0.3735033800312989,0.04255713680229525,0.2409948349295775
60,89.0,0.12760400333333333,0.1484375,0.004673729823962213,27.30239190958527,5.832441483385263e-05,8.657530326900001e-06,581.0,0.36508888895008607,0.1305534638554217,0.006945173700516351
60,90.0,0.12499984,0.1875,0.01185313331463564,10.545721260525823,0.00027346471008480005,5.12746331409e-05,3441.0,0.36821789363557106,0.18455186537343796,0.38352556387096776
60,91.0,0.09635404333333333,0.16015625,0.006763780130294211,14.24559070182876,4.8939524104741465e-05,7.8379706574e-06,526.0,0.36002759543726237,0.3314668488593156,0.28428292836501906
60,92.0,0.09114571666666667,0.15625,0.007328000051892157,12.438007098967201,8.811905566464e-05,1.3768602447600002e-05,924.0,0.367928491948052,0.9139568114177489,0.2756224342857143
60,93.0,0.10677069666666666,0.203125,0.007581751632814073,14.082589596388193,0.00018266437612800003,3.7103701401000005e-05,2490.0,0.3796943718554217,0.49847671937751004,0.08846770775903615
60,94.0,0.11197902333333333,0.13671875,0.008615997426634969,12.996640758871191,0.00019596544475574857,2.67921506502e-05,1798.0,0.38686766576195775,0.9437851953559511,0.2323484996662959
60,95.0,0.11979151333333332,0.2109375,0.008095363321628243,14.797546271121446,0.000172720130752,3.64331525805e-05,2445.0,0.3849851148957055,0.33527447597137017,0.4159163048834356
60,96.0,0.09635404333333333,0.18359375,0.009671520139153473,9.962657570577834,0.00013359488406005106,2.4527185745400002e-05,1646.0,0.3801357693317132,0.5735423944410692,0.13444015552855407
60,97.0,0.19531225,0.24609375,0.007781807023709771,25.098572787132678,0.00014889353252205714,3.66417677691e-05,2459.0,0.38551840611630744,0.13440264080927206,0.2772453442862952
60,98.0,0.14322898333333334,0.17578125,0.007326506481708714,19.54942422980413,0.00012817317187584,2.25304403688e-05,1512.0,0.382236693015873,0.8136987433862434,0.4301307606349206
60,99.0,0.1901039233333333,0.2421875,0.007403530563284868,25.677468568318602,0.00014594218687091613,3.53453733828e-05,2372.0,0.3913271890725126,0.6558119466694773,0.30383696458684656
60,100.0,0.22135388333333333,0.265625,0.006886445498561403,32.1434161323973,0.00012481849939764705,3.3154913902500004e-05,2225.0,0.41037552949213485,0.7390537219101123,0.37733312812584274
60,101.0,0.13020816666666665,0.18359375,0.008402989981191203,15.495456612243684,0.00015242478266389787,2.79842374422e-05,1878.0,0.40579344,0.6218945520500533,0.24755848000000003
60,102.0,0.13802065666666666,0.2578125,0.007460488326695567,18.500217495521422,7.340364731345454e-05,1.8924377823000002e-05,1270.0,0.4024026977007874,0.5593380905511811,0.18838226872440947
60,103.0,0.10156237,0.1953125,0.010862401331778862,9.349900348725912,0.00012344297148518402,2.4109955368200003e-05,1618.0,0.40474971708281826,0.18698093711372063,0.15945691757725589
60,104.0,0.13802065666666666,0.1796875,0.009948548897535561,13.873446076226948,0.00017207513693217393,3.09197511675e-05,2075.0,0.40503096613012046,0.3026694277108434,0.015912986371084337
60,105.0,0.10677069666666666,0.1953125,0.012289427615623363,8.68801216835605,0.000167235471876096,3.26631781008e-05,2192.0,0.4034716447445255,0.4850272296989051,0.062140758175182484
60,106.0,0.08854155333333333,0.1640625,0.006276111805122014,14.107708097404105,5.7855945638400004e-05,9.491991081300001e-06,637.0,0.40283943183673465,0.32999533948194665,0.29764077061224486
60,107.0,0.11718735,0.1953125,0.009091620559001489,12.889599740716676,8.8958284766208e-05,1.73746649934e-05,1166.0,0.41488891965694685,0.5820915523156089,0.4341420596912522
60,108.0,0.09114571666666667,0.1640625,0.008375160541715223,10.882862031442341,9.718345656685714e-05,1.5944160843000003e-05,1070.0,0.4196579502056075,0.19335572429906542,0.083398224
60,109.0,0.09895820666666666,0.171875,0.007506570702343394,13.182878119801627,7.828759077643636e-05,1.3455679664700001e-05,903.0,0.4156814697674419,0.9250372023809523,0.24405132013289035
60,110.0,0.08333322666666666,0.15625,0.007870113636026799,10.588567144087284,0.00016784582031360002,2.6225909424e-05,1760.0,0.4257357709090909,0.7744850852272728,0.1437651681818182
60,111.0,0.10416653333333332,0.18359375,0.00811602609452296,12.834672057502296,9.471763651159149e-05,1.73895660783e-05,1167.0,0.4283675837532134,0.6005516281062554,0.09527777933161954
60,112.0,0.08333322666666666,0.12109375,0.006585779602716849,12.653509788315569,8.970645381863226e-05,1.0862890892100001e-05,729.0,0.4369389320164609,0.18856095679012347,0.4531479525925926
60,113.0,0.23697886333333332,0.2109375,0.008224003871055216,28.815509701715,0.00020775865216426668,4.3824090690900007e-05,2941.0,0.44254006800408024,0.3698545350221013,0.3000400077796668
60,114.0,0.32812458,0.28515625,0.0072487008624484576,45.266674156721436,0.0001604777441416767,4.57612317279e-05,3071.0,0.4525749821165744,0.3508501913057636,0.17427096382937154
60,115.0,0.08593739,0.15625,0.006352448375680289,13.528231150842984,4.615760058624e-05,7.2121250916000005e-06,484.0,0.4450288839669421,0.7310337035123967,0.20067904462809918
60,116.0,0.08854155333333333,0.1640625,0.009622796175749432,9.201229218225402,0.00015295041201737142,2.50934269716e-05,1684.0,0.4518097752969121,0.6753892332244655,0.14492289577197148
60,117.0,0.09114571666666667,0.15625,0.00701477376745193,12.993393613002397,6.38958520512e-05,9.983726883000001e-06,670.0,0.4502029053134329,0.755742770522388,0.4907461783880597
60,118.0,0.11979151333333332,0.21875,0.0078971319389641,15.168989736930603,7.193392299154286e-05,1.57355456544e-05,1056.0,0.4599727068181818,0.4139182350852273,0.3728498681818182
60,119.0,0.08593739,0.15625,0.006423344484061012,13.378916577375913,5.62664965824e-05,8.791640091e-06,590.0,0.47548540881355933,0.5110368114406779,0.30058185762711864
60,120.0,0.0781249,0.1328125,0.004391645275765285,17.789437692320448,1.8512406652235294e-05,2.4586790085e-06,165.0,0.48281126399999996,0.5861032196969697,0.3548404741818182
60,121.0,0.09114571666666667,0.12890625,0.0070065972131059355,13.008556635191953,0.00011074125059258183,1.42752393342e-05,958.0,0.486553180960334,0.945944513308977,0.35793676308977035
60,122.0,0.10677069666666666,0.1875,0.007657756643888397,13.942816627880127,7.20020422368e-05,1.3500382919400001e-05,906.0,0.48691324715231793,0.24294633002207505,0.004572370331125828
60,123.0,0.09895820666666666,0.203125,0.011992582900645084,8.251617477778176,0.00011047893592319999,2.2441033859400002e-05,1506.0,0.4938203244621514,0.19118837151394422,0.18522088
60,124.0,0.11458318666666666,0.19140625,0.00912143489669357,12.561969466909416,8.150954261054694e-05,1.5601435890300002e-05,1047.0,0.4945721430372493,0.7001663980420249,0.11699132836676218
70,1.0,0.09374988,0.15625,0.005313632528628094,17.643275009121663,5.7410899902720004e-05,8.970453109800001e-06,602.0,0.006751565980066446,0.09837001661129569,0.21994012943521596
70,2.0,0.11197902333333333,0.16015625,0.009011809444151267,12.425809048371365,0.0001501680454468683,2.40503510286e-05,1614.0,0.005303918810408922,0.13703580003097893,0.2687258358364312
70,3.0,0.09635404333333333,0.1796875,0.007877100556104135,12.23217129793608,3.4995521824278266e-05,6.288257827800001e-06,422.0,0.001064496682464455,0.233541913507109,0.17956207734597154
70,4.0,0.08854155333333333,0.1484375,0.008351783539328791,10.601514385087757,6.143638877507368e-05,9.1194639588e-06,612.0,0.0016563223529411765,0.6628880718954249,0.2701528776470588
70,5.0,0.08854155333333333,0.15234375,0.006544056274730931,13.530072116773454,4.68520675584e-05,7.1376196671e-06,479.0,0.004807366346555323,0.7816985255741128,0.12017192617954071
70,6.0,0.24999968,0.25390625,0.007950435665237046,31.44477743441323,0.0002130350796288,5.4090938187000004e-05,3630.0,0.0240093867107438,0.7141754907024793,0.4725764847603306
70,7.0,0.09114571666666667,0.171875,0.006888037159519966,13.232465876101443,9.302611838661818e-05,1.5988864097700002e-05,1073.0,0.012612458974836907,0.7755890319198508,0.37247982464119295
70,8.0,0.13541649333333333,0.2265625,0.010805978718694199,12.531626876061177,0.00017100279499034484,3.874282074e-05,2600.0,0.0142712976,0.8352373798076923,0.0619086456
70,9.0,0.11197902333333333,0.1953125,0.005639505441472881,19.856177903445296,4.692053613312001e-05,9.1641672135e-06,615.0,0.010505562536585366,0.3020198170731707,0.3036704624390244
70,10.0,0.13802065666666666,0.21875,0.006271739143744723,22.00675976843282,6.410020978697142e-05,1.4021920890900001e-05,941.0,0.03526201453772582,0.5351604011689692,0.3175490841232731
70,11.0,0.14583314666666666,0.23046875,0.009395746635896096,15.521187652029337,0.0001529103871501017,3.5241065788500004e-05,2365.0,0.041282267467230446,0.32614957716701903,0.49119357605074
70,12.0,0.11197902333333333,0.1953125,0.009209791111833591,12.158693066279465,9.468030136780801e-05,1.84922463609e-05,1241.0,0.0412673324093473,0.08903480056406124,0.46277140293311847
70,13.0,0.11197902333333333,0.203125,0.006841906794413084,16.366639695351065,6.96178686528e-05,1.4141129570100001e-05,949.0,0.05706856109589041,0.8231650092202318,0.3051024526027397
70,14.0,0.21614555666666666,0.265625,0.010850746098223413,19.919879675560377,0.0003054547097618824,8.11364072805e-05,5445.0,0.056634023404958676,0.11688403925619835,0.10211176797796144
70,15.0,0.20052057666666664,0.2265625,0.008968655270965025,22.3579311065538,0.0003097123698498207,7.016920879410001e-05,4709.0,0.05166912805266511,0.6735050236249734,0.12358824076449353
70,16.0,0.13802065666666666,0.25,0.009866738596311129,13.988478089230858,0.000109970006562,2.7492501640500003e-05,1845.0,0.048828,0.5387025745257452,0.38728728767479675
70,17.0,0.09895820666666666,0.19921875,0.009594113776099717,10.314470828268206,0.00012371523475877648,2.4646394424600004e-05,1654.0,0.05637478955259976,0.2939842805320435,0.14103439371221282
70,18.0,0.14322898333333334,0.23046875,0.00649558269124737,22.050213220490704,7.461251026267118e-05,1.71958519746e-05,1154.0,0.07168830488734836,0.09153623266897747,0.36132212256499135
70,19.0,0.22135388333333333,0.265625,0.008273259662244913,26.755340986513882,0.00019280952019312943,5.1215028801300005e-05,3437.0,0.08754205476869363,0.6188684263165551,0.3745336325865581
70,20.0,0.13802065666666666,0.234375,0.011964750380779304,11.535606868020336,0.00022532029817856,5.280944488560001e-05,3544.0,0.0802945046952596,0.9060130237725733,0.1643530640180587
70,21.0,0.16927061666666665,0.30078125,0.011199616164604914,15.113965887654862,0.0002607852414789818,7.84393109136e-05,5264.0,0.09105123382978723,0.21980670592705168,0.31658613328267476
70,22.0,0.10677069666666666,0.19140625,0.010477449326705484,10.190523794233373,0.00012510585957511836,2.39460434343e-05,1607.0,0.08666650962041071,0.22210689561294336,0.06005935153702552
70,23.0,0.13541649333333333,0.234375,0.006895940119276536,19.637133007404955,6.192493522176e-05,1.45136566926e-05,974.0,0.10295789864476386,0.36540682751540043,0.3620009662422998
70,24.0,0.13541649333333333,0.22265625,0.007233204128135815,18.721508605928655,7.020345514711579e-05,1.56312380601e-05,1049.0,0.10612200251668255,0.7606090622020972,0.2842655377693041
70,25.0,0.13020816666666665,0.20703125,0.007223950681450358,18.024509358987576,0.00011278490584537359,2.3350000038300003e-05,1567.0,0.11260166810465858,0.4384722000638162,0.31009238779834075
70,26.0,0.15104147333333331,0.19140625,0.00811485171912268,18.612967748677832,0.00013180100825182042,2.52275367357e-05,1693.0,0.11167854790313053,0.7131178935321913,0.202291548730065
70,27.0,0.1562498,0.234375,0.008079805205137168,19.33831274801722,0.00010852758154367999,2.5436151924300002e-05,1707.0,0.1249115779261863,0.1993079964850615,0.35872876091388406
70,28.0,0.11979151333333332,0.23046875,0.011722959438569712,10.21853858328702,0.00014295343170776952,3.29462987139e-05,2211.0,0.12324443375848033,0.6493880031659882,0.4619362891723202
70,29.0,0.14322898333333334,0.2578125,0.012571318364490748,11.39331446237981,0.0002173210345658182,5.6028079224000007e-05,3760.0,0.13489618059574468,0.520914020944149,0.11621739280851064
70,30.0,0.0781249,0.15234375,0.007685125173878688,10.165729019683658,6.34801499904e-05,9.6708041001e-06,649.0,0.13850901078582434,0.8330725154083205,0.33775734508474575
70,31.0,0.16406229,0.26953125,0.009866292661514505,16.628565118482502,0.0001232859615610435,3.3229419327e-05,2230.0,0.15796361607174889,0.36565302690582957,0.16611504559641257
70,32.0,0.10156237,0.19140625,0.008972379486426084,11.319446547445882,9.669040298213877e-05,1.8507147445800003e-05,1242.0,0.146573635942029,0.49401167471819646,0.034104117101449276
70,33.0,0.12499984,0.2265625,0.009512490785673221,13.140600376534659,0.0001365391547692138,3.0934652252400005e-05,2076.0,0.15805783537572257,0.8424084025770713,0.1134023243930636
70,34.0,0.11718735,0.18359375,0.0070365582786788014,16.654072255051844,0.00010169768513198299,1.86710593797e-05,1253.0,0.15879660565043893,0.5097453611332802,0.47604221458898643
70,35.0,0.11197902333333333,0.19140625,0.006538006768153753,17.12739483213394,4.211715621041632e-05,8.061486930900001e-06,541.0,0.16100423778188538,0.36362783040665436,0.4452102743068392
70,36.0,0.08593739,0.14453125,0.004563950104385668,18.829607693874564,2.93833284947027e-05,4.246809196500001e-06,285.0,0.16244475957894736,0.1131030701754386,0.21101234357894738
70,37.0,0.10416653333333332,0.16796875,0.006132270577346105,16.986617276502177,8.276963549291164e-05,1.3902712211700001e-05,933.0,0.17292543485530545,0.868049973204716,0.2645964722829582
70,38.0,0.13020816666666665,0.21484375,0.008723779944512912,14.925659231989806,9.612987890688e-05,2.0652903671400003e-05,1386.0,0.17499729731601732,0.2073666351010101,0.416705056969697
70,39.0,0.10677069666666666,0.13671875,0.010384218459978325,10.282015645006906,0.00019007994196553144,2.59874920656e-05,1744.0,0.18005213009174312,0.06029825473050459,0.3402505266055046
70,40.0,0.12239567666666666,0.14453125,0.008804325889162003,13.901765814613242,0.0002698111251601297,3.89961391833e-05,2617.0,0.18483888843714177,0.950826327856324,0.4816959630722201
70,41.0,0.16406229,0.16796875,0.012041567447462757,13.624662297147127,0.000338885324311814,5.6922144318e-05,3820.0,0.20353044263874345,0.05630010634816754,0.4813218821780105
70,42.0,0.09374988,0.1484375,0.005126141465490358,18.288586187317023,3.352900956025263e-05,4.9769623566e-06,334.0,0.1897918045508982,0.05501497005988024,0.10837476934131737
70,43.0,0.14062481999999998,0.24609375,0.009040251527838885,15.555410108552259,0.00020938342231039997,5.1527951584200004e-05,3458.0,0.193231232481203,0.35345462514459225,0.3154057227067669
70,44.0,0.12760400333333333,0.1953125,0.0102593297301532,12.437849907318249,0.00020736588164198402,4.05011487582e-05,2718.0,0.1976193834878587,0.5265374931015453,0.22100436662251657
70,45.0,0.17968726999999998,0.2734375,0.010234913479451322,17.556305713844953,0.00017471224023551997,4.77728781894e-05,3206.0,0.20021368543980037,0.6237888919213974,0.16423387658140987
70,46.0,0.23177053666666667,0.2890625,0.008208894085069182,28.234075658038336,0.00016681482633132972,4.8219910736400005e-05,3236.0,0.21098584835599504,0.1433023987948084,0.24098458857849198
70,47.0,0.19791641333333332,0.31640625,0.009543869108148936,20.737544814434262,0.00023081155032462223,7.303021709490001e-05,4901.0,0.2077069992572944,0.7773262153132013,0.36252951851458887
70,48.0,0.08854155333333333,0.19140625,0.008643215173414386,10.244052885051127,0.00019112313955004081,3.6582163429500005e-05,2455.0,0.20802518028513237,0.26874681771894093,0.18854012324236252
70,49.0,0.1562498,0.1875,0.007580081538516038,20.61320834163338,0.0001540176135264,2.88783025362e-05,1938.0,0.21191755120743033,0.19867655121259029,0.3855900297213622
70,50.0,0.09895820666666666,0.203125,0.01120800625211652,8.829242636082522,0.00014172994967040002,2.87888960268e-05,1932.0,0.2143053843478261,0.9010659290890269,0.10438172844720497
70,51.0,0.13281233,0.21484375,0.009879567807585346,13.443131580920898,0.00011124987429050183,2.39013401796e-05,1604.0,0.21988673057356609,0.9007193929239401,0.40374180658354114
70,52.0,0.11458318666666666,0.23828125,0.009819745206890109,11.668651706590959,0.00024551516041400654,5.850165931740001e-05,3926.0,0.24170979337748344,0.22124836825012736,0.004648485298013245
70,53.0,0.16927061666666665,0.27734375,0.006580492107363663,25.723093942662807,8.843605001158311e-05,2.4527185745400002e-05,1646.0,0.2442954427217497,0.5842169463851762,0.25344639134872415
70,54.0,0.08593739,0.13671875,0.006193458992151112,13.87550803337962,4.370530775698286e-05,5.9753350449e-06,401.0,0.2311597885286783,0.3926122194513716,0.4753046591521197
70,55.0,0.08593739,0.15625,0.005854133228664152,14.679780360859665,5.168888330112001e-05,8.0763880158e-06,542.0,0.2335455852398524,0.8080460101476015,0.15365144590405905
70,56.0,0.09374988,0.17578125,0.006525822662745634,14.365986457951992,7.603924283904001e-05,1.3366273155300002e-05,897.0,0.23823926956521738,0.5074771808807135,0.1915472904347826
70,57.0,0.13281233,0.21875,0.008039873998632548,16.519205403292293,9.666120901988572e-05,2.11446394731e-05,1419.0,0.2537541953488372,0.917065825405215,0.1238090888794926
70,58.0,0.10156237,0.17578125,0.003906240000000001,26.00003328008519,2.5600726128640003e-05,4.5001276398e-06,302.0,0.25464933774834436,0.2365092094370861,0.49748294622516553
70,59.0,0.15104147333333331,0.25390625,0.00808557611278079,18.680360091420518,0.000105637229568,2.6821952820000003e-05,1800.0,0.26834349706666666,0.2605164930555556,0.22221622800000002
70,60.0,0.2916662933333333,0.3671875,0.010445366453778537,27.923031195121464,0.00021313497299009363,7.82604978948e-05,5252.0,0.2665209255445544,0.7205253653370145,0.05735895445544554
70,61.0,0.17447894333333333,0.26171875,0.009496097892555254,18.373751545897736,0.00014017517286705672,3.66864710238e-05,2462.0,0.27442367298131604,0.3573726898862713,0.3224662997887896
70,62.0,0.13802065666666666,0.234375,0.007598871116975366,18.163310647332576,8.373217627008e-05,1.96247288133e-05,1317.0,0.2681810237813212,0.7453581767274108,0.3298622440091116
70,63.0,0.0781249,0.1171875,0.003906240000000001,20.00002560006553,1.551302278656e-05,1.8179323578000001e-06,122.0,0.2688101468852459,0.8225537909836066,0.2639433560655738
70,64.0,0.16927061666666665,0.30859375,0.008915335358665077,18.98645534429028,0.00013723182431854179,4.2348883285800006e-05,2842.0,0.28429578983814213,0.2174662429627023,0.4076193052779733
70,65.0,0.08593739,0.13671875,0.00390624,22.00002816007209,1.5912655692068572e-05,2.1755583954000002e-06,146.0,0.28475419397260276,0.7660263270547946,0.4973098356164384
70,66.0,0.0781249,0.1484375,0.005172893275765285,15.102747308940389,3.8146777344e-05,5.662412262000001e-06,380.0,0.2889692437894737,0.0840563322368421,0.21247375705263158
70,67.0,0.21614555666666666,0.30078125,0.00848176615068932,25.483555291028665,0.0001801815963638026,5.41952457813e-05,3637.0,0.3060356992246357,0.6791257818944185,0.2305229354302997
70,68.0,0.09635404333333333,0.16796875,0.009274615978819598,10.38900624601349,0.00010042360919397209,1.68680281068e-05,1132.0,0.2938496645936396,0.8114337179770318,0.10286144438162544
70,69.0,0.14062481999999998,0.2421875,0.009888222660949538,14.2214455339233,0.00021583692729476128,5.22730058292e-05,3508.0,0.31020812565564426,0.884026243586089,0.1487644958722919
70,70.0,0.14062481999999998,0.25,0.005388099731764921,26.099149422005418,4.35707722476e-05,1.0892693061900001e-05,731.0,0.30855822599179206,0.3305510430916553,0.02045298714090287
70,71.0,0.13020816666666665,0.1953125,0.009122256165332005,14.273680140830349,0.000171202736719872,3.34380345156e-05,2244.0,0.3068243593582888,0.8584332525623886,0.37890092812834225
70,72.0,0.10937485999999999,0.19140625,0.007135523897422248,15.328217181013482,4.390771922860408e-05,8.4042118836e-06,564.0,0.3062242825531915,0.8161430629432624,0.4200870229787234
70,73.0,0.15104147333333331,0.25,0.0091546283797906,16.49891913327324,0.0001130098278816,2.8252456970400003e-05,1896.0,0.31092722683544305,0.37237111023206754,0.11875917316455696
70,74.0,0.10156237,0.171875,0.008691277953291488,11.685550795385291,0.00019524214222429092,3.35572431948e-05,2252.0,0.31938975879218473,0.6465728380328597,0.024342882841918295
70,75.0,0.08593739,0.140625,0.004347517523422984,19.767002556515948,1.7801829427200002e-05,2.5033822632000003e-06,168.0,0.31488247142857145,0.5492466517857143,0.3367271885714286
70,76.0,0.19531225,0.3125,0.011451291215553055,17.0559150338198,0.00020036594799936,6.26143587498e-05,4202.0,0.3215104178581628,0.16840659953593526,0.2938771629509757
70,77.0,0.10156237,0.1875,0.011738326476561364,8.652201845194528,0.0001606932995616,3.0129993667800002e-05,2022.0,0.32351761732937684,0.34592142680514343,0.44163694433234424
70,78.0,0.18489559666666666,0.265625,0.006362130407052807,29.06189984123851,6.619587833223528e-05,1.7583280182e-05,1180.0,0.3259823487457627,0.7368246822033898,0.46112997681355933
70,79.0,0.13541649333333333,0.15625,0.007119747370901995,19.019845266810012,0.0001497261010752,2.3394703293000002e-05,1570.0,0.34466845482802544,0.7150427945859873,0.2989181738598726
70,80.0,0.21093723,0.29296875,0.00827239978802636,25.498916324778556,0.000155181090235392,4.54632100299e-05,3051.0,0.35670270348082594,0.31118383316945264,0.210849258446411
70,81.0,0.10156237,0.19140625,0.0058721220865166285,17.295684337559013,4.3829868662595925e-05,8.3893107987e-06,563.0,0.3423857520426288,0.3929076931616341,0.2545161668206039
70,82.0,0.19791641333333332,0.3359375,0.01004276972512646,19.707353524014124,0.00011719044853819535,3.9368666305800004e-05,2642.0,0.34490975527630585,0.5132771101438305,0.4260714277062831
70,83.0,0.13281233,0.17578125,0.007341889917599003,18.08966512581998,9.011116514816e-05,1.5839853248700002e-05,1063.0,0.3460678758231421,0.7997339487300094,0.16563853998118533
70,84.0,0.20833306666666665,0.25390625,0.00861639740838556,24.17867431043918,0.00019284663131136,4.8964964981400004e-05,3286.0,0.35609966183810104,0.11036761069689592,0.07608727858794888
70,85.0,0.17447894333333333,0.19140625,0.005430708824899445,32.12820811407873,0.00011085920599562449,2.1219144897600003e-05,1424.0,0.3555761942696629,0.2893093837780899,0.045058917303370784
70,86.0,0.11197902333333333,0.20703125,0.011975449791513385,9.350715445585122,0.00016028843989639245,3.31847160723e-05,2227.0,0.35656148195779075,0.4830243881903907,0.4895165959586888
70,87.0,0.14843731,0.234375,0.006098250730978033,24.340965392905996,3.833751123072e-05,8.9853541947e-06,603.0,0.3639378380099503,0.13681592039800994,0.49552565412935323
70,88.0,0.21093723,0.21875,0.007453357316507109,28.300968414976275,0.00014965798182994285,3.27376835253e-05,2197.0,0.3782696492307692,0.08321894913518434,0.24243135337278107
70,89.0,0.29947878333333333,0.26171875,0.008457662937629668,35.40916510173256,0.0003023274443233433,7.9124760819e-05,5310.0,0.3980171661016949,0.475894538606403,0.07223785355932204
70,90.0,0.12239567666666666,0.23046875,0.010196885157852666,12.00324165388969,0.00024142384169914576,5.5640651016600006e-05,3734.0,0.3863531845741832,0.33734768344938404,0.41422149750401716
70,91.0,0.09635404333333333,0.18359375,0.009702101727821242,9.931254694746551,0.0001331079039237447,2.4437779236000002e-05,1640.0,0.38255070702439026,0.5561142339939025,0.13023499434146343
70,92.0,0.16406229,0.23828125,0.008307685805645863,19.74825406715599,0.00014664621782242623,3.49430440905e-05,2345.0,0.388271927130064,0.6578091684434968,0.30383884104051173
70,93.0,0.14843731,0.19921875,0.0077664993214422925,19.112511809559283,9.633931219425883e-05,1.91925973512e-05,1288.0,0.39025096621118016,0.11599257569875776,0.2821924792546584
70,94.0,0.14583314666666666,0.203125,0.013694446442168369,10.649072036793884,0.00029321667123840005,5.9559636345300004e-05,3997.0,0.40204611158368775,0.30408353139854893,0.015418262536902677
70,95.0,0.09895820666666666,0.1796875,0.009201022110003246,10.755131928123554,0.00013177223739046956,2.3677823906100002e-05,1589.0,0.39703647768407807,0.6272886839207048,0.19974062892385147
70,96.0,0.08854155333333333,0.18359375,0.009839698043587454,8.998401469345493,0.00012604669194730213,2.31413848497e-05,1553.0,0.39776238320669677,0.2061081374758532,0.16259315265936897
70,97.0,0.23697886333333332,0.34375,0.00935995622954092,25.31837302672477,0.00014937931219025454,5.1349138565400005e-05,3446.0,0.42478036206616365,0.6939987032066164,0.3808221261520604
70,98.0,0.1901039233333333,0.26171875,0.008979596353810954,21.170653539749917,0.00018418630553408957,4.82050096515e-05,3235.0,0.44114067902318393,0.7007679675425038,0.14816724530448222
70,99.0,0.11458318666666666,0.19140625,0.01026004642201256,11.167901386959864,0.00013911896145658777,2.6628238716300003e-05,1787.0,0.4195415427867935,0.5956386401790711,0.4372365695355344
70,100.0,0.11458318666666666,0.22265625,0.011105490985995737,10.31770561167971,0.00013364756904555788,2.9757466545300002e-05,1997.0,0.42576157748622934,0.5880422195793691,0.09859588398597896
70,101.0,0.13802065666666666,0.25390625,0.010681434614248423,12.921546744531394,0.00011086040369663999,2.8148149376100003e-05,1889.0,0.4290701694441504,0.3806081259925887,0.3052729661831657
70,102.0,0.24739551666666665,0.20703125,0.0076651567552343276,32.275336900021905,0.00023557434386209812,4.87712508777e-05,3273.0,0.45223171827681025,0.4762665177207455,0.477057168395967
70,103.0,0.12239567666666666,0.25390625,0.013701851257668398,8.93278392568789,0.00029760355063296003,7.556340152790001e-05,5071.0,0.4525283906763952,0.34323774280220865,0.17334277010451588
70,104.0,0.10677069666666666,0.21484375,0.012641257650688468,8.446208408769497,0.00019135810671290181,4.11120932391e-05,2759.0,0.45565461346864805,0.899724481243204,0.12089805720913374
70,105.0,0.17968726999999998,0.20703125,0.0067575857561406934,26.590453526500372,9.047263985171321e-05,1.87306637193e-05,1257.0,0.44845002539379475,0.8927754574383453,0.18030078892601434
70,106.0,0.09635404333333333,0.171875,0.005126290633641273,18.796055514490362,5.0110993874618184e-05,8.612827072200001e-06,578.0,0.4512011319031142,0.6803903546712803,0.31825042878892734
70,107.0,0.08072906333333332,0.10546875,0.005731497597267926,14.085160459949424,5.0014663628800004e-05,5.2749840546e-06,354.0,0.4507293369491525,0.7018008474576272,0.19994652203389832
70,108.0,0.12239567666666666,0.203125,0.009780457565104208,12.514309872716325,0.00017973000864,3.6507658005e-05,2450.0,0.4530345545142857,0.2095344387755102,0.21242930311836736
70,109.0,0.1901039233333333,0.25390625,0.01138077058437166,16.70395883336656,0.00023744901712896002,6.0289789505400006e-05,4046.0,0.4767316832031636,0.8981633094414236,0.4388374864656451
70,110.0,0.10416653333333332,0.19140625,0.008879020957938763,11.731758921032581,0.00011358397580591022,2.1740682869100003e-05,1459.0,0.4709268166141193,0.40500771076079506,0.3183933654283756
70,111.0,0.10156237,0.1796875,0.004753177347331207,21.367258694234245,3.6239438476800004e-05,6.5117741013000005e-06,437.0,0.4699600025629291,0.8168531893592678,0.2880695571624714
70,112.0,0.19791641333333332,0.296875,0.008446288930063375,23.432351766807045,0.00010811599789338948,3.20969368746e-05,2154.0,0.49009529537604457,0.13790114322191271,0.18631168935933148
70,113.0,0.08333322666666666,0.14453125,0.00876717754433564,9.505137342690999,8.402600955502703e-05,1.2144384193500001e-05,815.0,0.4834415346257669,0.922603527607362,0.03449233884662577
70,114.0,0.11718735,0.203125,0.009098431911735054,12.879950208656624,8.5463453088e-05,1.7359763908500002e-05,1165.0,0.4938979443090129,0.696026689914163,0.12320079780257512
70,115.0,0.09374988,0.15625,0.00593834439647107,15.787208309392083,4.62529675296e-05,7.227026176500001e-06,485.0,0.49674083529896906,0.6545264175257732,0.2693171262680412
80,1.0,0.11458318666666666,0.1953125,0.009590221076152953,11.947919214457865,0.000135878820899328,2.6538832206900003e-05,1781.0,0.006329819562043796,0.11879737507018528,0.26495098160583946
80,2.0,0.17187478,0.27734375,0.008951122466336324,19.201477875695737,7.59711875555155e-05,2.1070134048600002e-05,1414.0,0.004461511739745403,0.7571218617397454,0.12557981465346535
80,3.0,0.12239567666666666,0.2421875,0.01521020457400115,8.046944804140107,0.00023189549001538065,5.6162188988100006e-05,3769.0,0.012673774433536747,0.8380175858981163,0.06124681687450252
80,4.0,0.14062481999999998,0.24609375,0.012852612166852908,10.941341586784485,0.00020181461728182857,4.96653159717e-05,3333.0,0.01766187722772277,0.1873699088658866,0.4197778173177318
80,5.0,0.08593739,0.11328125,0.0062820705433158,13.679787485264463,0.0001296990429696,1.4692469711400001e-05,986.0,0.011510730547667344,0.5685614224137931,0.21975769363083164
80,6.0,0.08854155333333333,0.16796875,0.008003339214379821,11.063076418683876,6.467209461343256e-05,1.0862890892100001e-05,729.0,0.018063011028806586,0.14593514231824417,0.208292612345679
80,7.0,0.20833306666666665,0.2734375,0.00869268470410394,23.966481444830233,0.0001647395827298743,4.5045979652700006e-05,3023.0,0.03188114667548793,0.5198439567482633,0.33383492006615945
80,8.0,0.10937485999999999,0.21875,0.008033259307779424,13.615253262655315,0.00013112954712,2.8684588432500004e-05,1925.0,0.028833124238961037,0.6857589285714286,0.47035390952727274
80,9.0,0.08854155333333333,0.125,0.004413386399584832,20.06204427096219,7.20020422368e-05,9.0002552796e-06,604.0,0.02639622278145695,0.16682403766556292,0.04126127682119205
80,10.0,0.17187478,0.23828125,0.009341945764236886,18.398177889019237,0.00015846546522900985,3.7759349136600004e-05,2534.0,0.04729648877663773,0.3211079321231255,0.4938256584056827
80,11.0,0.13281233,0.234375,0.006771328310448159,19.613925645145667,9.002639453184e-05,2.10999362184e-05,1416.0,0.04422244372881356,0.5480584613347458,0.38670948406779665
80,12.0,0.08333322666666666,0.14453125,0.005114671346912186,16.29297779161829,3.484759660073514e-05,5.0365666962e-06,338.0,0.04361582769230769,0.6334828032544378,0.09074496
80,13.0,0.09114571666666667,0.1484375,0.0072337236239290404,12.600110455583085,9.81777585327158e-05,1.4573261032200001e-05,978.0,0.0497626218404908,0.7885312819529653,0.3119500098159509
80,14.0,0.08854155333333333,0.16796875,0.007307095972036831,12.117201371402357,5.757501975873489e-05,9.6708041001e-06,649.0,0.05248746674884438,0.29482858243451465,0.0013783188906009245
80,15.0,0.13541649333333333,0.1875,0.006794549268551787,19.93016578157751,0.00011444033203200001,2.1457562256000003e-05,1440.0,0.05615898166666666,0.3042534722222222,0.14223867666666667
80,16.0,0.20572890333333332,0.35546875,0.01289829237056529,15.950088385561761,0.0002085077697901714,7.411799629260001e-05,4974.0,0.052849291097708084,0.6600792872939284,0.1330308748854041
80,17.0,0.13541649333333333,0.27734375,0.013170425289553093,10.281861850030538,0.00032607435450807885,9.04346842581e-05,6069.0,0.060647771191300055,0.12088907254078102,0.10335509409787445
80,18.0,0.08072906333333332,0.15234375,0.006969955506034654,11.582435965830388,4.880831255040001e-05,7.4356413651e-06,499.0,0.0579947475751503,0.34987161823647295,0.04209188873747495
80,19.0,0.09114571666666667,0.15625,0.009569970891029952,9.524137294095496,0.00012693340161216,1.9833344001900002e-05,1331.0,0.06648972225394441,0.05891951540195342,0.024137393598797897
80,20.0,0.14322898333333334,0.2109375,0.010187711483901964,14.058994854698776,0.0001729320572928,3.64778558352e-05,2448.0,0.07393133647058824,0.5482664419934641,0.2231120462745098
80,21.0,0.15364563666666667,0.23828125,0.009261434872882564,16.58983070933645,0.00019948888479895082,4.7534460831000004e-05,3190.0,0.07541124895297806,0.9089402919278997,0.16441902951724138
80,22.0,0.21874971999999998,0.31640625,0.009859344898844224,22.187044093126637,0.00023636873517226666,7.478854511310001e-05,5019.0,0.08613535493126122,0.6304931883841403,0.3756940534130305
80,23.0,0.18749976,0.296875,0.007891888934234259,23.758540136904863,0.0002263710076597895,6.7203892899e-05,4510.0,0.08835377880266075,0.19968472838137472,0.30984191744567624
80,24.0,0.10416653333333332,0.15234375,0.00817515724846766,12.741838495260522,0.00013126403896319999,1.99972559358e-05,1342.0,0.09308465132637854,0.5127113217213115,0.24672038879284652
80,25.0,0.0781249,0.17578125,0.009261439584153023,8.435502849219814,8.078639735296e-05,1.4200733909700002e-05,953.0,0.10098224738719833,0.23724422875131165,0.026921494564533053
80,26.0,0.13802065666666666,0.1328125,0.006854991812337972,20.13432844926961,0.00013373811351190587,1.77620932008e-05,1192.0,0.10648928013422819,0.8998695731963087,0.3360202046979866
80,27.0,0.11458318666666666,0.19921875,0.010078823108550518,11.368706984197225,0.00010284670362352942,2.04889917375e-05,1375.0,0.10642160256,0.6831392045454545,0.20512447488000002
80,28.0,0.12760400333333333,0.19921875,0.006120780866504239,20.847667334676498,4.652410883915294e-05,9.2684748078e-06,622.0,0.11177686919614148,0.4922628617363344,0.3164525409646302
80,29.0,0.09635404333333333,0.171875,0.00824436193270094,11.687265081261023,8.184217684712727e-05,1.40666241456e-05,944.0,0.10852229898305084,0.7844155521716102,0.2832065379661017
80,30.0,0.14062481999999998,0.234375,0.00957492892337803,14.6867742962198,0.00011596620312576001,2.71795788576e-05,1824.0,0.1265244842105263,0.19261196203399122,0.35717253684210526
80,31.0,0.11197902333333333,0.203125,0.00920730588541817,12.16197492804895,8.70773552064e-05,1.76875877763e-05,1187.0,0.12418025812973883,0.6448537542123,0.4683522524684078
80,32.0,0.10677069666666666,0.125,0.004990914844304772,21.393011100661184,6.71144863896e-05,8.3893107987e-06,563.0,0.131636125044405,0.6413535190941385,0.22596522969804617
80,33.0,0.16145812666666665,0.296875,0.011034138041030025,14.632599852049223,0.00017617787957557895,5.2302807999000005e-05,3510.0,0.135376256,0.5027221331908832,0.120687792
80,34.0,0.11197902333333333,0.19140625,0.008300255530655819,13.491033248284303,8.641412826906123e-05,1.6540204239e-05,1110.0,0.14896499027027027,0.4983565596846847,0.03067982010810811
80,35.0,0.16145812666666665,0.27734375,0.009528533253641065,16.944698871147864,0.00012018921256130705,3.3333726921300003e-05,2237.0,0.15045921473401877,0.3807834152883326,0.1683961379704962
80,36.0,0.16145812666666665,0.18359375,0.007914873241721519,20.39933195841666,0.00016914443401041705,3.10538609316e-05,2084.0,0.16788865819577733,0.5252556681861804,0.19467283117082534
80,37.0,0.10937485999999999,0.2109375,0.009310441721624525,11.74754788980257,0.0001106256542976,2.33350989534e-05,1566.0,0.15712513655172414,0.8596468909642401,0.11159723586206897
80,38.0,0.09635404333333333,0.171875,0.009558812052396512,10.080127405494512,9.094538507694545e-05,1.56312380601e-05,1049.0,0.1561565056244042,0.4280937202097235,0.347346286673022
80,39.0,0.12760400333333333,0.2109375,0.006485057246242508,19.676619417240776,6.159998119253334e-05,1.29937460328e-05,872.0,0.16365667321100916,0.3285416069380734,0.4443639176146789
80,40.0,0.1562498,0.19921875,0.010989993355130697,14.217460825584077,0.00027114130955294114,5.40164327625e-05,3625.0,0.17393005042758622,0.48936206896551726,0.39004964802206893
80,41.0,0.09114571666666667,0.15234375,0.007387891757636584,12.33717542930333,6.220859074559999e-05,9.4770899964e-06,636.0,0.16588314943396226,0.31307119693396224,0.25757537735849056
80,42.0,0.09374988,0.17578125,0.010526184448440388,8.906349728071737,0.00018895370377728,3.32145182421e-05,2229.0,0.17473370336473756,0.8683353661956034,0.26139825550471063
80,43.0,0.08854155333333333,0.14453125,0.005242107099239661,16.890451045186733,3.288870803442162e-05,4.7534460831e-06,319.0,0.17802780639498433,0.48212186520376177,0.06553054344827586
80,44.0,0.10677069666666666,0.140625,0.008099454209471276,13.182455743970005,0.00019942287489280001,2.8043841781800002e-05,1882.0,0.18352686146652497,0.05476637221041445,0.3417534506269926
80,45.0,0.2942704566666667,0.3125,0.006656805161700991,44.205959092765866,0.00011072102124096,3.46003191378e-05,2322.0,0.2034129899741602,0.7632782218992248,0.36557325932816537
80,46.0,0.14843731,0.2734375,0.011228040650070964,13.220232685839255,0.00018599278725010287,5.085740276370001e-05,3413.0,0.19974815184295344,0.6194891316290654,0.1578181619455025
80,47.0,0.10416653333333332,0.1796875,0.007439160005941288,14.00245904781463,6.169826596507827e-05,1.1086407165600002e-05,744.0,0.19571102451612904,0.4189505628360215,0.08123036580645163
80,48.0,0.12760400333333333,0.265625,0.0097514478926732,13.085646843194358,0.00013744059484235296,3.6507658005e-05,2450.0,0.19661620584489795,0.348874362244898,0.3124665151346939
80,49.0,0.09635404333333333,0.21484375,0.011562502428526805,8.333320916379686,0.00015924545596695272,3.42128909304e-05,2296.0,0.20817996439024392,0.5016724058144599,0.22558621066202092
80,50.0,0.14583314666666666,0.21875,0.008307179356678176,17.55507379883772,0.00013514858259017142,2.9563752441600002e-05,1984.0,0.20739496112903227,0.2743924048639113,0.19169912177419357
80,51.0,0.09635404333333333,0.18359375,0.008611391647873728,11.18913728155942,0.0001072979566995064,1.9699234237800003e-05,1322.0,0.20685343225416036,0.6311637197428139,0.4210539641754917
80,52.0,0.11458318666666666,0.21484375,0.009813256717976648,11.676366975783353,0.00012553757635025455,2.6970963669000003e-05,1810.0,0.21201818996685082,0.8862374827348066,0.11175731058563536
80,53.0,0.17447894333333333,0.234375,0.006709394835572147,26.00516851509076,7.870951725312e-05,1.8447543106200002e-05,1238.0,0.21588759857835219,0.13886119244749595,0.23145891877221325
80,54.0,0.12239567666666666,0.19140625,0.008732662759661279,14.015848319718478,9.754675920822857e-05,1.86710593797e-05,1253.0,0.22354261158818836,0.911446902434158,0.4069737810694334
80,55.0,0.08854155333333333,0.15625,0.0046119063487894945,19.19847165946316,2.71795788576e-05,4.246809196500001e-06,285.0,0.22917978610526318,0.3834018640350877,0.4774521768421053
80,56.0,0.0781249,0.14453125,0.005451816471060046,14.330067861732232,4.082736169790271e-05,5.9008296204e-06,396.0,0.22998974424242424,0.2730725220959596,0.01041664
80,57.0,0.08854155333333333,0.15625,0.0053086526237364744,16.678724265633658,4.587149975616e-05,7.167421836900001e-06,481.0,0.23494287567567568,0.8155210498960499,0.15009382054054055
80,58.0,0.09635404333333333,0.17578125,0.011321571677330614,8.510659657462996,0.00016470930750976,2.8952807960700003e-05,1943.0,0.24559554182192486,0.8093114706639217,0.41561448704065873
80,59.0,0.0781249,0.1328125,0.0062304970129376394,12.53911202232719,6.653246754409412e-05,8.8363433457e-06,593.0,0.2505131655986509,0.8191794898819561,0.3632407964924115
80,60.0,0.13541649333333333,0.23828125,0.009109321707734794,14.865705447459403,9.474158635436065e-05,2.25751436235e-05,1515.0,0.2566760652673267,0.21367574257425742,0.008219863445544554
80,61.0,0.13541649333333333,0.25390625,0.012286644626755315,11.021438109998826,0.00020223660727296,5.1349138565400005e-05,3446.0,0.257562457295415,0.777774503047011,0.044384453627394085
80,62.0,0.09374988,0.1640625,0.00738616466470615,12.692633356520183,7.965410412068571e-05,1.30682514573e-05,877.0,0.26619667101482325,0.0786461302736602,0.13213068369441278
80,63.0,0.08333322666666666,0.1953125,0.009140725989325067,9.116696722337677,0.000180663137501184,3.5285769043200004e-05,2368.0,0.2670685400675676,0.25511045713682434,0.2195123775
80,64.0,0.11979151333333332,0.2109375,0.010177437853113282,11.770301628193097,0.00017406233217706664,3.6716273193600004e-05,2464.0,0.2713116722727273,0.4438666801948052,0.3701828236363636
80,65.0,0.14322898333333334,0.234375,0.007864802257522039,18.211390273207,8.595740494848001e-05,2.01462667848e-05,1352.0,0.2697414738461538,0.7324276534763313,0.3293405261538462
80,66.0,0.24739551666666665,0.37109375,0.007993410244357435,30.949933645818273,0.0001256434382203958,4.66254946521e-05,3129.0,0.2861311437008629,0.22164379594119527,0.4056828111217642
80,67.0,0.18229143333333334,0.27734375,0.009918693780497905,18.378572558793376,0.00019035779173210142,5.27945438007e-05,3543.0,0.2781230752243861,0.3525283128704488,0.32633586723116004
80,68.0,0.09374988,0.1484375,0.006431312293201041,14.577099622282235,8.332059261978947e-05,1.2367900467000002e-05,830.0,0.3007028258313253,0.03978256777108434,0.22434524645783133
80,69.0,0.14322898333333334,0.18359375,0.0055240818628855964,25.92810658647902,8.116335605106383e-05,1.4901084900000001e-05,1000.0,0.31380583728,0.23837890625,0.1499117256
80,70.0,0.15364563666666667,0.26953125,0.007546137041502993,20.360833075470424,0.00014965699459450435,4.03372368243e-05,2707.0,0.30835702714444035,0.32464876939416326,0.11108397056520133
80,71.0,0.22395804666666666,0.1796875,0.006084489566236735,36.80802542737944,0.00015134319272347825,2.7194479942500002e-05,1825.0,0.31690950549041097,0.6548587328767124,0.026194282257534247
80,72.0,0.14583314666666666,0.22265625,0.009535149802074207,15.294269066957206,0.0001603503131863579,3.57029994204e-05,2396.0,0.3081576653088481,0.8615726732053423,0.37646143452420705
80,73.0,0.11718735,0.19921875,0.005929043622162546,19.764966741340547,5.175994102362353e-05,1.03115507508e-05,692.0,0.30805387630057807,0.7599744851878613,0.41577465364161853
80,74.0,0.12760400333333333,0.19921875,0.010268136764079169,12.427181899225188,0.00013807637446475293,2.75074027254e-05,1846.0,0.3184865814084507,0.6123967361863488,0.22144952788732394
80,75.0,0.14843731,0.2578125,0.011153144928516257,13.309009337848453,0.00022627974742690912,5.8337747383500005e-05,3915.0,0.3237559559846743,0.19348659003831417,0.29143493799233716
80,76.0,0.27864547666666667,0.43359375,0.010078339844020975,27.647954026076476,0.0001904589549913946,8.25818125158e-05,5542.0,0.33477259175748825,0.41314761142186934,0.4364807342619993
80,77.0,0.13020816666666665,0.1953125,0.008738970611683725,14.899714446067879,0.00015785136464947203,3.08303446581e-05,2069.0,0.32402062561623973,0.8095283047365878,0.4688007195746738
80,78.0,0.09635404333333333,0.16015625,0.010725298394834392,8.983810033643463,0.00017994113995925854,2.8818698196600003e-05,1934.0,0.34807547267838673,0.7154880590744571,0.30162979433298864
80,79.0,0.11979151333333332,0.19140625,0.006233010201122439,19.21888613494669,6.375961356068572e-05,1.2203988533100002e-05,819.0,0.3547714895238095,0.7674421932234432,0.16965434666666668
80,80.0,0.12760400333333333,0.24609375,0.012109283040552322,10.537700944474176,0.00015737059415405716,3.87279196551e-05,2599.0,0.3483752864948057,0.13666915159676798,0.07480171549057331
80,81.0,0.18229143333333334,0.23828125,0.007383803480463584,24.68801259617061,0.00016309310707074098,3.88620294192e-05,2608.0,0.3599769410429448,0.30900863928297545,0.20813908564417177
80,82.0,0.11979151333333332,0.2109375,0.009057300909048382,13.225961523886191,0.0001318889505578667,2.7820325508300003e-05,1867.0,0.35740526808784145,0.47768813604713445,0.4891012100696304
80,83.0,0.27343714999999996,0.3515625,0.012555374539311917,21.778494073900035,0.00028656706846976,0.00010074623500890001,6761.0,0.3900985266558201,0.2590801101908002,0.011647366555243307
80,84.0,0.14583314666666666,0.25390625,0.014164594771388558,10.295610218319759,0.00025124054432255997,6.37915444569e-05,4281.0,0.36613038789067975,0.18437755489371643,0.37911423327259985
80,85.0,0.23958302666666664,0.28515625,0.01072314394232667,22.34261033473386,0.0002584052246110685,7.36858648305e-05,4945.0,0.382173250653185,0.3274519716885743,0.4118594897472194
80,86.0,0.08072906333333332,0.15234375,0.004167210578368434,19.372446343937998,1.92690131712e-05,2.9355137253000002e-06,197.0,0.36484678172588836,0.18167036802030456,0.49733176934010154
80,87.0,0.14062481999999998,0.2578125,0.011294242677334634,12.451018099886136,0.0002462201083112727,6.3478621674e-05,4260.0,0.3824039322816902,0.651535908157277,0.3052176385352113
80,88.0,0.08333322666666666,0.16015625,0.010282253959417315,8.104568025218187,0.00018245324480874146,2.92210274889e-05,1961.0,0.3726784027740948,0.8137708758286588,0.016529311330953596
80,89.0,0.10156237,0.16015625,0.006224156304072893,16.31745172169612,4.168233231734634e-05,6.6756860352e-06,448.0,0.3747461807142857,0.5451834542410714,0.13115985535714286
80,90.0,0.14843731,0.265625,0.008175178499728687,18.157072656569667,0.00010849392262249412,2.8818698196600003e-05,1934.0,0.3900766416546019,0.4804121962254395,0.08904974941054808
80,91.0,0.12499984,0.1796875,0.005810006555633503,21.514578133960548,7.961066576139131e-05,1.4305041504000001e-05,960.0,0.387100246,0.89427490234375,0.242028189
80,92.0,0.12499984,0.203125,0.009081531990629622,13.764179890460724,0.0001688728489344,3.43022974398e-05,2302.0,0.3969372779843614,0.6194053404648132,0.1963929187141616
80,93.0,0.10677069666666666,0.1953125,0.00979003376175457,10.906060108165677,0.000133818894922752,2.61365029146e-05,1754.0,0.3929089499657925,0.10227070267958951,0.27977942914481185
80,94.0,0.08854155333333333,0.16796875,0.010186883785245116,8.691721158297561,0.00015657921398176742,2.6300414848500003e-05,1765.0,0.3972933791728045,0.07658905807365439,0.4764340228895184
80,95.0,0.08854155333333333,0.1640625,0.0055901573630452095,15.838830212303858,6.675686035199999e-05,1.09522974015e-05,735.0,0.3953274318367347,0.22621173469387756,0.16501605289795918
80,96.0,0.10677069666666666,0.1875,0.007434932581743832,14.360681215702973,0.0001397125720224,2.6196107254200002e-05,1758.0,0.40825651849829353,0.457131239334471,0.05709931877133106
80,97.0,0.2526038433333333,0.34375,0.01016849793021932,24.84180505978477,0.00020629603793192728,7.09142630391e-05,4759.0,0.42391240435385585,0.6968474206766128,0.3849222357301954
80,98.0,0.08072906333333332,0.140625,0.00508879447149986,15.864084074423117,3.3484393446400005e-05,4.7087428284000006e-06,316.0,0.411205929113924,0.9212692840189873,0.41944488151898734
80,99.0,0.08854155333333333,0.203125,0.010319470629962956,8.580047999385718,0.0001280851408512,2.6017294235400003e-05,1746.0,0.4191165083161512,0.6061332152061856,0.43852465951890035
80,100.0,0.18489559666666666,0.25390625,0.00782312507105059,23.634493247573314,0.00017218868419584002,4.37197830966e-05,2934.0,0.4219384914519428,0.5911857745398773,0.10186512670756646
80,101.0,0.12760400333333333,0.1640625,0.007193120732573247,17.739727731176927,0.000101724739584,1.6689215088e-05,1120.0,0.4357375842857143,0.17606375558035714,0.45621569871428574
80,102.0,0.11718735,0.234375,0.008255473558803492,14.19510936171959,0.00011081638818432,2.5972590980700003e-05,1743.0,0.4540314861273666,0.7464321572002295,0.04512682079173838
80,103.0,0.16145812666666665,0.31640625,0.013068764598756354,12.354505695360928,0.000311532014976,9.857067661350001e-05,6615.0,0.4566096351201814,0.34677106953892667,0.17447931051247165
80,104.0,0.09374988,0.1640625,0.007535947039927259,12.440358126628357,9.709263090651429e-05,1.59292597581e-05,1069.0,0.4464788470720299,0.49908647100093545,0.03219450656688494
80,105.0,0.14322898333333334,0.23046875,0.011305725311247902,12.668712478874479,0.00018698386454042034,4.3093937530800005e-05,2892.0,0.46154683883817427,0.8933520811721992,0.12233001078838175
80,106.0,0.12760400333333333,0.2109375,0.012747141468150045,10.010401441936152,0.0003545531027584,7.478854511310001e-05,5019.0,0.45407763500298864,0.4750230374576609,0.4842231607890018
80,107.0,0.17708310666666666,0.22265625,0.007443711178437882,23.789626225641502,0.00015325635108378948,3.4123484421e-05,2290.0,0.4523093292576419,0.21808644923580786,0.20871006204366813
80,108.0,0.09895820666666666,0.18359375,0.010135007086742743,9.763999750538952,0.00011419684196384682,2.0965826454300002e-05,1407.0,0.44949939343283585,0.41260216773276476,0.41462225057569296
80,109.0,0.11458318666666666,0.19140625,0.007776984179032914,14.733627332763243,7.769486487614696e-05,1.48712827302e-05,998.0,0.45099067286573147,0.716785132765531,0.31999072641282567
80,110.0,0.11197902333333333,0.1796875,0.004486250898058038,24.960490591778015,2.421491083575652e-05,4.3511167908000005e-06,292.0,0.4504215780821918,0.8955211900684932,0.16283134684931508
80,111.0,0.09114571666666667,0.171875,0.009131774893016618,9.98116113619587,0.00011764812921774545,2.0220772209300003e-05,1357.0,0.45608158620486366,0.6978485399778924,0.19960397040530584
80,112.0,0.24218719,0.24609375,0.009749967742773157,24.839793975678873,0.0002470457961325714,6.079642639200001e-05,4080.0,0.4795656381176471,0.9024021522671568,0.4380671038823529
80,113.0,0.09114571666666667,0.1796875,0.00789249887380568,11.548397804549468,0.00011228420983429566,2.0176068954600003e-05,1354.0,0.4728266953028065,0.4176081286927622,0.3173271857016248
80,114.0,0.15885396333333332,0.2578125,0.007020741761115752,22.62637891243103,8.334492868189092e-05,2.1487364425800002e-05,1442.0,0.48869581680998614,0.10500281726768378,0.1815020058807212
80,115.0,0.0781249,0.140625,0.007493727011206383,10.42537309981659,6.54853011072e-05,9.208870468200001e-06,618.0,0.48559050951456306,0.9241757686084142,0.03607267262135922
80,116.0,0.08854155333333333,0.1796875,0.009788836649956015,9.045155874955904,0.0001187525764274087,2.13383535768e-05,1432.0,0.49343012648044693,0.6516727042597765,0.2725884475977654
80,117.0,0.09895820666666666,0.16796875,0.00889561935765717,11.124375120826794,7.29224441320186e-05,1.2248691787800002e-05,822.0,0.4946811013138686,0.7071975745133819,0.1298587194160584
90,1.0,0.08854155333333333,0.140625,0.00530124281937773,16.702036927960698,2.44775154624e-05,3.4421506119000004e-06,231.0,0.0016064623376623377,0.10323660714285714,0.32316949194805195
90,2.0,0.20312474,0.3203125,0.010201567782185395,19.9111297730834,0.00011136998166040976,3.5673197250600004e-05,2394.0,0.004083277192982456,0.7482997859231412,0.12497520481203007
90,3.0,0.17708310666666666,0.296875,0.013672351291007748,12.95191316384136,0.0002602513691166316,7.72621252065e-05,5185.0,0.009499282576663453,0.826675506268081,0.06073807679074253
90,4.0,0.20052057666666664,0.32421875,0.011733193520610048,17.090025517301868,0.00021881543004190844,7.094406520890001e-05,4761.0,0.023688092451165724,0.1667429702268431,0.4177867671833648
90,5.0,0.09635404333333333,0.171875,0.010900497542565219,8.839417004323115,0.00011660776256290909,2.00419591905e-05,1345.0,0.017454648624535316,0.7213377091078067,0.17594198685501858
90,6.0,0.10937485999999999,0.1796875,0.007804151919709303,14.014957823126807,7.239594917676522e-05,1.3008647117700002e-05,873.0,0.019933905154639175,0.1659910151775487,0.19679753457044674
90,7.0,0.11458318666666666,0.1796875,0.005532097742888051,20.712429894061867,4.4780999490782614e-05,8.046585846e-06,540.0,0.024786539555555556,0.23290653935185185,0.3381357084444444
90,8.0,0.0781249,0.1171875,0.006721446893097481,11.62322655263847,0.00011011703059968,1.2904339523400001e-05,866.0,0.032630184942263274,0.5059135031755196,0.020893422263279445
90,9.0,0.10677069666666666,0.20703125,0.007917865178249515,13.484783368118876,0.00012545251492564527,2.5972590980700003e-05,1743.0,0.030203325576592083,0.6487086739816409,0.4850023889845095
90,10.0,0.1562498,0.16796875,0.00815561698780291,19.158550509872956,0.00017272505927620467,2.9012412300300003e-05,1947.0,0.049784998705701085,0.804643361581921,0.31834953171032354
90,11.0,0.27864547666666667,0.3984375,0.011469089103117997,24.29534500616216,0.0002403246972672,9.575437156740001e-05,6426.0,0.05459769762838469,0.640744752762216,0.12985938054154997
90,12.0,0.12760400333333333,0.2109375,0.005769931306842276,22.11534185545919,3.673393373866666e-05,7.748564148e-06,520.0,0.045913344,0.3723933293269231,0.29281024800000005
90,13.0,0.18749976,0.29296875,0.014227068390085295,13.179086151765935,0.000305123356382208,8.93916083151e-05,5999.0,0.058175562647107854,0.13236385751791965,0.10375888954825806
90,14.0,0.14062481999999998,0.23828125,0.009492468101412207,14.814357920157672,0.00010799915487391477,2.5734173622300003e-05,1727.0,0.057216124516502605,0.2958978720324262,0.49333639810075275
90,15.0,0.11197902333333333,0.203125,0.009808174248534961,11.416908029550918,7.827425274240001e-05,1.5899457588300003e-05,1067.0,0.05858444761012183,0.3153372481255858,0.003155744029990628
90,16.0,0.08593739,0.16015625,0.010214263121571115,8.413469378766255,0.00012169752381939512,1.94906190492e-05,1308.0,0.0672139071559633,0.27463804472477066,0.22546739633027524
90,17.0,0.08854155333333333,0.1796875,0.009096511796054337,9.733572089879411,0.00010772318210838263,1.9356509285100002e-05,1299.0,0.07137834161662818,0.1019173402617398,0.3668076637413395
90,18.0,0.20572890333333332,0.33984375,0.010750725621369759,19.13628071061507,0.00018095603459619312,6.149677738230001e-05,4127.0,0.07678643717954932,0.6383382299491156,0.3708661112478798
90,19.0,0.20052057666666664,0.3203125,0.008578162376814094,23.375703076996245,0.00016203076279164877,5.190047870670001e-05,3483.0,0.0740026681826012,0.8428404482486362,0.17556715121447028
90,20.0,0.10156237,0.203125,0.010839706100559324,9.369476354599636,0.00014994617863680002,3.04578175356e-05,2044.0,0.0789819177299413,0.5401671049412916,0.21994481823874756
90,21.0,0.21354139333333333,0.2578125,0.008882695026455405,24.04015816115956,0.0002110210364893091,5.44038609699e-05,3651.0,0.08362413541495481,0.18404739283757873,0.29792221646672146
90,22.0,0.10416653333333332,0.15234375,0.007386969050232126,14.10139024882743,0.0001103322175488,1.68084237672e-05,1128.0,0.09182780680851065,0.5208575742464538,0.24883579914893617
90,23.0,0.08854155333333333,0.1484375,0.008705371432519989,10.170910456798596,8.994608552690526e-05,1.33513720704e-05,896.0,0.10370282464285716,0.23937116350446427,0.15470846625
90,24.0,0.09895820666666666,0.1953125,0.010847698574377543,9.122507044988113,0.000129012400977408,2.5197734565900002e-05,1691.0,0.10684871560023654,0.6524546311354228,0.2049286038557067
90,25.0,0.08333322666666666,0.1640625,0.009835537699398373,8.47266608227876,0.00011852748674742858,1.9445915794500002e-05,1305.0,0.11555885167816092,0.33988266283524904,0.41617769416091954
90,26.0,0.08593739,0.1796875,0.008036028648831219,10.69401239784019,8.690831012285218e-05,1.56163369752e-05,1048.0,0.11955964442748092,0.509866263120229,0.05651934183206107
90,27.0,0.11979151333333332,0.19921875,0.007565249131244486,15.834443949584456,6.761703278230588e-05,1.34705807496e-05,904.0,0.12031348831858407,0.8504519842367256,0.445244383539823
90,28.0,0.13802065666666666,0.24609375,0.010315251699639033,13.380250980351404,0.0001036018032310857,2.5495756263900003e-05,1711.0,0.12874268437171246,0.19494949956165986,0.3616137184804208
90,29.0,0.18229143333333334,0.30859375,0.011310785550745663,16.116602380576104,0.0001477101163231595,4.55824187091e-05,3059.0,0.14263969286695,0.47300869360902253,0.12790477839816936
90,30.0,0.10156237,0.18359375,0.009151028864128706,11.098464610697086,0.00011841733647850213,2.1740682869100003e-05,1459.0,0.14658707761480466,0.4164587260109664,0.16991876265935574
90,31.0,0.08333322666666666,0.1484375,0.00601972439647107,13.843362449536546,7.920475611688421e-05,1.17569559861e-05,789.0,0.1436421980228137,0.9456293567807351,0.07498099467680608
90,32.0,0.19270808666666667,0.19921875,0.008974012220665744,21.47401651881977,0.00024787925513336474,4.938219535860001e-05,3314.0,0.16965446252263128,0.5398145179541339,0.1941727782257091
90,33.0,0.12760400333333333,0.19140625,0.005608670196879734,22.751204626780005,4.7800247529012244e-05,9.1492661286e-06,614.0,0.15281732560260586,0.49383525040716614,0.030041148664495115
90,34.0,0.11718735,0.20703125,0.008939916384012911,13.108327300416812,0.00016352731721805283,3.38552648928e-05,2272.0,0.15261500873239436,0.9136894118617958,0.41357487929577463
90,35.0,0.08593739,0.16015625,0.006685436088911564,12.854418000126483,5.535934760897561e-05,8.8661455155e-06,595.0,0.15433258810084036,0.42868960084033614,0.3474649718319328
90,36.0,0.09374988,0.18359375,0.008357206614333588,11.217848777270621,0.00011573894572881702,2.12489470674e-05,1426.0,0.15717685262272088,0.8586436053646563,0.10860223775596073
90,37.0,0.21354139333333333,0.21875,0.006370547089989119,33.520102797591605,0.00010858207693988572,2.37523293306e-05,1594.0,0.17121045018820577,0.7875259763174404,0.08498522589711417
90,38.0,0.11458318666666666,0.2265625,0.013279461853708919,8.6286016654104,0.0002403246972672,5.44485642246e-05,3654.0,0.1723128627914614,0.48226472701149425,0.39001839382594417
90,39.0,0.09114571666666667,0.12890625,0.006973052312402333,13.071136223165011,9.051189897076364e-05,1.16675494767e-05,783.0,0.1650024711111111,0.585727969348659,0.47920784490421453
90,40.0,0.13802065666666666,0.24609375,0.013242809700352133,10.422309146600258,0.00022494488544914286,5.53575304035e-05,3715.0,0.17908980061372815,0.8664882654777928,0.26054042487214
90,41.0,0.09895820666666666,0.13671875,0.0078092793139542096,12.67187440585467,0.0001751482034051657,2.39460434343e-05,1607.0,0.18730019723708774,0.04210582607342875,0.3393105423771002
90,42.0,0.08333322666666666,0.17578125,0.008374023246170256,9.951396624648488,6.501906271744e-05,1.14291321183e-05,767.0,0.19673546033898306,0.28206995599739243,0.31472988203389834
90,43.0,0.09895820666666666,0.16796875,0.009526213468601833,10.387989623876317,0.00010193173760059534,1.7121346550100002e-05,1149.0,0.19270104062663185,0.4115025293733681,0.08587438579634464
90,44.0,0.17968726999999998,0.203125,0.006192758428432932,29.01570795576303,9.360632286720001e-05,1.90137843324e-05,1276.0,0.1960451853291536,0.7750355113636364,0.3524401978683386
90,45.0,0.16927061666666665,0.265625,0.009907009828504522,17.08594415437441,0.0001509041633167059,4.0083918381e-05,2690.0,0.20376850135315985,0.6270300882899629,0.1575768503197026
90,46.0,0.12239567666666666,0.19921875,0.010846647249609924,11.284194447373437,0.00023277013940103532,4.63721762088e-05,3112.0,0.20817485167095115,0.23800886688624678,0.384750832596401
90,47.0,0.08593739,0.17578125,0.009772676885403026,8.793638734578497,0.00015063738520063998,2.6479227867300002e-05,1777.0,0.20528643106359032,0.07432426491277434,0.27236077046707935
90,48.0,0.10937485999999999,0.19140625,0.008266442658533385,13.231188374251065,8.968385204140408e-05,1.7166049804800002e-05,1152.0,0.20269893041666667,0.6254848904079862,0.4182440329166667
90,49.0,0.08593739,0.15625,0.010706499959928185,8.026655799901244,0.00028037881347840006,4.3809189606e-05,2940.0,0.2105184342857143,0.05642671130952381,0.4818493191836735
90,50.0,0.13802065666666666,0.21484375,0.007975437965139942,17.305715030314936,0.00012914418075368728,2.77458200838e-05,1862.0,0.21253658835660583,0.8902347945757251,0.1105191098603652
90,51.0,0.11979151333333332,0.1953125,0.010414110362971686,11.502808128408443,0.000137175811329024,2.67921506502e-05,1798.0,0.21533636823136817,0.46987320981646274,0.2309352576640712
90,52.0,0.23958302666666664,0.29296875,0.00986370409922922,24.289356640918335,0.000200957223048192,5.88741864399e-05,3951.0,0.2332453374639332,0.8470155894077449,0.413578968443432
90,53.0,0.0781249,0.14453125,0.007178521272302771,10.883146686690615,5.371478647628108e-05,7.7634652329e-06,521.0,0.22989084621880998,0.8263330734165067,0.14127692959692897
90,54.0,0.11197902333333333,0.1796875,0.009221999398820414,12.142597119194843,0.00014222113727165218,2.55553606035e-05,1715.0,0.245311872,0.1953853862973761,0.049061463323615155
90,55.0,0.11458318666666666,0.1640625,0.009032098395195285,12.686219929537119,0.00015031646786742859,2.46612955095e-05,1655.0,0.2637337470453172,0.07533279833836858,0.13030201725679758
90,56.0,0.19791641333333332,0.28515625,0.008836154004760144,22.398479386700743,0.0001438603808603178,4.10226867297e-05,2753.0,0.2555572031093353,0.8232212586269524,0.04480895721031602
90,57.0,0.09374988,0.1796875,0.009405358829466168,9.967709015661349,0.00012845512631707825,2.30817805101e-05,1549.0,0.25518918693350545,0.5770910668173015,0.2526081432666236
90,58.0,0.09895820666666666,0.1796875,0.009827197492253798,10.069829851762885,0.00012032820418726957,2.16214741899e-05,1451.0,0.26484764857339765,0.15222798931771192,0.3050366932598208
90,59.0,0.1562498,0.296875,0.009427682733427228,16.573510630135385,0.00015379174445002107,4.5656924133600005e-05,3064.0,0.2716194549869452,0.4848951533942559,0.3676544418798956
90,60.0,0.10677069666666666,0.19921875,0.010923077637161608,9.774781450185804,0.00015984247683162352,3.1843618431300005e-05,2137.0,0.2678881844080487,0.24775532288254562,0.21755855775386057
90,61.0,0.14843731,0.265625,0.009231108434671197,16.080117685811498,0.00011746963493872941,3.1202871780600004e-05,2094.0,0.2770594924928367,0.34400556649952246,0.32801503151862466
90,62.0,0.32031209,0.34765625,0.007665604422355263,41.78562737543191,0.0002424677746460764,8.42954372793e-05,5657.0,0.3015020675552413,0.28297836198515114,0.10399008865476402
90,63.0,0.08593739,0.16015625,0.006319204503530171,13.599400043469364,6.522168516620488e-05,1.0445660514900002e-05,701.0,0.2900954369186876,0.733015335235378,0.27899246516405135
90,64.0,0.12239567666666666,0.2265625,0.011175782467483252,10.95186641497235,0.00015238979845870346,3.45258137133e-05,2317.0,0.29177185097971514,0.2593230740181269,0.4098643815278377
90,65.0,0.17968726999999998,0.29296875,0.007021894266359545,25.589572155884607,0.00013788788450611202,4.0396841163900006e-05,2711.0,0.3103522809295463,0.8632798091110292,0.37814665389893026
90,66.0,0.17447894333333333,0.296875,0.013729380895122895,12.708434900754607,0.00023550615697111578,6.99158903508e-05,4692.0,0.32321138884910483,0.17783011642156862,0.29001584163682864
90,67.0,0.17447894333333333,0.28125,0.009989470320011155,17.466285773312002,0.00023004626003840002,6.47005106358e-05,4342.0,0.3341899875449102,0.3855150276370336,0.43717141077844307
90,68.0,0.16927061666666665,0.2734375,0.01005257558235483,16.838532103532295,0.0001240315217642057,3.39148692324e-05,2276.0,0.3218674825307557,0.6187407320957821,0.22389997876977155
90,69.0,0.35677037666666667,0.3125,0.010107369025486004,35.29804598675091,0.00035967642688223997,0.00011239888340070001,7543.0,0.37041051560387117,0.6715223344491582,0.30362587780989
90,70.0,0.14583314666666666,0.23046875,0.009603420478697099,15.185542171163156,0.00012342745415202714,2.8446171074100004e-05,1909.0,0.3476430826610791,0.1559307883708748,0.07401189146149817
90,71.0,0.13802065666666666,0.23046875,0.010467001184949594,13.186265505073727,0.0001771562202077288,4.0828972626000006e-05,2740.0,0.36660561372262773,0.1630488708941606,0.009591672525547445
90,72.0,0.14062481999999998,0.265625,0.014378440843455017,9.780255142476841,0.00023909053682371766,6.35084238438e-05,4262.0,0.3697271740966682,0.1922247111098076,0.3756882686438292
90,73.0,0.11718735,0.2421875,0.013899805947950594,8.430862304036571,0.00024340105027881293,5.8948691864400005e-05,3956.0,0.37296741997977756,0.837946908177452,0.017843202709807885
90,74.0,0.09114571666666667,0.17578125,0.007265801809766831,12.544481538726645,6.442566840320001e-05,1.1324824524000002e-05,760.0,0.3692244865263158,0.31478207236842104,0.20690993494736842
90,75.0,0.08593739,0.1015625,0.00536382486930528,16.021662170922177,0.00014070292104960001,1.4290140419100002e-05,959.0,0.3713046086339937,0.038036040145985404,0.16553048408759125
90,76.0,0.09895820666666666,0.08984375,0.005540641134241841,17.860425223191736,0.00014263577615582608,1.2814933014000001e-05,860.0,0.3754782357209302,0.965843023255814,0.16227020595348837
90,77.0,0.09635404333333333,0.17578125,0.00977523463972019,9.856954526882989,0.00014648362500096002,2.57490747072e-05,1728.0,0.3841588111111111,0.8809724030671297,0.24323012638888888
90,78.0,0.13541649333333333,0.2265625,0.009065608583458565,14.937385845272331,0.00011621613028766897,2.6330217018300002e-05,1767.0,0.39394773052631576,0.46713621250707416,0.0918430639049236
90,79.0,0.2343747,0.31640625,0.011129369132208085,21.059118195812747,0.00029137544620657784,9.21930122763e-05,6187.0,0.3849565742104412,0.3339284992726685,0.4142476919476321
90,80.0,0.08333322666666666,0.16015625,0.00914233065065157,9.115096560276733,0.0001391892168454244,2.22920230104e-05,1496.0,0.3974925590374332,0.07672282336229946,0.47718142171122996
90,81.0,0.15885396333333332,0.234375,0.01194510367316966,13.298667611411453,0.0002419141463232,5.6698628044500004e-05,3805.0,0.395632302717477,0.5995565045992116,0.19462519985282525
90,82.0,0.18749976,0.20703125,0.005502720660785116,34.074010213930784,7.456615344978114e-05,1.54375239564e-05,1036.0,0.3961496705791506,0.0899078486969112,0.2788210767567567
90,83.0,0.14843731,0.25,0.01035772456319288,14.33107330614733,0.0002963527764912,7.40881941228e-05,4972.0,0.40675334577634753,0.28776382114843124,0.011762323443282383
90,84.0,0.0781249,0.140625,0.007369919434975077,10.60050936639095,8.498254286080001e-05,1.19506700898e-05,802.0,0.399025825436409,0.4716967347256858,0.05712267172069825
90,85.0,0.2343747,0.35546875,0.009307609088815798,25.18097803243898,0.00027981289974857143,9.94647417075e-05,6675.0,0.419406112647191,0.7093984082397004,0.38936610293932583
90,86.0,0.10416653333333332,0.140625,0.006219897368058645,16.747307418328962,0.0001104137277568,1.55269304658e-05,1042.0,0.4081964568138196,0.8314876739443378,0.14854396053742802
90,87.0,0.10416653333333332,0.18359375,0.010299159085700635,10.114081398932683,0.00011573894572881702,2.12489470674e-05,1426.0,0.4180539679102384,0.4600006574333801,0.3089737225245442
90,88.0,0.09114571666666667,0.1796875,0.007893232433269224,11.547324551408893,6.733735478984347e-05,1.2099680938800001e-05,812.0,0.4198991521182266,0.5921480526477833,0.11754318738916256
90,89.0,0.10416653333333332,0.203125,0.009178929156174298,11.348440712527417,0.0001099654216128,2.23367262651e-05,1499.0,0.4192706286324216,0.6170702343228819,0.4395054208939293
90,90.0,0.21354139333333333,0.265625,0.00787626894901405,27.111998678011673,0.00015690667092818826,4.16783344653e-05,2797.0,0.4370366113407222,0.2336669310868788,0.07310548410439757
90,91.0,0.10156237,0.15234375,0.006718716255982919,15.116335640690314,7.600011793920001e-05,1.1578142967300001e-05,777.0,0.44406458069498067,0.4820473375160875,0.03009614640926641
90,92.0,0.10937485999999999,0.2109375,0.011515730474589212,9.497865571041997,0.00017370912127573335,3.66417677691e-05,2459.0,0.44410644619764134,0.6577623017486783,0.14790733917852786
90,93.0,0.12760400333333333,0.20703125,0.008224503551440412,15.5151010070371,0.00010414789965427926,2.15618698503e-05,1447.0,0.44725233205252246,0.4156606340704907,0.4203783726883207
90,94.0,0.21093723,0.27734375,0.010363333889552498,20.3541864276563,0.00029088260921185356,8.06744736486e-05,5414.0,0.4595023244329516,0.47116994135574436,0.4841923009383081
90,95.0,0.38541617333333333,0.37890625,0.009022108994217593,42.71907749954611,0.0003120563693037526,0.0001182401086815,7935.0,0.45974081857088844,0.3386982120352867,0.1822227731115312
90,96.0,0.11718735,0.1484375,0.0053259706588246,22.0030033034133,8.020861867856842e-05,1.19059668351e-05,799.0,0.45752874893617024,0.6793599421151439,0.20073869136420525
90,97.0,0.12760400333333333,0.21875,0.008580313965587403,14.871717264089373,0.00012860913504548574,2.81332482912e-05,1888.0,0.4614401173728813,0.9170087394067796,0.11446028033898305
90,98.0,0.0781249,0.14453125,0.008733351341010194,8.945580791321195,9.320185599723242e-05,1.34705807496e-05,904.0,0.47169576424778764,0.6653328954646017,0.08392798619469027
90,99.0,0.16666645333333333,0.19140625,0.00975970502203529,17.076996994994904,0.00023471945651461226,4.4926770973500004e-05,3015.0,0.4792924089950249,0.908122149668325,0.43571159705472634
90,100.0,0.08072906333333332,0.1484375,0.008437861202502686,9.567479411653386,0.00011855616853490526,1.7598181266900002e-05,1181.0,0.4785970892464014,0.4029556519898391,0.06947881239627433
90,101.0,0.08854155333333333,0.18359375,0.00910842025321029,9.720846301764194,0.0001041325858135149,1.9118091926700002e-05,1283.0,0.47422149399844116,0.42126912022603274,0.31534439195635233
90,102.0,0.09114571666666667,0.19140625,0.009574964307443631,9.519170384354275,0.00012448305504705306,2.3826834755100003e-05,1599.0,0.49045542634146344,0.2389286272670419,0.09476723902439024
90,103.0,0.10416653333333332,0.1875,0.010406937274283198,10.009336136842242,0.00013248057881759998,2.48401085283e-05,1667.0,0.48899118406718656,0.9181937050089982,0.3435593146970606
90,104.0,0.09635404333333333,0.19140625,0.011061980095332987,8.710379380811288,0.00010891294184542041,2.08466177751e-05,1399.0,0.4930769409006433,0.6221575679056469,0.3997306488634739
90,105.0,0.12499984,0.203125,0.007277242159162432,17.176814686950962,7.145184833280001e-05,1.45136566926e-05,974.0,0.4924368970841889,0.658094840862423,0.2718747050513347
90,106.0,0.09635404333333333,0.1640625,0.007201313841957215,13.3800644504539,5.040824149028571e-05,8.2701021195e-06,555.0,0.49586725535135134,0.7077350788288288,0.13330483891891892
100,1.0,0.09895820666666666,0.15234375,0.0068289039393081355,14.491081957830634,8.627040414720001e-05,1.3142756881800001e-05,882.0,0.010201841088435373,0.1711530966553288,0.3356908391836735
100,2.0,0.09374988,0.16796875,0.010195703341541629,9.195038033131382,0.00010051232262965581,1.6882929191700002e-05,1133.0,0.002894341112091792,0.1749158759929391,0.09838174008826125
100,3.0,0.08593739,0.140625,0.00616551541104721,13.938395133360567,2.2676139865600002e-05,3.1888321686e-06,214.0,0.0009948134579439252,0.6432169976635514,0.13072213906542057
100,4.0,0.20312474,0.33203125,0.011116947851097033,18.27162839303554,0.00023130410638938354,7.680019157460001e-05,5154.0,0.00929304651920838,0.8191354712359332,0.06327896586728754
100,5.0,0.08854155333333333,0.16015625,0.008937415660275054,9.906840713124941,7.117630406868294e-05,1.13993299485e-05,765.0,0.003604974431372549,0.8354779411764706,0.11168782682352942
100,6.0,0.15104147333333331,0.25390625,0.009022272708869385,16.74095632077839,0.0001341005942016,3.40489789965e-05,2285.0,0.01723019385557987,0.13047558807439824,0.18797818398249452
100,7.0,0.24739551666666665,0.33203125,0.010338957343576698,23.9284783218848,0.0002124999890868706,7.05566370015e-05,4735.0,0.02383053891446674,0.1329890443505808,0.4141525993495248
100,8.0,0.10156237,0.1953125,0.010300362578301307,9.860077179608298,0.00012245115527424,2.3916241264500002e-05,1605.0,0.023865787813084113,0.7097619742990654,0.16861205861682244
100,9.0,0.23697886333333332,0.2734375,0.008274503526046322,28.639647392423708,0.00014010766364489142,3.8310689277900006e-05,2571.0,0.03668006459743291,0.5397036658887593,0.014981516732788799
100,10.0,0.10156237,0.22265625,0.01151887016327936,8.81704269258694,0.0001675781236304842,3.7312316589600006e-05,2504.0,0.04301232,0.49988143969648563,0.33232056000000004
100,11.0,0.08593739,0.14453125,0.008563211226807844,10.035649912612906,7.577805769686487e-05,1.09522974015e-05,735.0,0.04508917028571428,0.44109268707482996,0.2857640431020408
100,12.0,0.38802033666666663,0.4375,0.008648059244878522,44.86790916660945,0.00021426908595634285,9.37427251059e-05,6291.0,0.05471530163090129,0.6361009279128914,0.12648741661421078
100,13.0,0.18229143333333334,0.3203125,0.012493031327321347,14.591449309398214,0.00026902782119555125,8.61729739767e-05,5783.0,0.05507170213384057,0.15990429923914923,0.10019812938613176
100,14.0,0.12239567666666666,0.21484375,0.008632431298367356,14.17858682406372,0.00010799005877201455,2.3200989189300002e-05,1557.0,0.05789238350674374,0.29019398281952474,0.4913357484393064
100,15.0,0.10937485999999999,0.18359375,0.005641434055798503,19.387776036764965,5.494759204657021e-05,1.0088034477300002e-05,677.0,0.06006493116691285,0.32002400295420974,0.005772811107828656
100,16.0,0.18229143333333334,0.265625,0.007840241362039868,23.250742536567124,0.0001589262061993412,4.22147735217e-05,2833.0,0.0741668536816096,0.7742689397282033,0.17871013529121074
100,17.0,0.09895820666666666,0.22265625,0.007136390095784126,13.86670366087848,0.00013639146004749473,3.0368411026200002e-05,2038.0,0.07947895042198233,0.15103847215407262,0.2893665157212954
100,18.0,0.11197902333333333,0.23046875,0.010973798589475052,10.204217110448171,0.00016978548695821018,3.91302489474e-05,2626.0,0.07193595326732673,0.12044518754760092,0.3613309188118812
100,19.0,0.20833306666666665,0.3359375,0.008507933823584163,24.48691668112923,0.00012823527128081862,4.30790364459e-05,2891.0,0.07484415291594604,0.6491036297993774,0.3694896337046005
100,20.0,0.0781249,0.15234375,0.009440160871681407,8.275801764603298,0.000107104413312,1.6316687965500002e-05,1095.0,0.0733838018630137,0.7739547659817352,0.4902491730410959
100,21.0,0.11718735,0.19921875,0.008091213603387042,14.483284676966692,0.00010905490464225883,2.1725781784200002e-05,1458.0,0.08146439407407406,0.540265453532236,0.2137474166255144
100,22.0,0.09635404333333333,0.1640625,0.006596824473386641,14.606125071547892,5.667521205394286e-05,9.298276977600001e-06,624.0,0.09346493,0.5051144330929487,0.25184919
100,23.0,0.10677069666666666,0.19921875,0.007708048440160163,13.851845573566234,8.295054132254118e-05,1.65253031541e-05,1109.0,0.10881995642921552,0.6567149458972047,0.20220339635707846
100,24.0,0.14322898333333334,0.19140625,0.0068589230100464,20.882138948570063,0.00010930219467546124,2.0921123199600002e-05,1404.0,0.1140933688888889,0.2509320468304843,0.16289772000000002
100,25.0,0.09895820666666666,0.19140625,0.004778491197771202,20.709090499700622,3.830247847601633e-05,7.3313337708000005e-06,492.0,0.11605184975609757,0.8377715320121951,0.44807431024390243
100,26.0,0.0781249,0.1328125,0.006367105436706334,12.270081087335276,5.295670266578824e-05,7.0333120728e-06,472.0,0.1195417027118644,0.939353813559322,0.3072936386440678
100,27.0,0.09374988,0.18359375,0.009021610782214645,10.391700801903367,9.690904712497022e-05,1.7791895370600002e-05,1194.0,0.12087260984924622,0.33373246440536014,0.41842569809045227
100,28.0,0.12499984,0.17578125,0.005693134622253401,21.956241735686163,5.543998307328e-05,9.7453095246e-06,654.0,0.12058873467889909,0.4822486620795107,0.059907625688073396
100,29.0,0.08333322666666666,0.15234375,0.007913749459061583,10.53018257625613,0.0001901470132224,2.8967709045600004e-05,1944.0,0.13432823925925927,0.09434879758230452,0.14239189209876543
100,30.0,0.08072906333333332,0.1484375,0.006881269325908541,11.731711041941319,5.551359966113684e-05,8.2402999497e-06,553.0,0.13607206915009043,0.20025005650994576,0.3605219353345389
100,31.0,0.10937485999999999,0.1796875,0.0062737789653789745,17.43364893847405,5.9873854874713046e-05,1.07585832978e-05,722.0,0.14131445385041552,0.9206684989612188,0.07781641263157896
100,32.0,0.10416653333333332,0.19140625,0.011774743895457152,8.846607132875485,0.00017469667012231838,3.34380345156e-05,2244.0,0.14408437796791443,0.411886558600713,0.17678260085561498
100,33.0,0.14583314666666666,0.1953125,0.007272441205980964,20.052846428889836,0.00014190601171968002,2.7716017914000002e-05,1860.0,0.1494315310967742,0.9311575940860215,0.40971942322580646
100,34.0,0.11718735,0.19921875,0.009071128599525295,12.918717744353506,0.00010927929745016471,2.17704850389e-05,1461.0,0.15220432887063656,0.4000042778918549,0.12162550143737166
100,35.0,0.15885396333333332,0.25,0.008118520614870887,19.56686086900571,0.0001700511808788,4.25127952197e-05,2853.0,0.1530902418506835,0.3111335655450403,0.2580103695478444
100,36.0,0.08593739,0.14453125,0.008264245403339539,10.398697740180022,9.722273252808649e-05,1.4051723060700001e-05,943.0,0.15000500106044537,0.8343385471898197,0.10638186909862142
100,37.0,0.0781249,0.1328125,0.007560747494029527,10.332959811406564,7.74155187275294e-05,1.0281748581e-05,690.0,0.15494468939130435,0.05764832427536232,0.20874323826086957
100,38.0,0.18749976,0.265625,0.010651553040258653,17.60304429704524,0.0001606091522586353,4.2661806068700005e-05,2863.0,0.16514813205728257,0.4857325685469787,0.38942538601466997
100,39.0,0.14062481999999998,0.2421875,0.009496260565969182,14.808441598995646,0.00012680727113868387,3.07111359789e-05,2061.0,0.1681768044250364,0.7958230986171762,0.07978035586608442
100,40.0,0.10156237,0.16015625,0.008900475970134714,11.410891995078641,0.00013118769769521953,2.1010529709e-05,1410.0,0.1694615564255319,0.305432734929078,0.44027341855319146
100,41.0,0.14322898333333334,0.25,0.012954305463678014,11.056477225654941,0.0002415763883988,6.03940970997e-05,4053.0,0.17808714895632863,0.8690871345299778,0.2595755753071799
100,42.0,0.08593739,0.16796875,0.009016905109145582,9.530696947540928,9.492337618158141e-05,1.5944160843000003e-05,1070.0,0.18914598190654205,0.3937280957943925,0.07867422908411215
100,43.0,0.1562498,0.23828125,0.01136165882457245,13.752375635683622,0.00021981298748222953,5.237731342350001e-05,3515.0,0.19922379652916075,0.7514558143669986,0.3572837137297297
100,44.0,0.19270808666666667,0.25390625,0.009639925515948227,19.990619880605063,0.00024836486418431997,6.30613912968e-05,4232.0,0.20236483077504727,0.2361453656663516,0.3783399274480151
100,45.0,0.09895820666666666,0.19140625,0.009548728743363436,10.363495427121087,0.0001233931471229388,2.36182195665e-05,1585.0,0.1963507887444795,0.281252464511041,0.20701839747634068
100,46.0,0.10156237,0.1796875,0.008943152170847755,11.356439883810287,0.00010788903766205218,1.93863114549e-05,1301.0,0.20150313518831667,0.6824828257109915,0.15998619929285166
100,47.0,0.11718735,0.10546875,0.007101484293394557,16.50181077060211,0.00017166049804800002,1.81048181535e-05,1215.0,0.20715449797530866,0.9645479681069958,0.48034695703703706
100,48.0,0.12239567666666666,0.15234375,0.008285864135758719,14.771624861485753,0.00026164776768,3.98604021075e-05,2675.0,0.21069966504672896,0.059963492990654205,0.4821782340785047
100,49.0,0.10937485999999999,0.18359375,0.007957841615780767,13.744287117137969,9.33378594587234e-05,1.7136247635000003e-05,1150.0,0.2061543635478261,0.0821875,0.2734775607652174
100,50.0,0.09895820666666666,0.16015625,0.005686016333870375,17.403785155732656,4.838127858263415e-05,7.748564148e-06,520.0,0.20134038,0.613446514423077,0.416536644
100,51.0,0.09374988,0.14453125,0.006192591331372818,15.139038729238548,7.340677153764324e-05,1.0609572448800001e-05,712.0,0.21132100044943822,0.8438926439606742,0.1105076393258427
100,52.0,0.09635404333333333,0.14453125,0.008574470452260568,11.237317087952716,0.0001421740701550703,2.0548596077100003e-05,1379.0,0.21294956588832487,0.46142755166787525,0.23009991402465554
100,53.0,0.2343747,0.296875,0.010265392882659707,22.83153725133166,0.00020925515098307371,6.21226229481e-05,4169.0,0.23104439833053492,0.8419022847205565,0.4141443621012233
100,54.0,0.12499984,0.12109375,0.008155529067936512,15.327005637370267,0.00019122610320185807,2.3156285934600002e-05,1554.0,0.24352038084942085,0.048006153474903474,0.0764192762934363
100,55.0,0.11458318666666666,0.21484375,0.010800339680637427,10.60922064072563,0.00013628803178356364,2.9280631828500002e-05,1965.0,0.24665669203053436,0.19096294529262087,0.04854372909923664
100,56.0,0.17447894333333333,0.22265625,0.01020755565886078,17.093117016890815,0.00022071591522896845,4.91437780002e-05,3298.0,0.2521532403638569,0.8639907235445725,0.05472881494238933
100,57.0,0.08593739,0.16796875,0.007007564685630791,12.263517192530102,0.00010645612282046513,1.7881301880000002e-05,1200.0,0.254361328,0.5717643229166667,0.2512298256
100,58.0,0.11458318666666666,0.2109375,0.011543599079758849,9.926123202561913,0.00012602564959573334,2.6583535461600003e-05,1784.0,0.2618341286098655,0.14653473584641255,0.30180083192825113
100,59.0,0.10156237,0.20703125,0.010041743954384242,10.114017093182076,0.0001317143444141887,2.7268985367e-05,1830.0,0.2650768060327869,0.5837026127049181,0.35262994596721314
100,60.0,0.10937485999999999,0.19140625,0.0069451448202705246,15.748391549845271,0.00012424950334902858,2.3782131500400003e-05,1596.0,0.26714912421052633,0.2337533286340852,0.21175565503759397
100,61.0,0.16406229,0.26953125,0.00846681940693771,19.377086260463688,7.618298431888697e-05,2.05336949922e-05,1378.0,0.2801267320754717,0.3143879263425254,0.3301325569811321
100,62.0,0.3802078466666666,0.37890625,0.009641252748963028,39.435523221560615,0.0002709207722915629,0.00010265357387610001,6889.0,0.30090125647263755,0.2825711732472057,0.1035995633154304
100,63.0,0.14322898333333334,0.2109375,0.008635731233155194,16.5856230892682,0.000135632986112,2.8610083008000002e-05,1920.0,0.292044337,0.2536214192708333,0.41551407300000004
100,64.0,0.11979151333333332,0.20703125,0.007445528381736908,16.089054690486336,9.838989552688302e-05,2.03697830583e-05,1367.0,0.29721142823701535,0.5478322741404535,0.008196817439648866
100,65.0,0.16145812666666665,0.2265625,0.005364284126755529,30.098727593745316,4.551305158973794e-05,1.03115507508e-05,692.0,0.3122028450867052,0.6010601065751445,0.15270463075144508
100,66.0,0.10937485999999999,0.16796875,0.006550962209577259,16.69599922895267,5.686531227326512e-05,9.5515954209e-06,641.0,0.29865368162246486,0.8344383775351014,0.05550395307332294
100,67.0,0.08593739,0.1484375,0.005649597523422985,15.211241091725089,2.6602357884631578e-05,3.9487874985000005e-06,265.0,0.2984146252075472,0.5134876179245284,0.4964020310943396
100,68.0,0.21614555666666666,0.1953125,0.007527919453932902,28.712522495673504,0.0001888265478528,3.6880185127500006e-05,2475.0,0.30304452092121215,0.7868892045454545,0.3960880011636364
100,69.0,0.17187478,0.28125,0.011871925039166967,14.477414524852843,0.0002313178192832,6.50581366734e-05,4366.0,0.3215499383967018,0.6416449553366926,0.22476760842876778
100,70.0,0.23958302666666664,0.26953125,0.008092288656945912,29.606337196217492,0.00022899123443311304,6.17202936558e-05,4142.0,0.33841034051183,0.41375411184210525,0.4371254200676002
100,71.0,0.19270808666666667,0.33984375,0.011280976501059924,17.082571411132754,0.0002055979758230069,6.98711870961e-05,4689.0,0.32720195746641073,0.1616765968223502,0.29064291664747277
100,72.0,0.14062481999999998,0.25390625,0.014477602759407578,9.71326692249666,0.00027624135532032,7.01394066243e-05,4707.0,0.3271374339834289,0.8181514898024219,0.4649724360484385
100,73.0,0.13020816666666665,0.21875,0.009778055600196957,13.316365951533749,0.00013385431693028574,2.9280631828500002e-05,1965.0,0.33474687682442744,0.5690124045801527,0.08348817685496183
100,74.0,0.3229162533333333,0.3203125,0.007421814850149849,43.50906885353163,0.0001992936513923122,6.38362477116e-05,4284.0,0.36383561882352944,0.6498088818860878,0.3018313533893558
100,75.0,0.09895820666666666,0.16796875,0.007439274416268428,13.30213151571098,7.54064203311628e-05,1.2665922165e-05,850.0,0.35155240884705885,0.17480698529411764,0.06934035557647059
100,76.0,0.08854155333333333,0.1796875,0.010314752073230304,8.583973003396144,0.0002056608865502609,3.6954690552e-05,2480.0,0.3555851847096774,0.29754756804435484,0.2016572773548387
100,77.0,0.3541662133333333,0.33203125,0.009322331360098744,37.99116333165633,0.00028762670117376003,9.55010531241e-05,6409.0,0.3928148222312373,0.23338700947885785,0.011628515050709939
100,78.0,0.15885396333333332,0.234375,0.008028467733687409,19.78633639726581,0.00011380455240960001,2.6672941971000002e-05,1790.0,0.3805594307932961,0.6442082751396648,0.12184522753072627
100,79.0,0.1901039233333333,0.24609375,0.010693265860831944,17.777910491280263,0.00026182010354834287,6.44322911076e-05,4324.0,0.3715426861054579,0.8371100977104533,0.018027062719703977
100,80.0,0.11197902333333333,0.19140625,0.009041104019523051,12.385547505208397,0.0001127276195798204,2.15767709352e-05,1448.0,0.36761144453038674,0.8037136351864641,0.2049831812154696
100,81.0,0.10416653333333332,0.1796875,0.006465689016993213,16.110662461426987,6.800077700452173e-05,1.2218889618000001e-05,820.0,0.3701019488780488,0.867335175304878,0.3394856019512195
100,82.0,0.14322898333333334,0.25390625,0.010144288685934083,14.119174618121079,0.00019671999639552,4.9948436584800006e-05,3352.0,0.3724597509307876,0.20344197494033414,0.37234146830548925
100,83.0,0.10156237,0.1875,0.011345340995558194,8.951901052578553,0.0001635543078624,3.06664327242e-05,2058.0,0.3785294609912537,0.8647503644314869,0.24282937865889212
100,84.0,0.26302049666666666,0.3359375,0.009786644137697503,26.875453216238768,0.0002715074699100279,9.12095406729e-05,6121.0,0.38512871611828137,0.3391558007270054,0.4185142728050972
100,85.0,0.16406229,0.26171875,0.008745390506435071,18.759858679755805,0.0001859513056798567,4.86669432834e-05,3266.0,0.3992198808573178,0.6118436160440907,0.18967809200244948
100,86.0,0.09114571666666667,0.171875,0.009490389291628706,9.604001887158054,8.591694624523638e-05,1.4766975135900002e-05,991.0,0.3841024318062563,0.7755542066094854,0.4301061926942482
100,87.0,0.09895820666666666,0.16015625,0.0058460024771526675,16.927499954612554,7.6293554688e-05,1.2218889618000001e-05,820.0,0.3958188228292683,0.07626238567073171,0.47542513580487805
100,88.0,0.08333322666666666,0.1484375,0.00572062561095554,14.567152674189279,0.00011142874434694736,1.6540204239e-05,1110.0,0.4058917677837838,0.8417405686936937,0.15036208691891892
100,89.0,0.21874971999999998,0.3828125,0.010401480090435844,21.030633919218886,0.00022689547463079185,8.685842388210001e-05,5829.0,0.41461530985074624,0.7210666763166924,0.3936419708080289
100,90.0,0.1562498,0.26171875,0.009714159387439114,16.084747405116563,0.00014968339945877014,3.91749522021e-05,2629.0,0.41420333650817803,0.4378670002852796,0.30703284132369724
100,91.0,0.10156237,0.1953125,0.011204517927664732,9.064412289370832,0.00013313225293055999,2.6002393150500002e-05,1745.0,0.40737494207449854,0.4399847779369627,0.09033599724928366
100,92.0,0.11458318666666666,0.21875,0.009388231140960369,12.204981422618166,8.930433053211429e-05,1.95353223039e-05,1311.0,0.42335030590389017,0.6223928537376049,0.005753584622425629
100,93.0,0.12239567666666666,0.2109375,0.009228574641540033,13.262684804621323,9.995868507733333e-05,2.10850351335e-05,1415.0,0.42484845964664314,0.6730454946996467,0.4417419124240283
100,94.0,0.11979151333333332,0.2109375,0.010233921279613213,11.705338556000774,0.00012221097186133334,2.5778876877000003e-05,1730.0,0.42743748957225436,0.2736249096820809,0.38730934085549135
100,95.0,0.10156237,0.171875,0.010016124417971397,10.139887022346894,0.00010316969327127273,1.7732291031e-05,1190.0,0.42810749122689074,0.07906381302521008,0.12379662373109243
100,96.0,0.2838538033333333,0.29296875,0.010285955886308772,27.596249339466823,0.000312091501043712,9.14330569464e-05,6136.0,0.45662710576271187,0.4749003065922425,0.4820351725423729
100,97.0,0.18229143333333334,0.23046875,0.0076922772468513345,23.6979801277899,0.0001698501425130305,3.9145150032300005e-05,2627.0,0.4350015331861439,0.2674554506090598,0.07859021801294253
100,98.0,0.11458318666666666,0.21484375,0.012455226569748323,9.199606769496285,0.0002966432121823418,6.373194011730001e-05,4277.0,0.44210928437689967,0.8157861088379705,0.06594120364741642
100,99.0,0.12239567666666666,0.17578125,0.010937045860261724,11.190926529015918,0.00019726122417664001,3.4674824562300004e-05,2327.0,0.44033749273743017,0.9093605634937688,0.2997900710614525
100,100.0,0.10937485999999999,0.19921875,0.009223947468179186,11.857706299534104,0.00012812829331425882,2.5525558433700002e-05,1713.0,0.4433787631523643,0.653755290426153,0.14587172595446588
100,101.0,0.11458318666666666,0.19921875,0.0126673347594161,9.045563951919146,0.00029627330403840003,5.902319728890001e-05,3961.0,0.45265392751325423,0.07230950990911386,0.37329246380207015
100,102.0,0.08593739,0.14453125,0.006853615851551211,12.538985531345384,4.412654244116757e-05,6.3776643372e-06,428.0,0.44676707327102805,0.7279771466121495,0.3337827319626168
100,103.0,0.10416653333333332,0.1953125,0.0074665862004651366,13.95102534634157,8.834793632870401e-05,1.72554563142e-05,1158.0,0.44737917098445595,0.44866553324697755,0.4219818644559586
100,104.0,0.08593739,0.17578125,0.009002674180585516,9.545762545236398,8.553355186688e-05,1.50351946641e-05,1009.0,0.45063453145688803,0.1513139556491576,0.050997918255698715
100,105.0,0.25781217,0.3203125,0.009983599750481832,25.82356829635096,0.00030345296172550247,9.719977680270001e-05,6523.0,0.4615570187214472,0.36715456365935917,0.18404300960907558
100,106.0,0.09374988,0.15234375,0.004935456264314048,18.9951799751243,3.19846056192e-05,4.8726547623e-06,327.0,0.4487995009174312,0.8882836391437309,0.1588716785321101
100,107.0,0.14843731,0.17578125,0.006196218769943309,23.956111866166097,0.00010443739930623999,1.8358136596800002e-05,1232.0,0.46321760220779223,0.6663707386363636,0.2597522774025974
100,108.0,0.13281233,0.21875,0.007661067598377349,17.3360081078165,6.648438337097143e-05,1.4543458862400001e-05,976.0,0.4684086049180328,0.4021396324282787,0.31181280639344267
100,109.0,0.09635404333333333,0.1640625,0.006821590600316227,14.124864562946165,8.20155712896e-05,1.3455679664700001e-05,903.0,0.47163197714285715,0.8879213385935769,0.41630439176079737
100,110.0,0.08593739,0.12890625,0.004298486687487098,19.992475549630964,2.0460544211781817e-05,2.6374920273e-06,177.0,0.47290883525423727,0.3983712923728814,0.07765031322033898
100,111.0,0.11718735,0.19921875,0.01050382689678231,11.156633782293058,0.00012812829331425882,2.5525558433700002e-05,1713.0,0.4808882446234676,0.9090639594279043,0.34200693239929947
100,112.0,0.08593739,0.15234375,0.006902906429083716,12.44945022547658,8.72485266432e-05,1.3291767730800001e-05,892.0,0.4865962003587444,0.7761175728699552,0.46003420627802694
100,113.0,0.14322898333333334,0.24609375,0.010858696051999087,13.190256237715104,0.0001256421634742857,3.09197511675e-05,2075.0,0.4921024676240964,0.2320726656626506,0.09814075026506025
100,114.0,0.11979151333333332,0.21875,0.010171235429353656,11.777479163211703,0.00013201509730834284,2.88783025362e-05,1938.0,0.49123890625386996,0.6279246484778122,0.3996518890402477
100,115.0,0.09635404333333333,0.17578125,0.008989163233308528,10.718911297138556,7.934529687552e-05,1.39474154664e-05,936.0,0.49426247333333334,0.6758730635683761,0.13548309333333333
100,116.0,0.11458318666666666,0.1796875,0.008001494208727056,14.320223657937946,7.446914359763478e-05,1.3381174240200001e-05,898.0,0.494424280623608,0.3000287096325167,0.4909900083741648
110,1.0,0.20312474,0.3125,0.009850527895980812,20.62069587995162,0.0002272117425552,7.10036695485e-05,4765.0,0.008477319588667367,0.13090651232948583,0.11020843376285415
110,2.0,0.2838538033333333,0.3125,0.007530374916046122,37.69451142843932,0.00019755262317024,6.173519474070001e-05,4143.0,0.015459960724112962,0.14350825187062516,0.18803977477190442
110,3.0,0.08333322666666666,0.16015625,0.006703453866760202,12.43138661397872,5.042817883036097e-05,8.0763880158e-06,542.0,0.0067458314391143906,0.8646722209409594,0.2557470101845018
110,4.0,0.21354139333333333,0.359375,0.011562394568434655,18.468613233136107,0.00017622152577391307,6.3329610825e-05,4250.0,0.014209062889411764,0.8114558823529412,0.06080269360941176
110,5.0,0.09114571666666667,0.16015625,0.005911878029446039,15.417387877876651,3.758853182189268e-05,6.0200382996e-06,404.0,0.011815409108910891,0.6645846225247525,0.33301179445544554
110,6.0,0.10937485999999999,0.21484375,0.013660134094373607,8.006865763129642,0.00024843955717492364,5.337568611180001e-05,3582.0,0.02615719504187605,0.08798877198492462,0.41143983169179227
110,7.0,0.10677069666666666,0.16796875,0.0070521664287930075,15.140127185702378,7.443057253864187e-05,1.2502010231100001e-05,839.0,0.02336061883194279,0.6702827026221693,0.1663713708700834
110,8.0,0.27083298666666666,0.2734375,0.007772344389511428,34.845726475032244,0.00016048894182582856,4.3883695030500004e-05,2945.0,0.037245235721561964,0.5386751910016978,0.013684440774193549
110,9.0,0.09635404333333333,0.20703125,0.010422413072749583,9.244888171364115,0.00016079226525753964,3.3289023666600004e-05,2234.0,0.042845367878245305,0.5197655550581916,0.3255809075022381
110,10.0,0.15364563666666667,0.18359375,0.0064750224780064395,23.728973480563393,0.00011500847552435746,2.1114837303300002e-05,1417.0,0.05181625981651376,0.76583450952717,0.14059155963302752
110,11.0,0.10677069666666666,0.16796875,0.008022715830338568,13.308547744256924,0.0002719953938062884,4.56867263034e-05,3066.0,0.07319613416829746,0.4970441943900848,0.48026367185909985
110,12.0,0.08333322666666666,0.16015625,0.008802262618153702,9.467250669708607,0.00010960220417373658,1.7553478012200002e-05,1178.0,0.06302874091680816,0.05933321837860781,0.1103628859762309
110,13.0,0.09895820666666666,0.2109375,0.0081421091853653,12.153878609799907,0.00011076693865813333,2.33649011232e-05,1568.0,0.06636746602040816,0.7101054288903061,0.19332026602040817
110,14.0,0.10416653333333332,0.1796875,0.00817537153528487,12.741504515574736,0.00012190383194713044,2.1904594803e-05,1470.0,0.07144433240816327,0.7690130739795918,0.4897494902857143
110,15.0,0.0781249,0.14453125,0.00834256559764738,9.364613209877712,9.598553974936216e-05,1.38729100419e-05,931.0,0.07061231587540279,0.7443734895273899,0.3695445695381311
110,16.0,0.1562498,0.234375,0.007075422425998295,22.083458851286068,0.00012537574153728,2.9384939422800003e-05,1972.0,0.07704028356997972,0.8735064338235294,0.17557479139959434
110,17.0,0.09114571666666667,0.1484375,0.006992934581243918,13.033972448581592,2.28880664064e-05,3.3974473572e-06,228.0,0.07500666105263157,0.7299890350877193,0.0008651978947368421
110,18.0,0.15104147333333331,0.26171875,0.009753095534132087,15.48651633778693,0.00017553211127097312,4.59400447467e-05,3083.0,0.07592967810574117,0.1368771286084982,0.3524586541420694
110,19.0,0.08333322666666666,0.16015625,0.0073530168180134,11.333202239183944,0.00010281021698809757,1.6465698814500003e-05,1105.0,0.08855499105882353,0.14406815610859727,0.19885059388235293
110,20.0,0.11197902333333333,0.17578125,0.004577093688755713,24.46509312414248,4.009650151936e-05,7.048213157700001e-06,473.0,0.09070239729386892,0.18374240221987315,0.46837717040169136
110,21.0,0.10156237,0.17578125,0.00848722677761208,11.966496555495015,0.0001246128059904,2.1904594803e-05,1470.0,0.09194146318367348,0.19903008078231293,0.06103034971428571
110,22.0,0.11979151333333332,0.19921875,0.00668506641661789,17.91927048556359,7.38252338010353e-05,1.47073707963e-05,987.0,0.11289706407294833,0.696199024822695,0.1971028547112462
110,23.0,0.08854155333333333,0.15625,0.007893845133214304,11.216530326999205,8.001286547904002e-05,1.2502010231100001e-05,839.0,0.11386293854588796,0.9246917833730631,0.30909811737783077
110,24.0,0.12499984,0.19921875,0.008994323778475057,13.89763622910105,9.820925226014118e-05,1.95651244737e-05,1313.0,0.118630099009901,0.3312041841203351,0.4141715168316832
110,25.0,0.0781249,0.12890625,0.007242278893097481,10.787336576399976,7.086052882385455e-05,9.134365043700001e-06,613.0,0.12012484541598695,0.048550927814029365,0.03684801435562806
110,26.0,0.09374988,0.16015625,0.006360039228102789,14.740456251551416,4.549701005174635e-05,7.286630516100001e-06,489.0,0.12220779680981594,0.24143660531697342,0.16413796809815953
110,27.0,0.16145812666666665,0.2421875,0.011798670831354911,13.684433524290927,0.00023035731350957422,5.57896618656e-05,3744.0,0.1416079816666667,0.38844964443108976,0.18892888666666666
110,28.0,0.16927061666666665,0.30859375,0.00872397848176195,19.40291542677896,0.00010280315058908355,3.1724409752100004e-05,2129.0,0.14272545953968999,0.7805050786754345,0.09971737183654297
110,29.0,0.09635404333333333,0.12890625,0.007731034173605425,12.463279966126176,0.00010334308771374545,1.3321569900600002e-05,894.0,0.14169295731543624,0.6282595777404921,0.47501451382550336
110,30.0,0.16406229,0.27734375,0.010679857962840317,15.361841943108342,0.0002194782893665352,6.08709318165e-05,4085.0,0.15009237127050185,0.3058388157894737,0.25987540570869033
110,31.0,0.10677069666666666,0.10546875,0.007135985441492438,14.962291829499076,0.00011853757848746666,1.2502010231100001e-05,839.0,0.1524970023361144,0.9544658820023838,0.4068449060309893
110,32.0,0.14062481999999998,0.23046875,0.009602214825268277,14.645039978687528,0.0001280179985442712,2.9504148102e-05,1980.0,0.16264162909090907,0.5105843592171717,0.3870886555151515
110,33.0,0.13020816666666665,0.203125,0.008490946019386356,15.334942227801001,0.000107471209248,2.1830089378500003e-05,1465.0,0.1703587255699659,0.8258959044368601,0.07417456480546075
110,34.0,0.10677069666666666,0.18359375,0.008035839559935297,13.286812892457295,0.0001288874094090894,2.36629228212e-05,1588.0,0.18281227798488664,0.26162773535894207,0.31640912977329977
110,35.0,0.15104147333333331,0.26171875,0.010626310112430095,14.213915435862633,0.00019904646805167763,5.2094192810400004e-05,3496.0,0.17864958466819222,0.8597079698226545,0.25822860988558355
110,36.0,0.09114571666666667,0.16796875,0.00900224154620314,10.124780167125047,0.00010184302416491164,1.71064454652e-05,1148.0,0.18825831052264808,0.3944461835801394,0.07672801296167248
110,37.0,0.39843699,0.3984375,0.008767951950342077,45.44242398413864,0.0002570419614561882,0.0001024151565177,6873.0,0.19728899051942383,0.19024909519132838,0.3619600529375819
110,38.0,0.32031209,0.3671875,0.010023657333793196,31.955610545476027,0.00027242480458539576,0.00010003098293370001,6713.0,0.20091154528824667,0.7723505232384925,0.35256710911961864
110,39.0,0.13281233,0.21875,0.008776389475339444,15.132912044660966,9.877290562285714e-05,2.1606573105e-05,1450.0,0.19677616651034482,0.27455280172413793,0.21455359944827584
110,40.0,0.11979151333333332,0.19140625,0.00910050268465988,13.163175429337327,0.00012308174485890612,2.35586152269e-05,1581.0,0.20024977396584442,0.7429731973434535,0.1592947870967742
110,41.0,0.19270808666666667,0.16015625,0.008782185635070007,21.94306687131768,0.00022674072289592196,3.6313943901300006e-05,2437.0,0.20992473572425113,0.06738561756257694,0.48311228651620847
110,42.0,0.08854155333333333,0.18359375,0.010673354780448488,8.29556921461322,0.00016508626620786386,3.03088066866e-05,2034.0,0.20342791457227138,0.6566264134709932,0.07960644412979351
110,43.0,0.13541649333333333,0.15234375,0.009118534751304908,14.85068566679033,0.00023249971729920002,3.54198788073e-05,2377.0,0.22711819355490112,0.8845593842027766,0.19025459419436266
110,44.0,0.14322898333333334,0.25390625,0.011708778776373843,12.232615037730751,0.00017271687034368,4.38538928607e-05,2943.0,0.22941163025484199,0.8175410932721713,0.4135404752701325
110,45.0,0.12760400333333333,0.17578125,0.008630021077044546,14.786059291645769,0.00018259590755328,3.20969368746e-05,2154.0,0.24478922651810586,0.18291006557567316,0.27306684969359335
110,46.0,0.11718735,0.20703125,0.008338638278678801,14.05353561140051,0.00010098099738421133,2.09062221147e-05,1403.0,0.24768568541696365,0.1879399055595153,0.050101773913043476
110,47.0,0.21354139333333333,0.23828125,0.008788688189839413,24.29729997477987,0.0001943609573527082,4.6312571869200005e-05,3108.0,0.2552667511969112,0.8725114623552124,0.05813674084942085
110,48.0,0.09114571666666667,0.14453125,0.005676713701445064,16.056070723359646,6.546811787416216e-05,9.462188911500001e-06,635.0,0.25270604598425195,0.5679502952755906,0.24953799307086613
110,49.0,0.13281233,0.21875,0.009153502608481384,14.509454542236078,0.00010047588675428573,2.1979100227500003e-05,1475.0,0.26364736531525423,0.12825741525423728,0.2986618413559322
110,50.0,0.11718735,0.15625,0.008233896296300133,14.232308227231092,0.00014524385473728,2.2694352302700003e-05,1523.0,0.26961135222586996,0.3700036933683519,0.021086770952068287
110,51.0,0.09635404333333333,0.1640625,0.009854745458306686,9.777425884918756,0.0001676641689929143,2.75074027254e-05,1846.0,0.2657184845070423,0.5996453480498375,0.3500137047887324
110,52.0,0.08072906333333332,0.14453125,0.007273613392400739,11.098893902950179,5.886975638763243e-05,8.5085194779e-06,571.0,0.2692432358669002,0.4990764557793345,0.06570145176882662
110,53.0,0.13020816666666665,0.1796875,0.009630785405989157,13.519994598331854,0.000123977026368,2.22771219255e-05,1495.0,0.27774280904347826,0.6672031772575251,0.08902177252173914
110,54.0,0.08072906333333332,0.15234375,0.008842317971906965,9.129853007980328,9.23347636224e-05,1.40666241456e-05,944.0,0.279391333220339,0.788818359375,0.3246006818644068
110,55.0,0.3619787033333333,0.54296875,0.010504983308160012,34.45780851952018,0.00017135861707621294,9.304237411560001e-05,6244.0,0.29598745345291483,0.28956923646700833,0.10364829978219091
110,56.0,0.12499984,0.2109375,0.00814449695798612,15.347766798222066,0.00012581372305493332,2.6538832206900003e-05,1781.0,0.2966878108029197,0.5398411180516564,0.011311865693430657
110,57.0,0.09895820666666666,0.16796875,0.007003598899186398,14.12962222581915,0.00010210916447196279,1.71511487199e-05,1151.0,0.300252747315378,0.7921169092093832,0.3975897320590791
110,58.0,0.09895820666666666,0.19921875,0.007886407159365455,12.547945429009387,9.454416973101178e-05,1.8834971313600002e-05,1264.0,0.3182272188607595,0.33605184434335444,0.1234730324050633
110,59.0,0.2291663733333333,0.26171875,0.01028812273162607,22.274848318913165,0.0002398122778700418,6.27633695988e-05,4212.0,0.31860293185185184,0.6353109419515669,0.22549215555555555
110,60.0,0.2526038433333333,0.2734375,0.00948625238135951,26.628412694321728,0.00026076047084434286,7.130169124650001e-05,4785.0,0.3441830106081505,0.4328467868338558,0.4388046335799373
110,61.0,0.17447894333333333,0.3046875,0.01288834901854308,13.537726444426838,0.0002568060613248,7.824559680990001e-05,5251.0,0.32664713857170063,0.8125795979337269,0.4645516935288517
110,62.0,0.26302049666666666,0.31640625,0.01016878688946359,25.865474370320012,0.00020123602418631114,6.36723357777e-05,4273.0,0.3304264921881582,0.1568359832085186,0.29182483287619937
110,63.0,0.21093723,0.3203125,0.008514178013898241,24.77482026517106,0.00014416690608421462,4.6178462105100005e-05,3099.0,0.34763204104549855,0.2649266900613101,0.19332484693126814
110,64.0,0.10937485999999999,0.21484375,0.01324526805600708,8.2576554538204,0.00027881826349614543,5.9902361298000005e-05,4020.0,0.33667513313432834,0.08215465640547263,0.4059331570149254
110,65.0,0.12760400333333333,0.2421875,0.0094520133020311,13.500192948936402,0.00014575760569021935,3.53006701281e-05,2369.0,0.3415824676741241,0.5675060679611651,0.08370467174335162
110,66.0,0.09635404333333333,0.16796875,0.008960307719040262,10.7534301672012,0.00010273015852174884,1.72554563142e-05,1158.0,0.3398985388601036,0.6697464648100173,0.2927875303626943
110,67.0,0.08593739,0.171875,0.009862957173969294,8.713146420914141,9.432657670516364e-05,1.62123803712e-05,1088.0,0.3574083939705882,0.16913200827205882,0.0021308395588235294
110,68.0,0.12760400333333333,0.25,0.010451283894282655,12.209409353346409,0.00016349470352280002,4.0873675880700006e-05,2743.0,0.37064136796208536,0.6196013147101713,0.307860272985782
110,69.0,0.11718735,0.23046875,0.012274122394052426,9.547513560463152,0.000209807275392,4.8354020500500005e-05,3245.0,0.3691324573682589,0.6871352561633282,0.17299888300770416
110,70.0,0.11197902333333333,0.15625,0.005363506487442623,20.87795057123649,4.615760058624e-05,7.2121250916000005e-06,484.0,0.36510027272727275,0.856574444731405,0.34512921719008266
110,71.0,0.21093723,0.23046875,0.008154303663582512,25.86820882597924,0.0001951951200026034,4.49863753131e-05,3019.0,0.37201339945677375,0.8334040659158661,0.01893019023517721
110,72.0,0.14062481999999998,0.26171875,0.011153114860684855,12.608569153690661,0.00014939872201590447,3.9100446777600005e-05,2624.0,0.3640283709146342,0.2379075957507622,0.3776704377439024
110,73.0,0.23697886333333332,0.35546875,0.009712392065874263,24.399639319132202,0.00018851215133622857,6.70101787953e-05,4497.0,0.38537789448965976,0.32276031243050923,0.4292316709272848
110,74.0,0.10416653333333332,0.1640625,0.006516381956823964,15.985332662130094,7.574860072594287e-05,1.24275048066e-05,834.0,0.3756711568345324,0.7951326438848921,0.20584104978417267
110,75.0,0.08072906333333332,0.13671875,0.0071324565974819586,11.318549538995288,5.787411077046857e-05,7.9124760819e-06,531.0,0.37657698440677967,0.6344382650659134,0.46796534508474574
110,76.0,0.11718735,0.20703125,0.012377304157570644,9.467921973002637,0.00016662224443652831,3.4496011543500005e-05,2315.0,0.38445079091144707,0.2522813174946004,0.32058756347300216
110,77.0,0.14843731,0.203125,0.009000048795126505,16.49294502496234,0.0002862475484544,5.81440332798e-05,3902.0,0.40250289385955923,0.2343810065351102,0.015347158462327011
110,78.0,0.14843731,0.234375,0.00947576886242267,15.664935706552155,9.562125520896e-05,2.2411231689600003e-05,1504.0,0.3862736329787234,0.6554266747007979,0.11688332361702128
110,79.0,0.0781249,0.1328125,0.0072727324444501985,10.742166111117822,0.00011847940257430588,1.57355456544e-05,1056.0,0.39539582727272726,0.10733679569128787,0.4773417881818182
110,80.0,0.1562498,0.22265625,0.010809001324463526,14.455526029621891,0.00017788444593044207,3.96070836642e-05,2658.0,0.40882887133182844,0.4442396773890143,0.0902168025282167
110,81.0,0.14583314666666666,0.26953125,0.011992426842395256,12.160436630817863,0.00015645707229495654,4.2170070267e-05,2830.0,0.40316537690459364,0.622969578180212,0.19098614976678446
110,82.0,0.0781249,0.16015625,0.009214477519904802,8.478494828517107,7.368840891816585e-05,1.18016592408e-05,792.0,0.4024487606060606,0.8502752130681818,0.1585405703030303
110,83.0,0.17708310666666666,0.3046875,0.0120326614640174,14.716869347335823,0.0001798278208896,5.47912891773e-05,3677.0,0.41168178876257816,0.4564342109736198,0.31154468364427523
110,84.0,0.17187478,0.29296875,0.013633210185424025,12.60706595602555,0.00023778157877760002,6.966257190750001e-05,4675.0,0.41001023045133694,0.7574122660427808,0.39795143779251335
110,85.0,0.12760400333333333,0.22265625,0.008983108179717527,14.20488329656805,9.704004762947368e-05,2.1606573105e-05,1450.0,0.42577881302068965,0.27283943965517243,0.3899922667034483
110,86.0,0.11718735,0.203125,0.00946957033553262,12.375149647527142,0.0001109924502336,2.2545341453700003e-05,1513.0,0.4287208125842697,0.6897229221744877,0.4485889354659617
110,87.0,0.11197902333333333,0.203125,0.008529010842782006,13.129192282373491,7.225879939200001e-05,1.46775686265e-05,985.0,0.42454880211167517,0.566660057106599,0.006327315654822335
110,88.0,0.08072906333333332,0.13671875,0.00406282234702106,19.870192796523686,3.651191545782857e-05,4.9918634415000004e-06,335.0,0.42876522698507463,0.5108908582089552,0.4969145394626866
110,89.0,0.10937485999999999,0.19921875,0.009229487133479647,11.850589140890229,0.00012558517482465884,2.5018921547100003e-05,1679.0,0.4363018815008934,0.6025791952054794,0.40270100526503877
110,90.0,0.13281233,0.26171875,0.014137256081149836,9.394491352327394,0.0003113232515178985,8.14791322332e-05,5468.0,0.44029461340160936,0.83338643585406,0.06712546253108997
110,91.0,0.09635404333333333,0.171875,0.010689912869839542,9.013548052873851,0.00016073664817221816,2.7626611404600003e-05,1854.0,0.43619680000000005,0.9060751247303128,0.2933514604530745
110,92.0,0.14062481999999998,0.1796875,0.009249674698970131,15.203217905128847,0.00012729413744139132,2.2873165321500002e-05,1535.0,0.4347772359087948,0.07501526872964169,0.12418280505537459
110,93.0,0.10937485999999999,0.19921875,0.007789417261000179,14.041468871826236,6.0960046147764706e-05,1.2144384193500001e-05,815.0,0.4353971790920246,0.23052626533742332,0.08901673914110429
110,94.0,0.09635404333333333,0.171875,0.007720755626191435,12.479872178115258,0.00010533712380218182,1.81048181535e-05,1215.0,0.4438629969382716,0.6580407664609054,0.14216141590123457
110,95.0,0.11979151333333332,0.21875,0.012298726043245788,9.740156249688999,0.0001902570520032,4.1618730125700005e-05,2793.0,0.44597848369495163,0.08418647064088794,0.36691453576799143
110,96.0,0.11458318666666666,0.1953125,0.004962655525027045,23.089087301912258,3.5857970703360004e-05,7.003509903000001e-06,470.0,0.43874139676595747,0.7124667553191489,0.21867879523404257
110,97.0,0.12239567666666666,0.2109375,0.007124065118791464,17.180594874661956,6.463759494399999e-05,1.36344926835e-05,915.0,0.4488867436065574,0.4777493169398907,0.4219144765901639
110,98.0,0.16927061666666665,0.25,0.006614905542004705,25.58927192411091,8.5234205628e-05,2.1308551407000003e-05,1430.0,0.45876057163636363,0.7601343968531469,0.020211377454545456
110,99.0,0.2343747,0.35546875,0.009025446196002105,25.968211976469174,0.0001929975416393143,6.86045948796e-05,4604.0,0.47214173087749783,0.49302406874456994,0.47572980406602955
110,100.0,0.10677069666666666,0.1796875,0.006307780224561955,16.926825739887185,6.053727708939131e-05,1.0877791977e-05,730.0,0.44538627419178084,0.8835027825342465,0.1577799899178082
110,101.0,0.42968694999999996,0.45703125,0.009474431427441154,45.352267657506225,0.0002463890567424,0.00011260749858930002,7557.0,0.46215466162763,0.3448887413987032,0.18744240215958713
110,102.0,0.08854155333333333,0.171875,0.004667660040416131,18.969152116193893,3.190457741498182e-05,5.483599243200001e-06,368.0,0.45559177695652175,0.158447265625,0.05425215391304348
110,103.0,0.14843731,0.1953125,0.007163585042468688,20.721092737784552,0.000160521639063552,3.13518826296e-05,2104.0,0.47158657939163495,0.6560309232414449,0.26329709954372627
110,104.0,0.14322898333333334,0.2421875,0.00816465662125541,17.54256057265887,7.777020413357419e-05,1.8834971313600002e-05,1264.0,0.46457833253164554,0.4026527887658228,0.31128468075949367
110,105.0,0.08072906333333332,0.109375,0.005258041234611567,15.353448124736342,4.114402413531429e-05,4.5001276398e-06,302.0,0.47169141456953645,0.8724001448675497,0.41865321218543045
110,106.0,0.11197902333333333,0.203125,0.007727695460950831,14.490610285974599,9.4266555552e-05,1.91478940965e-05,1285.0,0.47549124382879376,0.8896856760700389,0.34159688815564204
110,107.0,0.10416653333333332,0.1875,0.01002831544054986,10.38724140169466,0.0001018042120368,1.90882897569e-05,1281.0,0.48845533864168617,0.3088529469164715,0.49260095400468384
110,108.0,0.13281233,0.23828125,0.010326838323285495,12.860889833099044,0.00013382639920681968,3.1888321686000005e-05,2140.0,0.4896188911401869,0.6349883177570094,0.395511363364486
110,109.0,0.12239567666666666,0.23828125,0.010781368522573139,11.352517670683893,9.336580094195409e-05,2.2247319755700002e-05,1493.0,0.4944232361152043,0.2106444658405894,0.09775018931011387
110,110.0,0.0781249,0.13671875,0.00457578719529476,17.073543122882793,1.8528434709942857e-05,2.5331844330000003e-06,170.0,0.49759753129411766,0.202734375,0.3409917741176471
120,1.0,0.24999968,0.296875,0.009236650405794113,27.066054144820317,0.00021522813322509475,6.38958520512e-05,4288.0,0.008308958731343285,0.131379540286847,0.10737013018656717
120,2.0,0.10416653333333332,0.1875,0.009353421268574927,11.13673065098713,0.0001019631569424,1.9118091926700002e-05,1283.0,0.0030887610911925177,0.18479942030397506,0.1713737209664848
120,3.0,0.13020816666666665,0.22265625,0.010886937685943803,11.96003600119612,0.00014000536526955789,3.11730696108e-05,2092.0,0.009414561223709369,0.8461195178059273,0.2539504134608031
120,4.0,0.11979151333333332,0.22265625,0.014761990786887275,8.114861678395117,0.0002990841192111158,6.659294841810001e-05,4469.0,0.02650544232714254,0.08726784515551578,0.40882879158648466
120,5.0,0.15104147333333331,0.2421875,0.007688683438609588,19.644647167402105,7.647813586869677e-05,1.85220485307e-05,1243.0,0.02155659958165728,0.11930875402252615,0.1992276677715205
120,6.0,0.15364563666666667,0.23046875,0.011536866030351376,13.317796727677448,0.00022868669739953897,5.27051372913e-05,3537.0,0.04094594320610687,0.5567770179530676,0.015190381136556404
120,7.0,0.11197902333333333,0.20703125,0.010572338407631544,10.59169873454886,0.00015222723411803776,3.15157945635e-05,2115.0,0.04020933855319149,0.5371657062647754,0.3197714553191489
120,8.0,0.13281233,0.23046875,0.010169691362871332,13.05962248617361,0.00011094893207170169,2.5570261688400002e-05,1716.0,0.04553068727272727,0.29088359557109555,0.34107553090909093
120,9.0,0.08072906333333332,0.140625,0.005279660745199677,15.29057779076677,3.4755952691200006e-05,4.887555847200001e-06,328.0,0.038651530243902436,0.5369902820121951,0.20757854634146342
120,10.0,0.12499984,0.21875,0.011591423889563768,10.783820968927076,0.0001429141765494857,3.12624761202e-05,2098.0,0.049933961182078164,0.22534296055767397,0.07955566055290754
120,11.0,0.11979151333333332,0.234375,0.01172242654466283,10.219003111422683,0.00019651948128384002,4.6059253425900003e-05,3091.0,0.06251184559042382,0.5301720215949531,0.13848069429957943
120,12.0,0.1901039233333333,0.15625,0.00814250294313392,23.34711140554594,0.00022096520776512,3.45258137133e-05,2317.0,0.07333683211048769,0.4843429677384549,0.48033517652136387
120,13.0,0.09114571666666667,0.16796875,0.00491534797028665,18.54308529480392,4.905852993309767e-05,8.2402999497e-06,553.0,0.06229499197106691,0.7121524638336347,0.19789025967450272
120,14.0,0.13020816666666665,0.203125,0.006087594366351009,21.389100329415555,7.87877670528e-05,1.60037651826e-05,1074.0,0.06962672759776536,0.7300250232774674,0.4909805430167598
120,15.0,0.11458318666666666,0.18359375,0.008126523208439932,14.099902717027183,0.00018204940762253614,3.34231334307e-05,2243.0,0.07221493578243425,0.8178081810075791,0.1650242724208649
120,16.0,0.0781249,0.171875,0.007547660930735858,10.350875684128438,0.0001068109765632,1.8358136596800002e-05,1232.0,0.08229578922077922,0.27714399857954547,0.278744467012987
120,17.0,0.0781249,0.13671875,0.008501675925719933,9.189352862022234,0.00014615665262372575,1.9982354850900003e-05,1341.0,0.07788885261744967,0.4984532298657718,0.21932037440715885
120,18.0,0.19791641333333332,0.23828125,0.008896206788498298,22.247281120894684,0.00017516249727958033,4.17379388049e-05,2801.0,0.08861349369510889,0.10469056810067832,0.19870572903962871
120,19.0,0.21614555666666666,0.26171875,0.006605046529606594,32.724304923184334,0.00011945065502643582,3.12624761202e-05,2098.0,0.0804372642897998,0.13052982006673022,0.3414962361105815
120,20.0,0.09895820666666666,0.12890625,0.008901896973748375,11.116530213559384,0.00013767518732334545,1.7747192115900003e-05,1191.0,0.10254945934508816,0.05649467359361881,0.4182415431738035
120,21.0,0.16927061666666665,0.2734375,0.01006080271376663,16.824762544547898,0.0001582546305813943,4.3272750549600004e-05,2904.0,0.0976048852892562,0.24468271134641872,0.014102279669421488
120,22.0,0.08333322666666666,0.13671875,0.006651018297353302,12.529393686952895,7.215190457636572e-05,9.8645182038e-06,662.0,0.09336031613293051,0.1774511423716012,0.46817348519637464
120,23.0,0.0781249,0.14453125,0.006173709919529478,12.65444943450699,4.2992449060670266e-05,6.2137524033e-06,417.0,0.09039151769784173,0.18279751199040767,0.058270421870503596
120,24.0,0.09895820666666666,0.18359375,0.009968546176268304,9.927045019087364,0.00010981402073708936,2.0161167869700002e-05,1353.0,0.11567869268292683,0.69406815872136,0.19718428133037694
120,25.0,0.09114571666666667,0.16015625,0.008239897356361511,11.06151117238114,7.945694597994147e-05,1.2725526504600002e-05,854.0,0.11431012159250585,0.32951094115925056,0.4139974032786885
120,26.0,0.09374988,0.18359375,0.006245247595686864,15.011395235113845,6.144066053065531e-05,1.12801212693e-05,757.0,0.11180773474240423,0.38205395475561427,0.3076667115455746
120,27.0,0.08593739,0.125,0.006860472177823128,12.526454123347015,7.65319720464e-05,9.5664965058e-06,642.0,0.12193614130841123,0.4675330996884735,0.2240094781308411
120,28.0,0.16145812666666665,0.1953125,0.008026502878128722,20.115625586657558,0.00016364967480576,3.19628271105e-05,2145.0,0.138992032,0.10032597610722611,0.15514055563636364
120,29.0,0.16145812666666665,0.28515625,0.01392878283114708,11.591689570004592,0.000251925498048526,7.18381303029e-05,4821.0,0.146083328836341,0.3855860104231487,0.19759853998755444
120,30.0,0.19791641333333332,0.3125,0.010237997083377314,19.331555940241056,0.00023169398889312,7.24043715291e-05,4859.0,0.1486799033875283,0.3009243478596419,0.2599205182300885
120,31.0,0.13541649333333333,0.234375,0.010138992709556134,13.356010524171845,0.00013681977474048,3.2067134704800005e-05,2152.0,0.1428173620817844,0.7309189126394052,0.09496955241635688
120,32.0,0.15885396333333332,0.24609375,0.007892274697233205,20.12777930664562,0.00011353207542857144,2.79395341875e-05,1875.0,0.15248815129600002,0.7289125,0.011332262656
120,33.0,0.20312474,0.3046875,0.00866080898874699,23.453321769816245,0.0001082292541824,3.2976100883700005e-05,2213.0,0.1642156465973791,0.3439529908495255,0.43629947192047
120,34.0,0.09374988,0.1640625,0.009605407400792344,9.760114911135016,0.00011307794712685714,1.8551850700500002e-05,1245.0,0.15342738081927712,0.08221322791164659,0.46315769985542166
120,35.0,0.09374988,0.15234375,0.009031759853412525,10.380023552616704,0.00022447911283199999,3.4197989845500004e-05,2295.0,0.15757040271895426,0.059689882897603484,0.21211989542483659
120,36.0,0.08333322666666666,0.1640625,0.009978946269828294,8.35090443553421,0.00011861831240777143,1.9460816879400003e-05,1306.0,0.15456566958652374,0.39386425631699845,0.1217290265237366
120,37.0,0.10416653333333332,0.17578125,0.005923412779293327,17.585560421767628,3.8146777344e-05,6.705488205000001e-06,450.0,0.1550386656,0.11358506944444445,0.29423101760000003
120,38.0,0.16666645333333333,0.2734375,0.007131100032091829,23.371773300513297,7.362328027392001e-05,2.01313656999e-05,1351.0,0.16708211529237602,0.515419712250185,0.3934199541672835
120,39.0,0.16927061666666665,0.26171875,0.00833556253153586,20.30704178947331,0.0001464380766101015,3.8325590362800004e-05,2572.0,0.17982980304821153,0.7947669615085536,0.2500958009953344
120,40.0,0.11197902333333333,0.18359375,0.006991026555073564,16.017536545053936,5.949273998542979e-05,1.09224952317e-05,733.0,0.17541842030013644,0.8545308236698499,0.07166325020463847
120,41.0,0.12499984,0.20703125,0.007101946477487295,17.600785981173093,9.212806603833963e-05,1.9073388672000002e-05,1280.0,0.18335219175,0.5497528076171875,0.1906184085
120,42.0,0.08072906333333332,0.11328125,0.004545233804174885,17.761256474679502,5.735170662753104e-05,6.4968730164e-06,436.0,0.187199384587156,0.11828053325688073,0.09918803449541284
120,43.0,0.13281233,0.22265625,0.00739570284151795,17.95804034397096,9.315844572429474e-05,2.0742310180800003e-05,1392.0,0.19603319517241377,0.10371486619971264,0.33276282
120,44.0,0.16406229,0.234375,0.00714352209765741,22.966582556495666,0.00012531216357504,2.9370038337900002e-05,1971.0,0.20181843628614915,0.3199617104261796,0.3777300388432268
120,45.0,0.1901039233333333,0.30078125,0.013124913488153082,14.48420391531925,0.000270198082641787,8.12705170446e-05,5454.0,0.19836952448844886,0.810084198524019,0.35480498244224423
120,46.0,0.13802065666666666,0.25,0.004641096811898328,29.7388014645212,4.45840460208e-05,1.11460115052e-05,748.0,0.19581855786096258,0.2409289354946524,0.21908627486631016
120,47.0,0.09114571666666667,0.1640625,0.007826876191325563,11.645222747701364,7.765593959314286e-05,1.2740427589500001e-05,855.0,0.2010457207017544,0.7293631213450292,0.32079139368421056
120,48.0,0.09895820666666666,0.17578125,0.008402188530624004,11.777670342195636,8.748327604224e-05,1.53779196168e-05,1032.0,0.20226525860465117,0.07711058624031007,0.4936624353488372
120,49.0,0.15364563666666667,0.2109375,0.009163854561182386,16.76648572288583,0.00018536508101973335,3.9100446777600005e-05,2624.0,0.2084561105487805,0.6343547541920732,0.08508204567073172
120,50.0,0.15364563666666667,0.23828125,0.009578009093348938,16.041500396294225,0.00012181954469854427,2.90273133852e-05,1948.0,0.21250707597535934,0.35957552618069816,0.11818381256673512
120,51.0,0.09114571666666667,0.15234375,0.008124503661587595,11.218619679821282,9.1454453376e-05,1.3932514381500001e-05,935.0,0.22534827003208555,0.07821691176470588,0.46416366802139036
120,52.0,0.17447894333333333,0.2421875,0.008419240570226761,20.723833922782653,0.00014077391381140647,3.40936822512e-05,2288.0,0.22827431454545455,0.43977409309440557,0.27912543272727275
120,53.0,0.2343747,0.203125,0.009108799767110997,25.73057987796077,0.00024318570556800003,4.9397096443500004e-05,3315.0,0.2287907745882353,0.8961880184766214,0.18959580988235294
120,54.0,0.15364563666666667,0.24609375,0.010182195409697978,15.089637399840873,0.0001862531541430857,4.5835737152400004e-05,3076.0,0.2345985389336801,0.778316502763329,0.413202346579974
120,55.0,0.12760400333333333,0.25,0.013766200006105156,9.269370144029752,0.0002147544355788,5.3688608894700006e-05,3603.0,0.2441719828143214,0.17790079447682486,0.27296302068276435
120,56.0,0.12760400333333333,0.21875,0.006069988895078423,21.022114791148184,6.662062186148571e-05,1.4573261032200001e-05,978.0,0.25299294576687115,0.8369799654907976,0.05595549006134969
120,57.0,0.08854155333333333,0.17578125,0.007618239928780546,11.622310948600722,5.5948606771199996e-05,9.834716034e-06,660.0,0.2510883723636364,0.5521602746212121,0.24281424581818184
120,58.0,0.08333322666666666,0.140625,0.006108581842501023,13.641992333943705,3.66632915584e-05,5.1557753754e-06,346.0,0.2652969183815029,0.12566609465317918,0.006373041849710982
120,59.0,0.09374988,0.16796875,0.007982543638092442,11.744361728588439,9.368138808200932e-05,1.57355456544e-05,1056.0,0.26359906772727276,0.8433911872632576,0.12328330181818183
120,60.0,0.10416653333333332,0.1796875,0.008305039760818029,12.542568889889715,8.218142684326957e-05,1.4766975135900002e-05,991.0,0.2652360610292634,0.11010027749747729,0.2970831509182644
120,61.0,0.10937485999999999,0.18359375,0.008142949110406566,13.431848648080162,0.00010948936731288511,2.01015635301e-05,1349.0,0.268818228613788,0.6921764964788732,0.09309244607857672
120,62.0,0.09895820666666666,0.17578125,0.00878170050129518,11.268683855942443,8.64660286464e-05,1.5199106598000002e-05,1020.0,0.27482504705882355,0.4935814950980392,0.07117399058823529
120,63.0,0.0781249,0.13671875,0.005474156632001093,14.271586520431956,5.068071847131429e-05,6.929004478500001e-06,465.0,0.276431584,0.474588373655914,0.39572731354838714
120,64.0,0.09114571666666667,0.16796875,0.0047607974383867754,19.145052451034744,4.2937302870920935e-05,7.2121250916000005e-06,484.0,0.27302519206611575,0.7999096074380165,0.3275632433057851
120,65.0,0.08333322666666666,0.14453125,0.006960664850511267,11.972021129640476,5.4745780458551354e-05,7.9124760819e-06,531.0,0.2818193997740113,0.350878354519774,0.3191089111864407
120,66.0,0.13020816666666665,0.25390625,0.00883605138399389,14.736012841950297,0.00013844345808384001,3.5151659279100004e-05,2359.0,0.2919877142518016,0.5427683870284019,0.01173279504874947
120,67.0,0.42968694999999996,0.421875,0.010309296752291624,41.67955975314088,0.00031114348298453333,0.00013126365688410002,8809.0,0.3036938636757861,0.3035443154728119,0.11305502864797366
120,68.0,0.15104147333333331,0.26171875,0.012018181561969815,12.567747670852892,0.00018196582147973734,4.76238673404e-05,3196.0,0.3079280680851064,0.542289189612015,0.3241384751939925
120,69.0,0.11458318666666666,0.1875,0.007301073680681855,15.69401867150663,9.82279516608e-05,1.8417740936400003e-05,1236.0,0.3146403631067961,0.35055117313915857,0.04351538718446602
120,70.0,0.12239567666666666,0.25390625,0.010972733220144228,11.154529524327383,0.00018568677464064,4.71470326236e-05,3164.0,0.3192863537294564,0.623982695954488,0.23087433982300887
120,71.0,0.0781249,0.140625,0.009514147584733571,8.2114450405793,0.00012768574083200002,1.79558073045e-05,1205.0,0.3198740514522822,0.3402327541493776,0.1959538552033195
120,72.0,0.2864579666666667,0.3203125,0.009609990425879867,29.808350890260048,0.00022180955411730733,7.10483728032e-05,4768.0,0.3276526748657718,0.1672822069001678,0.29159041137583896
120,73.0,0.21093723,0.33203125,0.00909556981693345,23.19120563587923,0.00020464624081016473,6.794894714400001e-05,4560.0,0.32392538031578944,0.7951668722587719,0.4635670355789474
120,74.0,0.2942704566666667,0.34765625,0.008482884475714,34.6899050092154,0.00022129417014277755,7.693430133870001e-05,5163.0,0.3454393272748402,0.19742185986829364,0.17559051927948865
120,75.0,0.15364563666666667,0.2265625,0.008960975454434621,17.146083866419954,0.0001522582578471724,3.4496011543500005e-05,2315.0,0.33290529651835854,0.09922887419006479,0.40011709124838013
120,76.0,0.08333322666666666,0.16015625,0.007716169129763029,10.799818571268915,0.00011806892792569757,1.89094767381e-05,1269.0,0.3361028629787234,0.9306078851457841,0.4059811563120567
120,77.0,0.12760400333333333,0.2109375,0.009854201479599294,12.949197720130455,0.00013316050980266667,2.8088545036500002e-05,1885.0,0.3383011067586207,0.5751471319628647,0.08122596082758621
120,78.0,0.35677037666666667,0.33203125,0.007692593373048654,46.37842654164299,0.00017839228228517647,5.92318124775e-05,3975.0,0.359014411109434,0.665625,0.3057858720603774
120,79.0,0.24739551666666665,0.4140625,0.013391438480917148,18.47415548517855,0.00027879536234336606,0.00011543870472030001,7747.0,0.3598200680314961,0.5336254154834129,0.4328678149064154
120,80.0,0.09374988,0.16796875,0.006107218658824601,15.350667011821573,4.550999250574884e-05,7.6442565537e-06,513.0,0.35750471953216373,0.8251857943469786,0.3430638147368421
120,81.0,0.22395804666666666,0.328125,0.011629955616284247,19.25699925742459,0.0002279269946304,7.478854511310001e-05,5019.0,0.36483028552301255,0.278747011356844,0.37959445623430965
120,82.0,0.12499984,0.1953125,0.005153717944212724,24.254303660596396,3.6086851367424e-05,7.048213157700001e-06,473.0,0.3579164661310782,0.8500016516913319,0.025799352558139536
120,83.0,0.35677037666666667,0.31640625,0.010685006837899655,33.38981266733534,0.00034044821409848886,0.0001077199427421,7229.0,0.38728216277770094,0.658842639023378,0.18102199171116337
120,84.0,0.14062481999999998,0.23046875,0.011298813763512149,12.445980874038925,0.00020702708653472544,4.77132738498e-05,3202.0,0.3783575280449719,0.8539340646470955,0.25043426773266714
120,85.0,0.09114571666666667,0.1484375,0.0065735875171768566,13.865445075235083,4.989196931570527e-05,7.405839195300001e-06,497.0,0.3706172919114688,0.06284582494969819,0.09852841979879276
120,86.0,0.19791641333333332,0.3203125,0.009139812003943025,21.654319940929835,0.00015314535489810733,4.9054371490800004e-05,3292.0,0.38637187027946535,0.32746051032806806,0.4321717036695018
120,87.0,0.13802065666666666,0.2421875,0.01223226480554747,11.283328055821087,0.00015695553065249034,3.8012667579900005e-05,2551.0,0.38553103479419837,0.25512054096432774,0.3186755304743238
120,88.0,0.0781249,0.140625,0.006834003517176858,11.431791014394088,6.47435582144e-05,9.1045628739e-06,611.0,0.3805611165957447,0.5049291632569558,0.05651581276595745
120,89.0,0.09374988,0.16015625,0.008341151822346939,11.23944054690779,0.00014105003525244881,2.2590044708400003e-05,1516.0,0.3918234424274406,0.10771304007255937,0.4757908540369393
120,90.0,0.17708310666666666,0.21484375,0.008320578942761607,21.282546308958235,0.0002342905706691491,5.033586479220001e-05,3378.0,0.39589649889875667,0.23296884251036115,0.015512791474245117
120,91.0,0.12499984,0.20703125,0.007580008086660982,16.490726470327928,9.220004108993208e-05,1.90882897569e-05,1281.0,0.38793598238875876,0.2853361631537861,0.1443585907259953
120,92.0,0.08593739,0.171875,0.007326321470301997,11.729950746545331,8.79976795549091e-05,1.5124601173500002e-05,1015.0,0.39667578561576355,0.6176685652709359,0.07950834017733989
120,93.0,0.14062481999999998,0.234375,0.006577052561436121,21.381130633581876,6.173420133504e-05,1.44689534379e-05,971.0,0.3871663138208033,0.6707164006179197,0.11258700902162719
120,94.0,0.20312474,0.32421875,0.009552072879037197,21.264990601754494,0.00015998666498128194,5.1870676536900005e-05,3481.0,0.40791424588336683,0.47328802786555585,0.31084625787991954
120,95.0,0.3906245,0.3984375,0.008180890517733722,47.748408214636655,0.0002558078010127059,0.00010192342071600001,6840.0,0.41819754280701754,0.7073219343932748,0.39952668645614037
120,96.0,0.12499984,0.2421875,0.012084248412781778,10.344030983986137,0.00016876872621708386,4.0873675880700006e-05,2743.0,0.4103581308056872,0.43671818036821,0.08795590748815166
120,97.0,0.14843731,0.296875,0.014908092553367632,9.956827774487424,0.00027621278384741055,8.20006702047e-05,5503.0,0.4318734117099764,0.8523426142558604,0.06727598679992731
120,98.0,0.12760400333333333,0.1484375,0.006510840632217829,19.598698623017405,7.990745991006316e-05,1.1861263580400001e-05,796.0,0.4327583927638191,0.22703851287688442,0.45702762633165833
120,99.0,0.08333322666666666,0.19140625,0.005363893189413209,15.535959372036457,3.4721352439640814e-05,6.645883865400001e-06,446.0,0.42814492412556054,0.28710061659192826,0.3912064326457399
120,100.0,0.09374988,0.16015625,0.008181178267105134,11.459214912471634,0.00010374062619160976,1.66147096635e-05,1115.0,0.43898079885201796,0.06270669843049327,0.13143709345291482
120,101.0,0.09895820666666666,0.16796875,0.007929113213310917,12.480362432023494,8.108408021492093e-05,1.3619591598600001e-05,914.0,0.44009306783369806,0.9120238990700219,0.14913161015317286
120,102.0,0.1562498,0.26171875,0.010454511145343178,14.945682091467221,0.0001187674291635582,3.10836631014e-05,2086.0,0.4427065758005753,0.0953641838446788,0.36507801434324066
120,103.0,0.39322866333333334,0.5,0.01050378540769185,37.43685234138301,0.00027856088112060006,0.0001392804405603,9347.0,0.4628846339916551,0.3557057077137049,0.1857321626703755
120,104.0,0.10416653333333332,0.17578125,0.006247109275765284,16.674357488419748,5.1710075955200006e-05,9.089661789000001e-06,610.0,0.4607954392131148,0.3883644979508197,0.3097584283278689
120,105.0,0.12499984,0.22265625,0.012022425084916777,10.39722344843917,0.00017366822317136843,3.8668315315500005e-05,2595.0,0.4613593078381503,0.7598747591522158,0.018555016323699422
120,106.0,0.08854155333333333,0.16015625,0.008474082339506809,10.448512273776943,7.899174137818537e-05,1.2651021080100001e-05,849.0,0.4607982903180212,0.4580296672555948,0.3891355799293286
120,107.0,0.1901039233333333,0.3125,0.010456627842623658,18.180232307630316,0.00016603384838976,5.18855776218e-05,3482.0,0.48153158336588164,0.6293673266082711,0.2716345672142447
120,108.0,0.08333322666666666,0.140625,0.009404675223301821,8.86082982006579,9.49430902784e-05,1.33513720704e-05,896.0,0.4724043605357143,0.053288051060267856,0.29089934946428575
120,109.0,0.16145812666666665,0.25,0.01116956205503642,14.455188652080073,0.0001718393110668,4.2959827766700006e-05,2883.0,0.4900712068262227,0.5717853039368713,0.4727641112174818
120,110.0,0.11718735,0.2109375,0.010281843773237003,11.397503461882133,0.00015597793402879998,3.29015954592e-05,2208.0,0.4875794243478261,0.29712798629981885,0.48896111521739133
120,111.0,0.11458318666666666,0.2421875,0.009901610834726694,11.572176343752396,0.00014372721270255486,3.4808934326400004e-05,2336.0,0.4873778525342466,0.6621980013912672,0.3919358344520548
120,112.0,0.13020816666666665,0.21484375,0.009465254763007424,13.756435502988534,7.990015909143273e-05,1.7166049804800002e-05,1152.0,0.49467680708333334,0.19240315755208334,0.09441605875
120,113.0,0.11979151333333332,0.19140625,0.006685438223325185,17.918273915894737,4.632108677485714e-05,8.8661455155e-06,595.0,0.4965356248739496,0.20935530462184873,0.17026610823529412
130,1.0,0.13802065666666666,0.2421875,0.009168294455530124,15.05412564311953,6.448035912340645e-05,1.56163369752e-05,1048.0,0.002251306259541985,0.17084998210877864,0.0899087482442748
130,2.0,0.0781249,0.140625,0.008167962991521565,9.564796030674293,5.8915578342400006e-05,8.2850032044e-06,556.0,0.002508143309352518,0.15081918839928057,0.2434866181294964
130,3.0,0.09635404333333333,0.16015625,0.007661225161387241,12.576845256938803,7.275799971465367e-05,1.1652648391800001e-05,782.0,0.005684528286445013,0.24127337755754474,0.4900757714578005
130,4.0,0.10416653333333332,0.15234375,0.006570712792942139,15.853155755829519,0.0001468161866496,2.23665284349e-05,1501.0,0.01017808437041972,0.36736186292471684,0.39073980791472357
130,5.0,0.13541649333333333,0.2421875,0.01035060670674328,13.082952252944875,0.00018451965363654193,4.46883536151e-05,2999.0,0.010838871677225742,0.8313526383794598,0.25300947025008336
130,6.0,0.10677069666666666,0.1953125,0.008928087483662703,11.95896622451828,7.675131601612802e-05,1.49904914094e-05,1006.0,0.016510270854870775,0.10017628603379722,0.1272304303777336
130,7.0,0.14583314666666666,0.25,0.015190021936005604,9.600588286248072,0.0003202541166708,8.006352916770001e-05,5373.0,0.023059029815745397,0.09402335752838266,0.40818136013400336
130,8.0,0.11718735,0.203125,0.010211481212471892,11.4760383495464,0.00013806199031040001,2.8043841781800002e-05,1882.0,0.035432212029755585,0.5311213137619554,0.322452639914984
130,9.0,0.20833306666666665,0.265625,0.012114504014534854,17.19699514042926,0.0002824544469515294,7.502696247150001e-05,5035.0,0.05052975520158888,0.5802872082919563,0.010506505501489573
130,10.0,0.13281233,0.2265625,0.009969788336289148,13.321479405593283,0.0001585722072006621,3.5926515693900005e-05,2411.0,0.04809973169639154,0.22834955671920365,0.07809887721277478
130,11.0,0.12760400333333333,0.2265625,0.007234852580299916,17.63740199500286,6.820380707884139e-05,1.54524250413e-05,1037.0,0.05372492574734812,0.2698212994214079,0.33854519467695277
130,12.0,0.10416653333333332,0.13671875,0.0072432061414106855,14.381274162251838,0.00013558454575981715,1.85369496156e-05,1244.0,0.06582516810289389,0.10570425542604502,0.2812304396141479
130,13.0,0.0781249,0.14453125,0.008383698669639469,9.31866746152503,7.196337996246485e-05,1.04009572602e-05,698.0,0.057141351747851,0.48505775429799425,0.4605557693982808
130,14.0,0.18749976,0.2734375,0.010146865763377958,18.478588795046807,0.00019400361049234284,5.3047862244000004e-05,3560.0,0.06749181721348314,0.5535858497191011,0.14298374561797753
130,15.0,0.20312474,0.296875,0.01167944331804792,17.39164568623891,0.0002825873111141053,8.3893107987e-05,5630.0,0.07399965791829485,0.8253399755772647,0.16403467387566606
130,16.0,0.12239567666666666,0.19921875,0.00682323459768423,17.93807246613023,5.445265471849412e-05,1.0847989807200002e-05,728.0,0.07823479714285714,0.35762577266483514,0.08720090571428571
130,17.0,0.08854155333333333,0.16015625,0.005403074994046607,16.38725233887982,9.304092035121951e-05,1.4901084900000001e-05,1000.0,0.08260916352,0.46475390625,0.48575266272
130,18.0,0.11718735,0.19140625,0.006884852904157206,17.021039030367668,0.00020669325275167347,3.95623804095e-05,2655.0,0.08456531435028249,0.9267258121468926,0.41843701731073446
130,19.0,0.10677069666666666,0.16015625,0.010507337301880134,10.1615369906857,0.00018654704530419514,2.98766752245e-05,2005.0,0.09491383900249377,0.05860349127182045,0.4225587296558604
130,20.0,0.15364563666666667,0.25,0.01119212852474588,13.72800860238113,0.0001795878752148,4.48969688037e-05,3013.0,0.08864558911384003,0.10393373506471955,0.18927956232326584
130,21.0,0.22135388333333333,0.34765625,0.010121275145089497,21.870157678771022,0.0001637311117461573,5.6922144318e-05,3820.0,0.09646265390575916,0.22479037140052355,0.01548384452356021
130,22.0,0.11458318666666666,0.15625,0.0077965800322441,14.69659596807679,0.00011548936840896,1.80452138139e-05,1211.0,0.09955267144508671,0.6810745251857968,0.28589580247729146
130,23.0,0.08072906333333332,0.14453125,0.008186518690153681,9.861220182692557,8.268571737807568e-05,1.19506700898e-05,802.0,0.10686391361596011,0.8656532496882793,0.4674045079301746
130,24.0,0.08072906333333332,0.1640625,0.009238809850578011,8.738037110730517,0.00012606601655588574,2.0682705841200002e-05,1388.0,0.11552254512968299,0.3939937184798271,0.34559951827089336
130,25.0,0.08593739,0.171875,0.007555428944599048,11.374256925734418,9.788116277585456e-05,1.68233248521e-05,1129.0,0.1216452958724535,0.6948523306023029,0.19532237973427813
130,26.0,0.14062481999999998,0.25390625,0.012171797706196006,11.553332005215259,0.00016097940039168002,4.0873675880700006e-05,2743.0,0.13852768834123222,0.7127332642180095,0.09272727355450237
130,27.0,0.23177053666666667,0.328125,0.006895633429815806,33.61120323834523,0.00017493022182034284,5.73989790348e-05,3852.0,0.14315527912772585,0.30420885254413293,0.2556001293457944
130,28.0,0.1901039233333333,0.33984375,0.01308416820136359,14.529309040334814,0.0002433501313324138,8.270102119500001e-05,5550.0,0.1495118638702703,0.38710022522522525,0.2010826777945946
130,29.0,0.14322898333333334,0.171875,0.00852855638790947,16.794047763626477,0.00014253023171258185,2.4497383575600003e-05,1644.0,0.1424530169343066,0.6654643780413625,0.48319048291970806
130,30.0,0.09374988,0.09765625,0.0047788105266675755,19.61782738127827,5.9051211328512e-05,5.766719856300001e-06,387.0,0.14696849488372093,0.033177890826873384,0.40301899410852715
130,31.0,0.13541649333333333,0.19140625,0.008447776323976948,16.029838875940253,0.00017095984295392654,3.2722782440400004e-05,2196.0,0.16628557726775958,0.3196899191712204,0.4355066264480874
130,32.0,0.09895820666666666,0.21484375,0.009766305466060644,10.132614324890929,8.794566122216727e-05,1.8894575653200003e-05,1268.0,0.15401614258675078,0.0929829209384858,0.4634716792429022
130,33.0,0.10937485999999999,0.1796875,0.009828649653409512,11.128167536428402,0.00021088533649085217,3.7893458900700003e-05,2543.0,0.16877783178922534,0.054478593197011406,0.13233981678332676
130,34.0,0.15104147333333331,0.234375,0.007425318255371815,20.341414083371173,8.888199121152e-05,2.0831716690200002e-05,1398.0,0.1595355357939914,0.4707254783619456,0.4642068878969957
130,35.0,0.09374988,0.21484375,0.00904033089332674,10.370182364586114,0.0001381606917622691,2.9682961120800004e-05,1992.0,0.15917143614457832,0.7370066202309237,0.013308081204819277
130,36.0,0.09114571666666667,0.171875,0.011187650602592736,8.146993493481434,0.0001766889368797091,3.0368411026200002e-05,2038.0,0.16262263631010795,0.05473158427379784,0.21123404891069675
130,37.0,0.20052057666666664,0.1875,0.007656476131053548,26.189669142098477,0.0002219665606704,4.1618730125700005e-05,2793.0,0.19185400558539206,0.7877632138381668,0.24785603282491944
130,38.0,0.0781249,0.14453125,0.00626677955654649,12.466514785634685,5.907595518408649e-05,8.538321647700001e-06,573.0,0.16432113256544503,0.41466922993019195,0.40181438910994766
130,39.0,0.08854155333333333,0.15234375,0.008900870842757118,9.94751579901668,9.71275638528e-05,1.47967773057e-05,993.0,0.1722718714199396,0.5485507930513596,0.14563627117824773
130,40.0,0.17187478,0.1875,0.010015833387097777,17.160307420988662,0.00020702573954400002,3.88173261645e-05,2605.0,0.19096565196161228,0.4304012715930902,0.06801731028023034
130,41.0,0.13281233,0.22265625,0.009848309648314332,13.485799567922053,0.00023704541289903158,5.2779642715800005e-05,3542.0,0.1930114871146245,0.7714016621964992,0.15941363234330885
130,42.0,0.22135388333333333,0.32421875,0.011454932527395507,19.32389237596516,0.00022538770613852533,7.307492034960001e-05,4904.0,0.19470184913539967,0.8154639388764274,0.3534736981076672
130,43.0,0.10416653333333332,0.16796875,0.007974230176411856,13.062895229869683,6.946262014035348e-05,1.16675494767e-05,783.0,0.20046793747126437,0.07444324712643678,0.493972234789272
130,44.0,0.15364563666666667,0.27734375,0.009025646763421541,17.023227331403007,0.00014861124807535775,4.12164008334e-05,2766.0,0.21223904000000002,0.36145381417208966,0.11389528190889371
130,45.0,0.10156237,0.1875,0.008457122379544742,12.009093098339111,0.0001205597108976,2.26049457933e-05,1517.0,0.20142885769281477,0.2029756509558339,0.45521600875412
130,46.0,0.09635404333333333,0.19921875,0.01108856878234903,8.689493227179266,0.00022850667605082354,4.5522814369500006e-05,3055.0,0.21365214842553193,0.6180863850245499,0.08672619982978723
130,47.0,0.11979151333333332,0.203125,0.004504203020870277,26.59549597970561,2.2961425593600003e-05,4.664039573700001e-06,313.0,0.217776,0.2645891573482428,0.38239968
130,48.0,0.24479135333333332,0.27734375,0.009549941256335903,25.63276011472077,0.00018208370199833241,5.04997767261e-05,3389.0,0.2278073293596931,0.4482113547506639,0.27730615605783415
130,49.0,0.21614555666666666,0.26953125,0.010418619505739036,20.7460841186881,0.00020074050512473043,5.41058392719e-05,3631.0,0.23734953266868633,0.7673312276232442,0.41221805188653265
130,50.0,0.11458318666666666,0.19140625,0.007278559356039723,15.742564024237286,6.63286822389551e-05,1.2695724334800001e-05,852.0,0.22286199549295774,0.6643788512323944,0.36948583154929576
130,51.0,0.10677069666666666,0.19140625,0.008968803745817149,11.904675327126224,0.00010564321807307754,2.0220772209300003e-05,1357.0,0.22969669918938837,0.8594325718496684,0.20467603737656598
130,52.0,0.10156237,0.16015625,0.010589831705946939,9.590555621669186,0.00018682616806524877,2.9921378479200004e-05,2008.0,0.2303825650996016,0.9235810663595617,0.1696053224701195
130,53.0,0.13020816666666665,0.28125,0.013858373095693398,9.395631490620634,0.00022681438029120002,6.37915444569e-05,4281.0,0.24358933056762438,0.1818326982597524,0.27059311932726
130,54.0,0.15364563666666667,0.1796875,0.00767884183995275,20.00895966723181,0.00012082577084827826,2.17108806993e-05,1457.0,0.24904357787234044,0.9135879589910776,0.05323022792038435
130,55.0,0.10937485999999999,0.171875,0.007431517763013495,14.717701482778704,0.00010724446266938182,1.84326420213e-05,1237.0,0.25933707356507685,0.07982707659660469,0.3035546367016977
130,56.0,0.0781249,0.14453125,0.005823933275765285,13.414456570973355,3.5466192990097294e-05,5.125973205600001e-06,344.0,0.23759364139534883,0.21795512354651161,0.09857578325581395
130,57.0,0.09635404333333333,0.1796875,0.007113621770485406,13.545005124268577,5.796651600751304e-05,1.0415858345100001e-05,699.0,0.2500468607725322,0.5524186337625179,0.2415749582832618
130,58.0,0.12499984,0.22265625,0.010428802645708215,11.98602027927352,0.0001767467350272,3.9353765220900006e-05,2641.0,0.2666589337372207,0.3468738167360848,0.027508596985990157
130,59.0,0.08072906333333332,0.15625,0.010048148378590034,8.034222852973167,0.00012721950244224,1.9878047256600002e-05,1334.0,0.2636785205397301,0.8657087471889056,0.12131744851574214
130,60.0,0.13541649333333333,0.22265625,0.009263676479320967,14.61800761669728,9.93154694359579e-05,2.2113209991600002e-05,1484.0,0.2734604901347709,0.49352467991913745,0.07383820172506739
130,61.0,0.11458318666666666,0.203125,0.010236630904735852,11.193447114876061,0.00015999638728320003,3.2499266166900005e-05,2181.0,0.2735988883631362,0.2010814276707932,0.4166351524621733
130,62.0,0.08072906333333332,0.15625,0.00668310438230636,12.079575406163785,6.504025537152e-05,1.01625399018e-05,682.0,0.2792188370674487,0.35824665505865105,0.31470433548387095
130,63.0,0.14583314666666666,0.18359375,0.009201018503035892,15.849674317962599,0.0001802638137894128,3.30953095629e-05,2221.0,0.30178298193606484,0.16440018572714993,0.10552300203511931
130,64.0,0.09895820666666666,0.1875,0.007124481739627636,13.889881437444563,5.41207403568e-05,1.01476388169e-05,681.0,0.2904642206167401,0.6963277808370044,0.014262651629955948
130,65.0,0.12499984,0.21484375,0.00823550784192681,15.178158092889941,0.00016493279368005818,3.54347798922e-05,2378.0,0.32255883572750216,0.8304263693229604,0.3960932287973087
130,66.0,0.20312474,0.31640625,0.009236622867649211,21.99123455732222,0.0001272501140536889,4.02627313998e-05,2702.0,0.30515945888971135,0.5354583988712065,0.320400589607698
130,67.0,0.15885396333333332,0.16796875,0.005923235008294258,26.818784517394867,0.00010441571379973954,1.75385769273e-05,1177.0,0.31611172526762954,0.32192876486830924,0.42317987194562445
130,68.0,0.09374988,0.19921875,0.010439512841329782,8.980292607988991,0.00014578052753618827,2.9042214470100002e-05,1949.0,0.3151107088353001,0.36215086262185736,0.1466603720472037
130,69.0,0.08593739,0.10546875,0.007678727700963674,11.191618370477563,0.00011500546947413334,1.2129483108600002e-05,814.0,0.3201221265847666,0.04244567721130221,0.48077704393120396
130,70.0,0.15885396333333332,0.25390625,0.007211308861899231,22.028450920003472,7.911054747648001e-05,2.00866624452e-05,1348.0,0.31592295560830863,0.31301001483679525,0.034034709792284866
130,71.0,0.10677069666666666,0.20703125,0.012692432078043143,8.412154267216536,0.00021081492611429433,4.36452776721e-05,2929.0,0.3225755387913964,0.6586719016729259,0.2335968862000683
130,72.0,0.10156237,0.2109375,0.011282025826911124,9.002139470177626,0.00020592195547733332,4.3436662483500006e-05,2915.0,0.3257053733104631,0.1979698220411664,0.29428727728301884
130,73.0,0.10677069666666666,0.1953125,0.008748875004189478,12.203934404770733,0.000122374861719552,2.39013401796e-05,1604.0,0.3239037647880299,0.7083000506546134,0.4552669143142145
130,74.0,0.09114571666666667,0.1796875,0.009250578707626795,9.852974559474863,0.00010896709876090435,1.95800255586e-05,1314.0,0.3380547495890411,0.5625891837899544,0.07648976803652968
130,75.0,0.09374988,0.171875,0.006562581177965835,14.285519288472877,5.089126886574546e-05,8.7469368363e-06,587.0,0.33763023127768316,0.7030850724020443,0.2978458090630324
130,76.0,0.14322898333333334,0.24609375,0.007516604189418718,19.05501204053817,9.094676122331429e-05,2.23814295198e-05,1502.0,0.3472964644474035,0.2472770680758988,0.18963078743009323
130,77.0,0.19270808666666667,0.34765625,0.0164955701691172,11.682414411321915,0.00040581313246403604,0.00014108347183320002,9468.0,0.3660511594423321,0.5474311496620194,0.43402150950570345
130,78.0,0.2682288233333333,0.359375,0.011169427620589326,24.0145540527869,0.00026296398034309567,9.45026804358e-05,6342.0,0.36243680128666034,0.28877054754020814,0.3814540061305582
130,79.0,0.17968726999999998,0.2734375,0.010140336775038446,17.720049539411743,0.00018397645759049143,5.0306062622400005e-05,3376.0,0.36367198535545026,0.6925251314425356,0.170354181042654
130,80.0,0.10677069666666666,0.1953125,0.011717536063575356,9.11204335854955,0.000193480454688768,3.7789151306400006e-05,2536.0,0.37264697829652993,0.72412109375,0.3156129476971609
130,81.0,0.14322898333333334,0.2265625,0.012062901909479956,11.873509741530187,0.0002676193741598897,6.0632514458100006e-05,4069.0,0.38014272,0.8601756420496437,0.25047840000000005
130,82.0,0.20312474,0.31640625,0.010362717793813429,19.60149297139656,0.0001596984221895111,5.0529578895900004e-05,3391.0,0.38846756199351223,0.3320658083898555,0.4309195553877912
130,83.0,0.10156237,0.1875,0.009333798642859268,10.881140025202846,0.0001916080837008,3.5926515693900005e-05,2411.0,0.3846285453670676,0.25739773434259644,0.014859427689755289
130,84.0,0.16406229,0.265625,0.00998120607487787,16.43712080175716,0.00011258909136677648,2.9906477394300003e-05,2007.0,0.3869795384155456,0.25048463191330345,0.3197063782361734
130,85.0,0.13020816666666665,0.2265625,0.007036784158588428,18.50393073485805,6.478375117903448e-05,1.46775686265e-05,985.0,0.38636877612182746,0.2719067258883249,0.13830667321827414
130,86.0,0.12499984,0.15234375,0.00523038421990078,23.8987873059871,8.206447741440001e-05,1.2502010231100001e-05,839.0,0.3950121182359952,0.6208749255065554,0.0711107945649583
130,87.0,0.10156237,0.1796875,0.006581992028474626,15.430339259091602,6.335682150177392e-05,1.1384428863600001e-05,764.0,0.4007909610471204,0.5962962205497382,0.258318015078534
130,88.0,0.14843731,0.25,0.011333457799767037,13.097265867355254,0.0002564774732988,6.41193683247e-05,4303.0,0.40350605873111783,0.6334824541017895,0.18629850779456192
130,89.0,0.12239567666666666,0.21484375,0.008446362086959269,14.490934133126856,8.440841459572365e-05,1.81346203233e-05,1217.0,0.3992196538373049,0.7347377002875924,0.38152602359901394
130,90.0,0.10937485999999999,0.19921875,0.010453346660288802,10.4631429105383,0.00014219024260969413,2.8326962394900002e-05,1901.0,0.4102343111204629,0.5242512164650184,0.3103467610731194
130,91.0,0.11979151333333332,0.17578125,0.008241306124497442,14.535500990219345,0.00017759444119040002,3.12177728655e-05,2095.0,0.41959170627207637,0.5819025954653938,0.3978109222338902
130,92.0,0.13541649333333333,0.23828125,0.010044629458531611,13.481482208217702,0.0001296990429696,3.09048500826e-05,2074.0,0.4132167203085825,0.4411199674541948,0.08892157955641274
130,93.0,0.13281233,0.1953125,0.011154372967457608,11.90674997039046,0.00015144270605568002,2.9578653526500003e-05,1985.0,0.421077912906801,0.5085209382871536,0.21666152028211588
130,94.0,0.0781249,0.14453125,0.0077848809504206746,10.035464960550017,5.773566300713514e-05,8.344607544e-06,560.0,0.41831993914285714,0.3832380022321429,0.05186928685714286
130,95.0,0.17187478,0.3125,0.015056712778531224,11.415159638634371,0.00026459558435232,8.268612011010001e-05,5549.0,0.4255805890791134,0.8537813682645522,0.06628499993512343
130,96.0,0.09635404333333333,0.171875,0.009086540462750543,10.604040528771987,7.265227139607274e-05,1.2487109146200002e-05,838.0,0.42463812085918856,0.792325477326969,0.41374912725536994
130,97.0,0.11718735,0.1875,0.00845636164711765,13.857892423503824,0.00010156579467840001,1.90435865022e-05,1278.0,0.4391325930516432,0.8874828834115805,0.28650497615023474
130,98.0,0.1562498,0.265625,0.008283797886640578,18.8620970885814,9.531084515802353e-05,2.53169432451e-05,1699.0,0.44274436944084755,0.09783328428487345,0.3677027170806357
130,99.0,0.0781249,0.140625,0.008017697900841347,9.744056332155127,0.00010151281304320001,1.42752393342e-05,958.0,0.44013701912317327,0.04757633089770355,0.13834328167014615
130,100.0,0.12760400333333333,0.1953125,0.008913223107271271,14.316258192755877,0.00020522966211072,4.0083918381e-05,2690.0,0.45150979324907065,0.18342965845724907,0.18393235324907065
130,101.0,0.08854155333333333,0.2109375,0.008858426490364201,9.99517842470611,0.00010228987702613333,2.15767709352e-05,1448.0,0.45656607911602215,0.9019903530732044,0.38187137867403315
130,102.0,0.26562466,0.3203125,0.008682608584253187,30.592725379989826,0.00027912276105365854,8.940650940000001e-05,6000.0,0.47507430464,0.46588346354166665,0.18654053808
130,103.0,0.09635404333333333,0.1640625,0.006962698034782141,13.838607225531963,5.894585356251429e-05,9.6708041001e-06,649.0,0.4599582552850539,0.3986060285053929,0.31299575593220336
130,104.0,0.13541649333333333,0.2578125,0.010291490389658743,13.158103268444448,0.00012137610973090909,3.1292278290000003e-05,2100.0,0.4627248198857143,0.7618712797619047,0.018565800685714284
130,105.0,0.21874971999999998,0.328125,0.011122689440103983,19.666980830308514,0.00019895360898102859,6.52816529469e-05,4381.0,0.4786093588130564,0.6063782170166628,0.2782966404747775
130,106.0,0.12499984,0.234375,0.01093266191993787,11.433614330654283,0.0001850118701184,4.3362157059000004e-05,2910.0,0.484010654185567,0.2867214347079038,0.4907747584329897
130,107.0,0.15104147333333331,0.2734375,0.010368268030802536,14.567666738997511,0.0001373283984384,3.7550733948e-05,2520.0,0.48050317219047617,0.6786566840277778,0.39162536152380956
130,108.0,0.14583314666666666,0.265625,0.012883317976283714,11.319533286000079,0.00017957034452668235,4.7698372764900005e-05,3201.0,0.4896315029053421,0.5583655498281787,0.4767449379568885
130,109.0,0.11458318666666666,0.19140625,0.010026354483821961,11.428200234846326,0.00010961359693949388,2.0980727539200003e-05,1408.0,0.49294640318181815,0.2090426358309659,0.17170671375
130,110.0,0.11458318666666666,0.1953125,0.009076832123242954,12.623697905930708,7.7361664453632e-05,1.51097000886e-05,1014.0,0.4944725846153846,0.16246764053254437,0.24615283076923078
130,111.0,0.13541649333333333,0.2265625,0.00821058677601581,16.492912994830345,5.537859745456552e-05,1.25467134858e-05,842.0,0.49579092940617575,0.19989144150831353,0.08867675116389548
140,1.0,0.0781249,0.15234375,0.007776483172147431,10.046302199921852,7.01313829632e-05,1.06840778733e-05,717.0,0.003056346778242678,0.24083638423988843,0.08391878359832636
140,2.0,0.11979151333333332,0.19140625,0.008389925301343039,14.27801905627901,0.00011599734335216326,2.2202616501000002e-05,1490.0,0.00865795812080537,0.3610476090604027,0.22861597304697986
140,3.0,0.16406229,0.265625,0.01569592570752922,10.45253991749595,0.00035796262681185885,9.508382274690001e-05,6381.0,0.0213429093370945,0.10176574008776054,0.4066410532016925
140,4.0,0.12499984,0.21875,0.009794235439603187,12.762592932426418,0.00012894973127177144,2.8207753715700004e-05,1893.0,0.016147030110935025,0.8138887513206551,0.25316376519809825
140,5.0,0.08072906333333332,0.16015625,0.009068019885464108,8.902612075513941,0.00010113548042177562,1.61974792863e-05,1087.0,0.024100458656853726,0.4733066927322907,0.09601013254829806
140,6.0,0.13281233,0.26953125,0.014765263558636957,8.994917664189698,0.000327951714789287,8.83932356268e-05,5932.0,0.034897697559002024,0.7487514750505732,0.05765128215778827
140,7.0,0.10416653333333332,0.16796875,0.006753000547818881,15.425222106190644,5.93492884724093e-05,9.968825798100001e-06,669.0,0.03787709847533632,0.9202109024663677,0.09040697614349777
140,8.0,0.11979151333333332,0.19921875,0.007895829316461133,15.17149225649969,0.00010838172621854117,2.1591672020100002e-05,1449.0,0.03310329474120083,0.5294707556935818,0.3292698825672878
140,9.0,0.11458318666666666,0.1875,0.007345796338820342,15.598470387904534,0.0001365336739104,2.56000638582e-05,1718.0,0.0605774151338766,0.09954116341676368,0.28096279208381836
140,10.0,0.14843731,0.24609375,0.01180526179731393,12.573826192806175,0.00016814857251474285,4.13803127673e-05,2777.0,0.04914308741807706,0.20921717455887648,0.0805758706517825
140,11.0,0.16145812666666665,0.30859375,0.01424095226284205,11.337593419784742,0.000220816725055838,6.81426612477e-05,4573.0,0.054615607504920186,0.5792371665208834,0.008388208353378527
140,12.0,0.12239567666666666,0.19921875,0.007306732845453755,16.751081400604537,5.183473862625883e-05,1.0326451835700002e-05,693.0,0.05611344761904762,0.5346151244588745,0.452171236017316
140,13.0,0.21874971999999998,0.3203125,0.009814570552615932,22.288262010781043,0.00020957467309112195,6.712938747450001e-05,4505.0,0.07276748505216427,0.5392541273584905,0.14714082059933406
140,14.0,0.16406229,0.28515625,0.011554530001770612,14.198958328452923,0.00015765592773540822,4.4956573143300006e-05,3017.0,0.06283194161087173,0.6485397849685117,0.4909698288365926
140,15.0,0.10677069666666666,0.1875,0.009157799848086894,11.658989979888188,8.098242940320001e-05,1.5184205513100001e-05,1019.0,0.05717140663395486,0.7981745277232581,0.42916889028459276
140,16.0,0.33593707,0.3046875,0.009060174773648894,37.07843153059891,0.00032791556678400007,9.99117742545e-05,6705.0,0.07777757866666667,0.8359060402684564,0.17021011142729306
140,17.0,0.09114571666666667,0.1640625,0.009413209646223802,9.682745853135295,0.00014168803013485715,2.3245692444000002e-05,1560.0,0.078221204,0.9315354567307692,0.431584432
140,18.0,0.0781249,0.15234375,0.008437918304925223,9.258788385566426,7.306575045120001e-05,1.1131110420300001e-05,747.0,0.07663708208835342,0.5300629601740294,0.38993112610441766
140,19.0,0.09895820666666666,0.17578125,0.01183229657117768,8.363398100392377,0.00020116067252736,3.5360274467700006e-05,2373.0,0.08970853825537295,0.066404603876949,0.4289629307711757
140,20.0,0.10937485999999999,0.21484375,0.011961450033199832,9.143946569723779,0.00020779589985931639,4.46436503604e-05,2996.0,0.08640795845126836,0.09735115570761015,0.18775637222963953
140,21.0,0.08072906333333332,0.1328125,0.0061833344493361754,13.05591085114281,3.971752699934118e-05,5.2749840546e-06,354.0,0.08157862237288137,0.4342006532485876,0.47499437016949153
140,22.0,0.08593739,0.1640625,0.008436169421799701,10.186778584357407,0.00011098895693897142,1.82091257478e-05,1222.0,0.0880646144680851,0.32192678498363336,0.10685740085106382
140,23.0,0.14843731,0.234375,0.011383576049772262,13.039602788349589,0.00025793579280768,6.045370143930001e-05,4057.0,0.09913107017007641,0.24113318800838057,0.016710080157752036
140,24.0,0.13281233,0.2265625,0.012643619004943644,10.504297064635567,0.00022460559418924138,5.08872049335e-05,3415.0,0.10631435539677891,0.3734912609809663,0.34715549854172767
140,25.0,0.17187478,0.16796875,0.007021277338174626,24.47913274490929,0.00012721506677045583,2.13681557466e-05,1434.0,0.10567822928870292,0.6997717268131102,0.2781248328033473
140,26.0,0.08072906333333332,0.16796875,0.006495947430199723,12.427604164101316,0.0001016655972935442,1.7076643295400002e-05,1146.0,0.11281739225130889,0.8430478294066318,0.47191367246073296
140,27.0,0.21093723,0.2734375,0.009922147354080684,21.259231744149396,0.0002026683784890514,5.541713474310001e-05,3719.0,0.13125764663619255,0.7157554534148964,0.08743875084700188
140,28.0,0.16927061666666665,0.296875,0.008060505917607071,20.999999056748806,7.458698833313684e-05,2.21430121614e-05,1486.0,0.13670657087483176,0.3071216773216689,0.24082258756393002
140,29.0,0.08072906333333332,0.140625,0.006813373159013596,11.848619097947784,5.033255344e-05,7.0780153275e-06,475.0,0.13923072909473685,0.71984375,0.19861380075789473
140,30.0,0.2343747,0.34765625,0.011894930284350711,19.703747260154152,0.0002469682371417168,8.586005119380001e-05,5762.0,0.15345855694550503,0.39604439647691775,0.20177776952447068
140,31.0,0.10416653333333332,0.16015625,0.007425921474000818,14.027421875929448,0.00012914079744749267,2.0682705841200002e-05,1388.0,0.15497472484149855,0.3314064751440922,0.43327181048991353
140,32.0,0.0781249,0.16015625,0.009201105240854853,8.490816913288734,6.940852658200976e-05,1.11162093354e-05,746.0,0.15938872986595173,0.24241265918230562,0.06945357554959786
140,33.0,0.14843731,0.23828125,0.0076371615475730684,19.436188310979265,7.691891169363935e-05,1.8328334427e-05,1230.0,0.16044166243902439,0.5048240599593496,0.46072671687804884
140,34.0,0.10677069666666666,0.19140625,0.010780343945368266,9.904201313775364,0.0002536371440545959,4.85477346042e-05,3258.0,0.170980728839779,0.060861005601596074,0.13605596979742174
140,35.0,0.09895820666666666,0.171875,0.01069466944155051,9.253040237241754,0.00017495499245498184,3.00703893282e-05,2018.0,0.16954301090188306,0.054281002229930625,0.21365855238850348
140,36.0,0.08072906333333332,0.140625,0.007014299238627408,11.509212907365324,5.488897406720001e-05,7.7187619782e-06,518.0,0.16396027644787647,0.4210153233590734,0.34911831474903476
140,37.0,0.10937485999999999,0.203125,0.007896342251759008,13.851332238750844,7.65869914368e-05,1.5556732635600002e-05,1044.0,0.16576825379310345,0.7469094228927203,0.014790581149425289
140,38.0,0.10937485999999999,0.19140625,0.008803336655616329,12.424250517583161,7.956327846034286e-05,1.52289087678e-05,1022.0,0.16818809377690802,0.5524286020058709,0.14272682395303327
140,39.0,0.32812458,0.2890625,0.008333536318762116,39.373990518438205,0.00020393060969305947,5.8948691864400005e-05,3956.0,0.19528287106167846,0.41981325834175937,0.06479312675429727
140,40.0,0.12499984,0.25390625,0.010409244478407203,12.008541086656,0.00024249612920832002,6.15712828068e-05,4132.0,0.1914204131268151,0.7632937288238142,0.16195770191674735
140,41.0,0.22656220999999999,0.33203125,0.008635200806059139,26.237051701336934,0.00015007390992745413,4.9829227905600005e-05,3344.0,0.19203596827751196,0.8206839675538278,0.35619850779904305
140,42.0,0.11979151333333332,0.2109375,0.0070564840454599735,16.976090721895023,8.258070873173335e-05,1.7419368248100003e-05,1169.0,0.1990962744225834,0.7756529352010265,0.253556410881095
140,43.0,0.0781249,0.14453125,0.007040485597647381,11.09652152773466,4.629162980393514e-05,6.6905871201000005e-06,449.0,0.2000925765701559,0.7516529788418709,0.3159312972828508
140,44.0,0.12239567666666666,0.21484375,0.011592838663906636,10.557869406717069,0.0002443474483325672,5.24965221027e-05,3523.0,0.21650692782287823,0.6185535232756174,0.08588960236162362
140,45.0,0.08072906333333332,0.1484375,0.006687365417078111,12.071878579742096,5.14981494144e-05,7.6442565537e-06,513.0,0.20603322011695907,0.18267239278752437,0.44995239953216376
140,46.0,0.08072906333333332,0.13671875,0.009186319343083869,8.787966139464991,0.00012642931919725717,1.7285258484e-05,1160.0,0.2194229296551724,0.6988719019396552,0.004569627310344828
140,47.0,0.12760400333333333,0.26171875,0.011512998357722879,11.083472729563711,0.00016084275521910447,4.2095564842500005e-05,2825.0,0.2305172472637168,0.7764352876106194,0.4207490611539823
140,48.0,0.0781249,0.1640625,0.00745773018335381,10.475694089118482,0.00012243299014217144,2.00866624452e-05,1348.0,0.22731390017804154,0.5117680127967359,0.4687850225519288
140,49.0,0.23958302666666664,0.26953125,0.009324880728572304,25.692878401389297,0.0002417621120656696,6.51624442677e-05,4373.0,0.2297803473313515,0.8886687485707752,0.18087731322204437
140,50.0,0.29947878333333333,0.30078125,0.008337884849968448,35.91783632445663,0.00014570087294636885,4.3824090690900007e-05,2941.0,0.22811193090785445,0.471160691516491,0.27710462786807205
140,51.0,0.14322898333333334,0.23828125,0.010106234424898851,14.17233930181338,0.0001945485644544,4.6357275123900004e-05,3111.0,0.24095072015429123,0.8794775594664095,0.04924988898746384
140,52.0,0.08854155333333333,0.15625,0.005455556044567814,16.229611172539524,4.320122534208e-05,6.7501914597000005e-06,453.0,0.22407848264900662,0.6521626655629139,0.3641986744370861
140,53.0,0.08072906333333332,0.1484375,0.01007608182094798,8.011949959110014,0.00012156775621995791,1.80452138139e-05,1211.0,0.23227935220478943,0.05939693435177539,0.462923309132948
140,54.0,0.18489559666666666,0.30078125,0.012685090858524003,14.575819655436076,0.0002300201132573922,6.91857371907e-05,4643.0,0.24176285567090244,0.1808030906741331,0.26995542564721087
140,55.0,0.0781249,0.14453125,0.006695683454659892,11.667950035127275,6.381852750252974e-05,9.223771553100001e-06,619.0,0.2475918792891761,0.7375366013731826,0.3967957329886915
140,56.0,0.0781249,0.140625,0.007561889029159941,10.331399958229614,8.67839184576e-05,1.2203988533100002e-05,819.0,0.2546687238095238,0.382082760989011,0.4578504380952381
140,57.0,0.08854155333333333,0.18359375,0.008858426490364201,9.99517842470611,0.00010535003615428085,1.93416082002e-05,1298.0,0.258001434083205,0.07633438463020031,0.30400207469953777
140,58.0,0.11979151333333332,0.22265625,0.01134664989475739,10.557434524236253,0.00015345712359612633,3.41681876757e-05,2293.0,0.2583535688791976,0.5721284888791975,0.3510786435935456
140,59.0,0.18229143333333334,0.26171875,0.00879196919029515,20.73385715847962,0.00010897452512897911,2.8520676498600002e-05,1914.0,0.2620221707836991,0.8464174340386625,0.1182749878369906
140,60.0,0.10156237,0.22265625,0.011212291383177619,9.058127953433255,0.0001829706829096421,4.07395661166e-05,2734.0,0.2715422593123628,0.19881440883321141,0.41334562937820046
140,61.0,0.08072906333333332,0.1640625,0.00879576610154054,9.178173043868684,7.838254487588571e-05,1.2859636268700001e-05,863.0,0.2749418113557358,0.5431543308227115,0.08117555986095018
140,62.0,0.13281233,0.1953125,0.009691345649355004,13.704219703363812,0.00018112089882931198,3.53751755526e-05,2374.0,0.30374718207245155,0.1613245050547599,0.10878812582982308
140,63.0,0.11718735,0.2265625,0.01362590569728327,8.600334730289877,0.00022572368938725515,5.1140523376800003e-05,3432.0,0.2977386890909091,0.4142138785693473,0.10670454545454545
140,64.0,0.09374988,0.08203125,0.005088194681110165,18.424978971037568,9.300547619108572e-05,7.629355468800001e-06,512.0,0.3129073715625,0.9741668701171875,0.359091793125
140,65.0,0.16145812666666665,0.24609375,0.009946257022101373,16.233053932539033,0.00023832653273965713,5.8650670166400004e-05,3936.0,0.3177571419512195,0.8310110200711383,0.3986662296341464
140,66.0,0.11197902333333333,0.2109375,0.011499713686234503,9.737548811095664,0.00016219444589226669,3.42128909304e-05,2296.0,0.3013180983972126,0.5193560131750871,0.3247955195121951
140,67.0,0.11458318666666666,0.2109375,0.010865835426069193,10.545271686313225,0.00013217151927893332,2.78799298479e-05,1871.0,0.3063371116194548,0.5960194247728487,0.13098013135221806
140,68.0,0.09895820666666666,0.1328125,0.008684902465813979,11.394279562285442,0.00021855859490032943,2.90273133852e-05,1948.0,0.31894910809034904,0.05283463809034908,0.48353857059548255
140,69.0,0.09635404333333333,0.125,0.006534980624356487,14.744350270024178,9.870478637760001e-05,1.2338098297200001e-05,828.0,0.31396875768115945,0.3809537288647343,0.1466491188405797
140,70.0,0.12239567666666666,0.23828125,0.007082196250814132,17.282163940683894,9.630497886845902e-05,2.2947670746e-05,1540.0,0.3166502141298701,0.28676948051948054,0.029925856831168832
140,71.0,0.12499984,0.21875,0.012021049411799198,10.398413293044705,0.00021927585048274286,4.7966592293100004e-05,3219.0,0.32527062680335506,0.6636729671481827,0.23456552544268408
140,72.0,0.10937485999999999,0.19140625,0.008129525602512969,13.454027374757322,9.972657505645714e-05,1.90882897569e-05,1281.0,0.3217769011709602,0.6941262929352069,0.45144668777517566
140,73.0,0.10156237,0.1796875,0.008066673384665112,12.590365960901783,7.057153808640001e-05,1.26808232499e-05,851.0,0.3323172860164513,0.5802181257344301,0.07465233165687427
140,74.0,0.25520800666666665,0.38671875,0.010816325955051666,23.594703758670853,0.00020526048778938183,7.937807926230001e-05,5327.0,0.35937114683686877,0.2888652442744509,0.3826883271484888
140,75.0,0.3463537233333333,0.37109375,0.01191964914753685,29.05737568667497,0.0004054801659154864,0.0001504711553202,10098.0,0.370198442020202,0.5371035724896019,0.4341734698039216
140,76.0,0.10156237,0.171875,0.00821126945018493,12.368656346761666,0.00015319398992465455,2.6330217018300002e-05,1767.0,0.3555872157555178,0.06466866511035653,0.13714505779286926
140,77.0,0.09635404333333333,0.171875,0.0072937321233664315,13.210526751407619,4.86371411136e-05,8.3595086289e-06,561.0,0.36127845903743316,0.9161096256684492,0.49137156962566847
140,78.0,0.21874971999999998,0.265625,0.007675111451254874,28.50117830721984,0.00012582826703322352,3.34231334307e-05,2243.0,0.3601020373428444,0.678917744092733,0.16379562671422204
140,79.0,0.09374988,0.16796875,0.007058401805942923,13.28202652349232,5.642174509484651e-05,9.4770899964e-06,636.0,0.3589779283018868,0.534578911163522,0.20450947547169812
140,80.0,0.08072906333333332,0.140625,0.005918654549374562,13.639766041399417,4.54582430016e-05,6.3925654221000004e-06,429.0,0.36995006545454545,0.16922530594405594,0.44118658909090913
140,81.0,0.14322898333333334,0.234375,0.012273832158148588,11.669459178504711,0.00025005212548992,5.8605966911700004e-05,3933.0,0.37780928817696413,0.7108461257309941,0.3171940376506484
140,82.0,0.09114571666666667,0.1953125,0.007223346391192414,12.618212076580276,0.00013252190449305603,2.58831844713e-05,1737.0,0.3804895897754749,0.27203421848013815,0.019178131675302242
140,83.0,0.22395804666666666,0.234375,0.008722115877127467,25.677031791559365,0.00014483059798272002,3.39446714022e-05,2278.0,0.38126394247585604,0.15460381913959614,0.27815069541703247
140,84.0,0.15885396333333332,0.25390625,0.011306213688758164,14.050146910922333,0.00018416090354688,4.67596044162e-05,3138.0,0.39303085629063095,0.3334105122689611,0.43015258447418736
140,85.0,0.16145812666666665,0.1484375,0.006158203853356371,26.21837966254853,0.00011022410927292631,1.6361391220200002e-05,1098.0,0.3938934303825137,0.9008317679872495,0.1556216843715847
140,86.0,0.12239567666666666,0.15234375,0.005874217565104207,20.83608162451426,7.73694894336e-05,1.17867581559e-05,791.0,0.39262403438685206,0.3314929677623262,0.313412795954488
140,87.0,0.13020816666666665,0.21875,0.008617135047056442,15.110377864061087,9.427703543588573e-05,2.06231015016e-05,1384.0,0.3928508954913295,0.7580608742774566,0.37812911236994223
140,88.0,0.19531225,0.2578125,0.009700850718394159,20.133517736713635,0.00023304213068334547,6.0081174316800004e-05,4032.0,0.4029186772619048,0.6300872318328373,0.18365334619047619
140,89.0,0.0781249,0.140625,0.006313171517176858,12.374905352632668,4.1325675456000006e-05,5.8114231110000005e-06,390.0,0.400084112,0.6058293269230769,0.26006043199999995
140,90.0,0.10416653333333332,0.1796875,0.00857966164493873,12.141100388822759,8.483511570198262e-05,1.5243809852700002e-05,1023.0,0.41091124645161287,0.5185804618768328,0.3066016558357771
140,91.0,0.09635404333333333,0.15625,0.0073195803458080844,13.163875356394604,6.618465869184e-05,1.0341352920600001e-05,694.0,0.41227717763688765,0.2562196055475504,0.06067617752161383
140,92.0,0.08854155333333333,0.16796875,0.007389216239993018,11.982536504225648,7.76242562232558e-05,1.30384492875e-05,875.0,0.41530920466285715,0.4486830357142857,0.09391493814857144
140,93.0,0.14062481999999998,0.2265625,0.010034579977296308,14.014021545313307,0.00019803439065997242,4.4867166633900006e-05,3011.0,0.42200754428429094,0.5038867901029558,0.2129808926203919
140,94.0,0.10677069666666666,0.15234375,0.00775532656711298,13.767401764799368,8.29447876608e-05,1.26361199952e-05,848.0,0.4327082083018868,0.32820791568396224,0.24545513150943396
140,95.0,0.16145812666666665,0.296875,0.012171129582779789,13.265664913723718,0.00024669922453389475,7.32388322835e-05,4915.0,0.42543364511902343,0.862074008138352,0.06433454092370296
140,96.0,0.09114571666666667,0.1484375,0.008724378442664816,10.447244725301793,0.00011785346474172632,1.74938736726e-05,1174.0,0.4280310725724021,0.54473554620954,0.010911851856899489
140,97.0,0.14062481999999998,0.22265625,0.009178697538293003,15.320781561144296,9.617003340934737e-05,2.1412859001300003e-05,1437.0,0.44288389144050105,0.10378881784968685,0.37035477344467643
140,98.0,0.19791641333333332,0.23828125,0.006133825248010679,32.26639255781236,7.491776927559345e-05,1.78514997102e-05,1198.0,0.45980651018363944,0.7754884442821369,0.01859050697829716
140,99.0,0.08854155333333333,0.171875,0.010762276224363012,8.227028510279093,0.00014677839555316365,2.52275367357e-05,1693.0,0.4471837248907265,0.925975062758417,0.1440659612994684
140,100.0,0.11979151333333332,0.19921875,0.009041347764805512,13.249298273829881,0.00020681537128658826,4.12014997485e-05,2765.0,0.4529062772658228,0.16769043851717902,0.18287701827124772
140,101.0,0.09635404333333333,0.16015625,0.007648069388742401,12.59847922864847,8.987752905927806e-05,1.43944480134e-05,966.0,0.4488597301863354,0.6050279826604554,0.03439593937888199
140,102.0,0.12499984,0.20703125,0.009704640374603814,12.880419590520173,0.0001700050718613736,3.5196362533800004e-05,2362.0,0.45817367227773076,0.9171402016299746,0.3824534755630821
140,103.0,0.11197902333333333,0.203125,0.00793580211906501,14.110611839011758,7.72472241216e-05,1.56908423997e-05,1053.0,0.4618340503703704,0.3999881291547958,0.3159510103703704
140,104.0,0.22656220999999999,0.2578125,0.008354936584130926,27.11716692503978,0.0001902137033925818,4.9039470405900006e-05,3291.0,0.4738704729261623,0.2746220753570343,0.4902497372470374
140,105.0,0.21354139333333333,0.3515625,0.012477710250477976,17.11382850272175,0.0001930650786688,6.78744417195e-05,4555.0,0.474644606805708,0.5868774012074643,0.2815292772250274
140,106.0,0.16406229,0.25390625,0.013237069124504909,12.394155266310603,0.0002203709983488,5.5953573799500005e-05,3755.0,0.4884781727616511,0.5422592792942743,0.47758855350199736
140,107.0,0.09635404333333333,0.1640625,0.006483747502321198,14.860856826833299,4.704769205760001e-05,7.7187619782e-06,518.0,0.4733978288803089,0.0659839527027027,0.2966894854054054
140,108.0,0.13541649333333333,0.2421875,0.01003375795358578,13.496089297723124,0.00013782061492025808,3.3378430176e-05,2240.0,0.47658743785714286,0.6815569196428571,0.38874063428571426
140,109.0,0.10416653333333332,0.15625,0.008142382846802817,12.79312644630009,0.00011691987255936001,1.8268730087400002e-05,1226.0,0.491087012593801,0.9321217373572593,0.10906406877650897
140,110.0,0.10937485999999999,0.203125,0.010784655647457918,10.14171092479722,0.0001604365424064,3.2588672676300004e-05,2187.0,0.48722976263374485,0.8510123742569731,0.3329172075720165
140,111.0,0.11458318666666666,0.1953125,0.009641121931873596,11.88483949029356,0.000116423964453888,2.2739055557400003e-05,1526.0,0.4849714710353867,0.5247865129423329,0.19597754547837484
140,112.0,0.10416653333333332,0.1875,0.010292699107801515,10.120429271499702,0.00010712886637439999,2.00866624452e-05,1348.0,0.4905431850445104,0.20936398831602374,0.17295109424332344
150,1.0,0.08333322666666666,0.16015625,0.008210983999187918,10.148993917770206,8.001519150204878e-05,1.2814933014000001e-05,860.0,0.005080383069767442,0.11056050145348838,0.23857587906976743
150,2.0,0.09635404333333333,0.17578125,0.009138460336097774,10.54379400791683,8.64660286464e-05,1.5199106598000002e-05,1020.0,0.005196831058823529,0.26756280637254903,0.07956283247058824
150,3.0,0.13020816666666665,0.20703125,0.010464134862711558,12.443280631890286,0.0001587049887613585,3.28568922045e-05,2205.0,0.008172102095238096,0.3430502409297052,0.2250144820680272
150,4.0,0.11458318666666666,0.19921875,0.009419435682452055,12.16454897400377,7.053413928508234e-05,1.4051723060700001e-05,943.0,0.0018039952492046659,0.5500273396076352,0.48241442646871685
150,5.0,0.08072906333333332,0.14453125,0.008555033823224705,9.436439995616942,0.0001231006814830703,1.7791895370600002e-05,1194.0,0.0025387288442211054,0.946967912479062,0.1134347232160804
150,6.0,0.16145812666666665,0.2734375,0.015639398689490172,10.32380655243274,0.0003554734694498743,9.719977680270001e-05,6523.0,0.02103009908324391,0.1116320375977311,0.4050782257979457
150,7.0,0.10156237,0.203125,0.008413564417971395,12.071265512992628,9.45599923008e-05,1.9207498436100002e-05,1289.0,0.016711373529868116,0.8181487587276959,0.2523055265166796
150,8.0,0.08333322666666666,0.1484375,0.00907842875882011,9.179256552044274,9.807737227654736e-05,1.45583599473e-05,977.0,0.02504871402251791,0.4554399628966223,0.09137483005117707
150,9.0,0.21354139333333333,0.30859375,0.01129352474804796,18.908303483395926,0.0002821895782257418,8.70819401556e-05,5844.0,0.040317356468172486,0.7547330862850787,0.05646100952772074
150,10.0,0.12499984,0.20703125,0.005911846114207778,21.14396037806047,5.4053263745932076e-05,1.11907147599e-05,751.0,0.03460741390146471,0.45530958721704395,0.3252555962716378
150,11.0,0.08854155333333333,0.18359375,0.008615970920843926,10.276445237196874,0.00010112954163962554,1.85667517854e-05,1246.0,0.03773001476725522,0.8837404695024077,0.35284068982343497
150,12.0,0.08333322666666666,0.15625,0.006895158297353302,12.085759756763528,5.989044043008e-05,9.3578813172e-06,628.0,0.04651722267515924,0.9196855095541401,0.09182774063694268
150,13.0,0.20312474,0.32421875,0.010400096273123556,19.531044200516202,0.00017501557605536388,5.6743331299200003e-05,3808.0,0.05883158521008404,0.5677049139968487,0.0077534965966386555
150,14.0,0.19791641333333332,0.2578125,0.007847318241948597,25.220898048374288,0.00010496143584349091,2.7060370178400003e-05,1816.0,0.06333013110132159,0.8419108789922908,0.43482839709251103
150,15.0,0.32812458,0.30859375,0.008783008382542036,37.359019336952066,0.00022588686634839495,6.970727516220001e-05,4678.0,0.0727622789910218,0.5394624772873022,0.14752318676357418
150,16.0,0.08854155333333333,0.09765625,0.004497016937024789,19.688952604192796,5.4626185156608004e-05,5.3345883942e-06,358.0,0.06264168670391063,0.5544801850558659,0.3916605720670391
150,17.0,0.12239567666666666,0.17578125,0.007830928294514396,15.629778752080444,0.00011325354340352001,1.99078494264e-05,1336.0,0.06827587077844312,0.12047974363772455,0.27924060718562876
150,18.0,0.15885396333333332,0.2890625,0.012437227122847302,12.772458182541115,0.00018975444243684322,5.485089351690001e-05,3681.0,0.06768109965770171,0.6545393575115458,0.48860631589242054
150,19.0,0.23177053666666667,0.37109375,0.012378180857070915,18.724119427797017,0.0002528930565394864,9.384703270020001e-05,6298.0,0.09510311275960623,0.33502141056684664,0.3468043975865354
150,20.0,0.13541649333333333,0.24609375,0.013954647523956734,9.70404254932675,0.0002908237644178286,7.156991077470001e-05,4803.0,0.07382086036227357,0.8030413933999584,0.1779238236102436
150,21.0,0.08072906333333332,0.13671875,0.00765136011908821,10.550942848962855,6.147080692004572e-05,8.4042118836e-06,564.0,0.07313811063829788,0.9277828568262412,0.003594571914893617
150,22.0,0.15364563666666667,0.19921875,0.008814649382686493,17.430714484055766,0.00015460664464715294,3.0800542488300006e-05,2067.0,0.0881030037735849,0.08537811441702951,0.4304990188679245
150,23.0,0.12239567666666666,0.22265625,0.012849158692406227,9.525579035692177,0.00023992315224252632,5.342038936650001e-05,3585.0,0.08339795159832636,0.09810190027894003,0.19162640535564854
150,24.0,0.17187478,0.23046875,0.011065954521113525,15.53185309699835,0.00029314828555541695,6.75615189366e-05,4534.0,0.10165873291574767,0.2407401025584473,0.017482879400088223
150,25.0,0.24218719,0.2890625,0.010536938007363193,22.98458905526065,0.00022341639595796755,6.458130195660001e-05,4334.0,0.13000595828334105,0.7250420007498847,0.08940007974157821
150,26.0,0.08854155333333333,0.15625,0.009321004676390559,9.499142679072223,0.000100135290528,1.5646139145000002e-05,1050.0,0.10965187702857143,0.3740290178571429,0.3000010921142857
150,27.0,0.12499984,0.22265625,0.009495493089187897,13.164123108291433,0.00011879040313263159,2.6449425697500003e-05,1775.0,0.12315769527887324,0.8618067781690141,0.4755368548056338
150,28.0,0.15364563666666667,0.2578125,0.01103717699809655,13.920736859902137,0.00018535865900334546,4.7787779274300005e-05,3207.0,0.14384329893358277,0.44243183855628315,0.11459339330215154
150,29.0,0.10416653333333332,0.19140625,0.010017931601762693,10.398008039404544,9.139656449358368e-05,1.74938736726e-05,1174.0,0.14308849921635433,0.6481946071124361,0.4842024044974446
150,30.0,0.18489559666666666,0.21484375,0.0083640686601258,22.105939606656186,0.00022582892187648,4.8517932434400006e-05,3256.0,0.16612437316953318,0.06584238713144963,0.1376457720884521
150,31.0,0.21354139333333333,0.3515625,0.013651428707576435,15.642420870924633,0.0002462586404096,8.6575303269e-05,5810.0,0.15731625228227195,0.4060503173407917,0.20428962869535283
150,32.0,0.11979151333333332,0.22265625,0.009949582194119544,12.039853633666462,0.00012046350740210526,2.6821952820000003e-05,1800.0,0.15941148426666668,0.5275303819444445,0.46042091333333335
150,33.0,0.12499984,0.21484375,0.007332658764007976,17.0470008250699,8.697465234432e-05,1.8685960464600002e-05,1254.0,0.16170556440191386,0.6595924292264753,0.26988723023923444
150,34.0,0.08854155333333333,0.14453125,0.004239361267682058,20.885588121095637,1.7526897698594596e-05,2.5331844330000003e-06,170.0,0.15869674447058824,0.2928768382352941,0.07033529788235295
150,35.0,0.10937485999999999,0.1875,0.007383034690015436,14.814350005413738,7.422727091519999e-05,1.39176132966e-05,934.0,0.1665860798286938,0.5907847631156317,0.14569145987152035
150,36.0,0.14583314666666666,0.19140625,0.0079057983460022,18.446352953134898,0.0001555454308843102,2.9772367630200003e-05,1998.0,0.1682889523123123,0.5200552114614615,0.40961462174174174
150,37.0,0.16406229,0.328125,0.012417285267666972,13.212412090362237,0.00023669167085348572,7.766445449880001e-05,5212.0,0.18934209310821182,0.7433746642363775,0.16182603490406752
150,38.0,0.11197902333333333,0.171875,0.008223916649954111,13.616264378598508,0.00010195593217396364,1.75236758424e-05,1176.0,0.19562921591836735,0.11856598107993198,0.1010307787755102
150,39.0,0.2604163333333333,0.31640625,0.009569635987949705,27.21277315681132,0.00018437609049600003,5.8337747383500005e-05,3915.0,0.19904263380842913,0.44580240261813536,0.06634272208429119
150,40.0,0.12499984,0.2109375,0.00784939885229312,15.924766004658126,7.198438169173334e-05,1.5184205513100001e-05,1019.0,0.19591959473994114,0.793286923454367,0.3615706212365064
150,41.0,0.11979151333333332,0.234375,0.014293368424245471,8.380915525142,0.00024146910058752,5.6594320450200006e-05,3798.0,0.2147084666034755,0.6362487246577145,0.08997671064770933
150,42.0,0.09895820666666666,0.140625,0.007146398155108273,13.84728425688554,7.58697016064e-05,1.06691767884e-05,716.0,0.21085512536312848,0.8620373603351955,0.3025753863687151
150,43.0,0.09895820666666666,0.19921875,0.00928399665757786,10.659009294870241,0.00010860611902644705,2.1636375274800002e-05,1452.0,0.21660531239669423,0.2454776816460055,0.3224020026446281
150,44.0,0.22395804666666666,0.25,0.00576201796475992,38.867988270147315,0.0001124137844856,2.8103446121400003e-05,1886.0,0.238035205514316,0.4602415827147402,0.4616881572852598
150,45.0,0.12239567666666666,0.21875,0.00918342816744899,13.327885233588779,9.618437430308573e-05,2.10403318788e-05,1412.0,0.2266919435694051,0.5133039350212465,0.28495218526912186
150,46.0,0.18489559666666666,0.265625,0.012208991962667358,15.144214791199815,0.00028643741929185884,7.60849394994e-05,5106.0,0.22773126740305524,0.89481660668821,0.17634998185663925
150,47.0,0.10937485999999999,0.203125,0.010070727265608856,10.860671440632784,0.00011282642991359999,2.2917868576200002e-05,1538.0,0.22684764951885567,0.41101471066319895,0.11569378704811444
150,48.0,0.16406229,0.24609375,0.010058293801797865,16.31114513384713,0.00014677426711405715,3.61202297976e-05,2424.0,0.23157686178217823,0.7617123040429042,0.420600040990099
150,49.0,0.17447894333333333,0.26953125,0.011542811359410952,15.115809996416441,0.0002265586863126261,6.10646459202e-05,4098.0,0.2403886560468521,0.8672809144704734,0.05013150980966325
150,50.0,0.15885396333333332,0.3046875,0.014401616908885317,11.030286691998155,0.00023528736641280002,7.16891194539e-05,4811.0,0.24056503123674913,0.17286638043026398,0.26958577187279154
150,51.0,0.09895820666666666,0.15625,0.005779381837952018,17.12262823972425,5.903213793984e-05,9.223771553100001e-06,619.0,0.25159277777059774,0.23845794628432956,0.03188097654281098
150,52.0,0.09635404333333333,0.16796875,0.008055028668026347,11.961973979782512,9.306039403222325e-05,1.56312380601e-05,1049.0,0.25117048724499524,0.13288325190657768,0.19882724362249762
150,53.0,0.10156237,0.20703125,0.010122077255636923,10.033747760958901,0.00014035135060528304,2.9057115555000003e-05,1950.0,0.2570245824,0.07753605769230769,0.3012983072
150,54.0,0.13020816666666665,0.21875,0.006411882804606116,20.307321676735697,6.825548374765714e-05,1.4930887069800001e-05,1002.0,0.2566364594011976,0.5621530376746507,0.3548051046706587
150,55.0,0.23177053666666667,0.375,0.007372092448562647,31.438908055453844,7.907509053600001e-05,2.9653158951e-05,1990.0,0.268572647879397,0.8012032820351759,0.1173942896080402
150,56.0,0.14062481999999998,0.2421875,0.01111506461088633,12.651732124190177,0.00019067235965976775,4.6178462105100005e-05,3099.0,0.27058054319457886,0.2095030655050016,0.4130870858470474
150,57.0,0.10677069666666666,0.18359375,0.009673481171857559,11.037463635871628,0.00011111263443390639,2.0399585228100002e-05,1369.0,0.27956865519357194,0.5271440147918188,0.39997443716581443
150,58.0,0.09895820666666666,0.171875,0.007451181724086993,13.280874139302004,6.86641992192e-05,1.18016592408e-05,792.0,0.2789755721212121,0.533267242739899,0.4678560860606061
150,59.0,0.10677069666666666,0.13671875,0.007274899152730245,14.676587870856737,0.00012370454938697144,1.69127313615e-05,1135.0,0.2893938764405286,0.9446895649779735,0.35727985353303965
150,60.0,0.23958302666666664,0.37890625,0.010237140284417644,23.403315770845246,0.00017480662401451547,6.62353223805e-05,4445.0,0.30261496278965133,0.4698792533745782,0.11417689063667041
150,61.0,0.14322898333333334,0.26953125,0.009815656857365546,14.59188981589715,0.00013119174295262608,3.5360274467700006e-05,2373.0,0.29970309522123895,0.5115887062789718,0.32648874093552466
150,62.0,0.1901039233333333,0.296875,0.010830991217189891,17.551849089455352,0.00026677647576757896,7.919926624350001e-05,5315.0,0.3152144593941674,0.833887729303857,0.4013623015315146
150,63.0,0.21354139333333333,0.34765625,0.0094703729326279,22.548361595943877,0.0001258843652352,4.37644863513e-05,2937.0,0.3090624536057201,0.17795582226762002,0.11558320768130746
150,64.0,0.08854155333333333,0.1484375,0.006280501070513222,14.097848617371225,6.856381296303158e-05,1.0177440986700001e-05,683.0,0.3038974650658858,0.6961875457540263,0.3461311828989751
150,65.0,0.13802065666666666,0.21875,0.00993966985755143,13.88583913195152,0.00022145566633097145,4.8443427009900004e-05,3251.0,0.32732392750538297,0.6652868828821901,0.23334887682559213
150,66.0,0.11197902333333333,0.22265625,0.013071532594766282,8.566633064753912,0.00015713795298896843,3.49877473452e-05,2348.0,0.3216642239182283,0.2481017754471891,0.29899122909710396
150,67.0,0.10156237,0.20703125,0.011963913829774743,8.489058968917048,0.00015208328401485283,3.14859923937e-05,2113.0,0.32726730139138666,0.32217411559394227,0.4367178168670137
150,68.0,0.10677069666666666,0.19921875,0.009827981017908003,10.863950232719723,0.0001003035851339294,1.9982354850900003e-05,1341.0,0.3212015803131991,0.6905556720730798,0.4520722720357942
150,69.0,0.23958302666666664,0.3984375,0.008409147391851625,28.49076315380321,0.00010456704848414118,4.1663433380400005e-05,2796.0,0.3600495689270386,0.24945793097281832,0.37537834763948497
150,70.0,0.13802065666666666,0.17578125,0.008215398001368262,16.800239823278133,0.000152587109376,2.6821952820000003e-05,1800.0,0.3582575464,0.06740451388888889,0.1453707216
150,71.0,0.29687462,0.39453125,0.012917044462979607,22.98316931948682,0.0003958955644750574,0.0001561931719218,10482.0,0.3713523588780767,0.5224965267840107,0.4342410713680595
150,72.0,0.08072906333333332,0.15625,0.006739559532751798,11.978388638162413,5.254718579136e-05,8.210497779900001e-06,551.0,0.36335121364791284,0.5399841197822142,0.20285508413793102
150,73.0,0.0781249,0.14453125,0.0093536534017959,8.352340699838207,0.00011877050675753513,1.7166049804800002e-05,1152.0,0.3640720795833334,0.945159912109375,0.08391803875
150,74.0,0.2682288233333333,0.265625,0.009537668146550092,28.123102965199667,0.00038780687026334113,0.00010301119991370001,6913.0,0.3787354803298134,0.8930722687328222,0.25803588515550413
150,75.0,0.15104147333333331,0.13671875,0.00806112714757219,18.73701661917381,0.00023749093666450285,3.24694639971e-05,2179.0,0.37758587080312067,0.9471517898118403,0.15467114918770078
150,76.0,0.2864579666666667,0.3984375,0.008796349739874644,32.56554993125466,0.00021930657092668237,8.73799618536e-05,5864.0,0.38043873233287856,0.692887747271487,0.31821434087312417
150,77.0,0.09114571666666667,0.17578125,0.00879024488616914,10.368962167376967,9.206088932352e-05,1.6182578201400003e-05,1086.0,0.3706431867403315,0.16455168047882135,0.43886930121546963
150,78.0,0.1562498,0.25,0.012265742830143578,12.738714822555185,0.00028651806045720005,7.162951511430001e-05,4807.0,0.38315769396297067,0.1755780957457874,0.27812315033908885
150,79.0,0.17447894333333333,0.28125,0.011045147176477553,15.79688713473323,0.0001815680638304,5.10660179523e-05,3427.0,0.3989157837408812,0.3226172672891742,0.05456710662386927
150,80.0,0.09114571666666667,0.14453125,0.008542138707507899,10.67012838208263,0.0001258843652352,1.81942246629e-05,1221.0,0.3901121257985258,0.32941108722358725,0.31758435027027027
150,81.0,0.0781249,0.1328125,0.007174402590900202,10.88939448409144,6.451293227294117e-05,8.568123817500002e-06,575.0,0.3864664019478261,0.09496603260869566,0.37653436215652175
150,82.0,0.12239567666666666,0.234375,0.012082537280375004,10.129964743867761,0.00015888132763776,3.7237811165100004e-05,2499.0,0.3935110849459784,0.3320171818727491,0.43161998098439375
150,83.0,0.11979151333333332,0.20703125,0.006834670119897949,17.52703659896931,6.355397055613586e-05,1.31576579667e-05,883.0,0.38945610944507364,0.7761714326160816,0.37435979687429216
150,84.0,0.21874971999999998,0.2890625,0.007387008137109635,29.61276283169111,0.0001392357373056,4.02478303149e-05,2701.0,0.4032502229988893,0.6252270571084784,0.17899791620881156
150,85.0,0.08593739,0.15625,0.0051032892996804285,16.839607741889424,5.53128271488e-05,8.642629242e-06,580.0,0.41014846510344827,0.5613348599137931,0.3905600184827586
150,86.0,0.15104147333333331,0.18359375,0.008730420221497188,17.30059601958439,0.00016037879155690214,2.9444543762400004e-05,1976.0,0.42695440421052633,0.4940912038208502,0.20815949684210527
150,87.0,0.09895820666666666,0.125,0.007738230450959515,12.788221712161102,0.0001652232293712,2.0652903671400003e-05,1386.0,0.43273022337662337,0.24482830537518038,0.4618057825108225
150,88.0,0.08072906333333332,0.16015625,0.007738666373738205,10.43190899239357,6.875724013955121e-05,1.1011901741100001e-05,739.0,0.43491145851150204,0.31938747462787553,0.2430273294722598
150,89.0,0.09895820666666666,0.16796875,0.009090581527434045,10.885794970104527,0.00011816629633071628,1.98482450868e-05,1332.0,0.435962190990991,0.8882290493618619,0.28192671351351356
150,90.0,0.17187478,0.3046875,0.009008362273261154,19.0794702506762,0.0001005998987136,3.06515316393e-05,2057.0,0.42987060285853185,0.8779377582644629,0.07304213040350024
150,91.0,0.11458318666666666,0.203125,0.008615180427201679,13.300149385714578,0.00012903881028480003,2.6211008339100003e-05,1759.0,0.44762090496873225,0.8990570814383172,0.145207088118249
150,92.0,0.13281233,0.24609375,0.011805165416373897,11.250357391501504,0.00018867517175222856,4.6431780548400006e-05,3116.0,0.4499710179204108,0.1650277800064185,0.1833507070089859
150,93.0,0.12760400333333333,0.19140625,0.008750390084172563,14.582664556193846,0.00015904870635467756,3.0442916450700004e-05,2043.0,0.460332124287812,0.9275594254772394,0.38280291594713656
150,94.0,0.15364563666666667,0.2265625,0.013539598596156034,11.34787235939827,0.0002474278902898758,5.60578813938e-05,3762.0,0.46621628555023925,0.25347533725412014,0.4871559955342903
150,95.0,0.17968726999999998,0.22265625,0.008637609534107771,20.80289335729517,0.0002246644413049263,5.00229420093e-05,3357.0,0.4840712213047364,0.5342148868036938,0.47374301569258265
150,96.0,0.20833306666666665,0.390625,0.011425491926974809,18.23405661639885,0.000170172773731584,6.64737397389e-05,4461.0,0.4727080163550773,0.5670498486886348,0.2843626259583053
150,97.0,0.16666645333333333,0.19921875,0.006887762362755079,24.197474383635292,0.00016103923847378824,3.20820357897e-05,2153.0,0.4829767303669299,0.8558443160705992,0.3258372043474222
150,98.0,0.11197902333333333,0.18359375,0.007342679887715547,15.250429685853051,5.786947286440851e-05,1.06244735337e-05,713.0,0.4803689052454418,0.5450287079242637,0.20073307220196354
150,99.0,0.10416653333333332,0.171875,0.008154978518291656,12.77336698063487,7.672704079418182e-05,1.31874601365e-05,885.0,0.4942386711864407,0.9296963276836158,0.10448419579661018
150,100.0,0.0781249,0.1171875,0.003960173919529477,19.72764368118517,1.309706022144e-05,1.5348117447e-06,103.0,0.4901951953398058,0.9284359830097088,0.06030020970873786
150,101.0,0.10937485999999999,0.19921875,0.006824796321618094,16.026098779467787,5.175994102362353e-05,1.03115507508e-05,692.0,0.4947969856647399,0.3370777637283237,0.21909942104046243
160,1.0,0.13281233,0.19921875,0.008799578553718162,15.093033057120861,0.00021040565621308237,4.1916751823700006e-05,2813.0,0.005409441137575542,0.07498666903661572,0.22833104540348384
160,2.0,0.10937485999999999,0.22265625,0.012967952191426704,8.434243000395178,0.0001677119719720421,3.73421187594e-05,2506.0,0.0055031844852354355,0.34309376247007184,0.2209846946528332
160,3.0,0.12239567666666666,0.23046875,0.01163329271838147,10.521155070161035,0.00013260854293651526,3.05621251299e-05,2051.0,0.004656634227206241,0.5431363511701609,0.4812341029351536
160,4.0,0.09374988,0.15234375,0.009198525359422368,10.191837967155111,0.0001084737848064,1.65253031541e-05,1109.0,0.004374707015329125,0.9505255297565374,0.11151100003606854
160,5.0,0.19531225,0.26953125,0.008810016744335191,22.169339249620048,0.00032762000368194785,8.83038291174e-05,5926.0,0.021251962659466755,0.10935720237090786,0.40175638849814377
160,6.0,0.09635404333333333,0.171875,0.008323857179560707,11.575648314813883,0.00010100226274036364,1.7359763908500002e-05,1165.0,0.012821855587982833,0.824480284334764,0.25463822956223175
160,7.0,0.10677069666666666,0.18359375,0.010601880203567608,10.070920875972318,0.00013992562583203404,2.5689470367600003e-05,1724.0,0.021127456426914153,0.6707171729988399,0.14074019582366587
160,8.0,0.21614555666666666,0.33203125,0.008818663690797058,24.510012428779984,0.00015738911546518588,5.2258104744300005e-05,3507.0,0.04716614939264328,0.7667700313658398,0.056286835517536354
160,9.0,0.08593739,0.16015625,0.008319872823950726,10.32917110855455,7.834045493572682e-05,1.25467134858e-05,842.0,0.03281798308788599,0.3785675846199525,0.4525810489311164
160,10.0,0.15364563666666667,0.19140625,0.008404364760095127,18.281647816643265,0.00016371974031516735,3.13369815447e-05,2103.0,0.042042695805991445,0.4427231930575369,0.3186538962624822
160,11.0,0.09374988,0.15625,0.006812920792017227,13.760600315484036,5.62664965824e-05,8.791640091e-06,590.0,0.0416610427118644,0.8815810381355932,0.3566496431186441
160,12.0,0.17708310666666666,0.27734375,0.014114205041824649,12.546445665336162,0.0003273638230380169,9.07923102957e-05,6093.0,0.06674682619399311,0.7964576409404235,0.17743196053175775
160,13.0,0.13541649333333333,0.21875,0.004979274456109338,27.19602916589255,2.3228662632685716e-05,5.0812699509e-06,341.0,0.0515371664516129,0.618928702346041,0.015561956129032259
160,14.0,0.14843731,0.16796875,0.007840200915736999,18.932845164982165,0.0001632327216580465,2.7417996216e-05,1840.0,0.060697449913043475,0.8013969089673914,0.4336924189565218
160,15.0,0.10156237,0.1953125,0.008226645076680921,12.34553928768443,0.000178374330860544,3.4838736496200006e-05,2338.0,0.05778912841745082,0.1676529752994012,0.08483708366124892
160,16.0,0.08333322666666666,0.15625,0.010253647551762248,8.127178766969083,0.00012044844946368,1.88200702287e-05,1263.0,0.05686161710213777,0.5632886728028503,0.39147298090261284
160,17.0,0.21614555666666666,0.2890625,0.008862931824676104,24.387591029965492,0.00017439263210101624,5.04103702167e-05,3383.0,0.07249926015962163,0.551414009385161,0.14851159605084244
160,18.0,0.09895820666666666,0.19140625,0.010090280372457346,9.807280175958756,0.0001690914293697306,3.2365156402800005e-05,2172.0,0.07268717723756907,0.1223796472145488,0.2759959986740332
160,19.0,0.28124963999999997,0.4296875,0.010237599023311162,27.472226579649238,0.0002904703700303127,0.00012481148712240002,8376.0,0.0919067012034384,0.3215987270176695,0.3458759594842407
160,20.0,0.12760400333333333,0.203125,0.005910550527731485,21.58919084349808,3.20579648064e-05,6.5117741013000005e-06,437.0,0.07075925821510297,0.5998283752860412,0.0007597949656750572
160,21.0,0.18229143333333334,0.30859375,0.012542605765366262,14.533776851752158,0.00018421513362956965,5.684763889350001e-05,3815.0,0.07433477447968545,0.6659321756225426,0.4895465842411533
160,22.0,0.08072906333333332,0.14453125,0.00775121081654485,10.415026148046223,6.258133472380541e-05,9.0449585343e-06,607.0,0.07014821930807248,0.7386802409390445,0.2235469719934102
160,23.0,0.15104147333333331,0.2421875,0.013285382940876651,11.368996588619723,0.0002585982341561807,6.26292598347e-05,4203.0,0.08264536896502499,0.0932518439210088,0.19316603089221984
160,24.0,0.10416653333333332,0.19140625,0.008185186457755119,12.726226075722431,0.00011327257354187755,2.1681078529500002e-05,1455.0,0.08921261525773196,0.08963165807560138,0.43148917674226805
160,25.0,0.10416653333333332,0.12109375,0.005375145474000818,19.37929565575093,6.091178962993548e-05,7.3760370255e-06,495.0,0.10627340218181819,0.6844302398989899,0.4562409406060606
160,26.0,0.14062481999999998,0.26171875,0.008799205379592114,15.981536278963253,0.00022176372799235822,5.8039725685500004e-05,3895.0,0.10688906766623878,0.25538851893453146,0.01781024805134788
160,27.0,0.0781249,0.15234375,0.008905386489013603,8.772769165760646,7.560886894080001e-05,1.15185386277e-05,773.0,0.10911194576972832,0.3771527328589909,0.29754380895213456
160,28.0,0.13020816666666665,0.24609375,0.01092048100405856,11.92329958893525,0.00013115225353508571,3.2275749893400006e-05,2166.0,0.12547217994459836,0.8697032981301939,0.47097874725761774
160,29.0,0.17708310666666666,0.26171875,0.012508750948069497,14.156737743187403,0.0003028967992090746,7.9273771668e-05,5320.0,0.1373696847518797,0.7117752878289474,0.0892748390075188
160,30.0,0.08854155333333333,0.15625,0.0060857567950179815,14.548979907612578,3.5857970703360004e-05,5.602807922400001e-06,376.0,0.1354821165957447,0.7656665558510638,0.1991455174468085
160,31.0,0.17447894333333333,0.21875,0.008274003821450906,21.087607293700426,0.00014693321201965715,3.21416401293e-05,2157.0,0.13991836573018082,0.45782807429299954,0.1142280919054242
160,32.0,0.10156237,0.19140625,0.011214371522762267,9.05644777274007,0.0001689357282377143,3.2335354233e-05,2170.0,0.14201792560368665,0.7977642569124423,0.3993716374562212
160,33.0,0.10677069666666666,0.1796875,0.00613316124211551,17.408754221801328,7.795211022469565e-05,1.4007019806000002e-05,940.0,0.14782001719148935,0.6252701130319149,0.48508851880851067
160,34.0,0.08333322666666666,0.1484375,0.004563559644265488,18.26057577035991,2.6501971628463158e-05,3.9338864136e-06,264.0,0.14935449454545455,0.40843986742424243,0.34204014
160,35.0,0.16145812666666665,0.2265625,0.007618459703261725,21.193014461642537,0.00013528951895966896,3.06515316393e-05,2057.0,0.15109571795819152,0.6785234109139524,0.2785849850461838
160,36.0,0.10416653333333332,0.1875,0.009727144879290236,10.708849783363572,0.00011189721354239999,2.0980727539200003e-05,1408.0,0.14982844056818181,0.35686146129261365,0.4334469882954545
160,37.0,0.20312474,0.33203125,0.01318615959794602,15.404389617098241,0.0002510955520466824,8.337157001550001e-05,5595.0,0.15993417222520107,0.40044473302055406,0.20899431249329758
160,38.0,0.11197902333333333,0.21484375,0.010541289400181092,10.622896220969857,0.00011284510316125091,2.4244065132300002e-05,1627.0,0.15999378025814381,0.5382966157037492,0.4561645609342348
160,39.0,0.08072906333333332,0.17578125,0.007243590500493734,11.144896074375092,6.0271908203520004e-05,1.05946713639e-05,711.0,0.1665728418565401,0.5359199191279888,0.4176352924894515
160,40.0,0.10416653333333332,0.1875,0.009222589914395441,11.294715942074028,0.00011475822184320001,2.15171665956e-05,1444.0,0.17432137030470915,0.45724766274238227,0.38932011656509696
160,41.0,0.2760413133333333,0.3203125,0.009622722571151389,28.68640463156407,0.00020092186749845855,6.435778568310001e-05,4319.0,0.18821040322296828,0.7282076652581616,0.1650705212132438
160,42.0,0.18489559666666666,0.29296875,0.01002170199184106,18.449520532260408,0.000150400027474944,4.40625080493e-05,2957.0,0.20138602486303686,0.4961809371829557,0.06988497179573894
160,43.0,0.12760400333333333,0.23046875,0.007102070613005026,17.967154973039836,6.284519928536948e-05,1.4483854522800002e-05,972.0,0.19962011654320988,0.1394434799382716,0.09787100395061729
160,44.0,0.13020816666666665,0.24609375,0.009207816174858519,14.141047583268824,9.203666914742857e-05,2.2649649048000003e-05,1520.0,0.20949139421052632,0.24170949835526315,0.32238687
160,45.0,0.0781249,0.16796875,0.009294013134509052,8.40593819583911,0.00010148817042217675,1.70468411256e-05,1144.0,0.21390249272727271,0.44488909527972026,0.18490958727272727
160,46.0,0.14322898333333334,0.2578125,0.013630444343539072,10.508020114635874,0.00020842011985221817,5.3733312149400005e-05,3606.0,0.21538428898502496,0.6607791268025514,0.09216061577371049
160,47.0,0.14583314666666666,0.21875,0.006375702870077152,22.873265840398542,8.031259015817144e-05,1.75683790971e-05,1179.0,0.2213436604580153,0.5535013782866837,0.2941425225445293
160,48.0,0.18229143333333334,0.26171875,0.011992793502350045,15.200081056812365,0.00032515857524117016,8.510009586390001e-05,5711.0,0.22644701047102084,0.8885121640255647,0.17461870898966905
160,49.0,0.14322898333333334,0.1796875,0.008076358788029996,17.734351220950412,0.0001665189758842435,2.9921378479200004e-05,2008.0,0.24926791266932272,0.22826662101593626,0.034290484302788846
160,50.0,0.0781249,0.17578125,0.009445705476075966,8.270943890625675,9.841868554752e-05,1.73001595689e-05,1161.0,0.23199061788113695,0.34643155146425497,0.4948711491472868
160,51.0,0.0781249,0.125,0.005706811839058954,13.689762726237474,3.23055520632e-05,4.0381940079e-06,271.0,0.2231890042804428,0.06552698339483395,0.06741507188191882
160,52.0,0.16666645333333333,0.24609375,0.010166983212913337,16.392911234637047,0.00017032838836297142,4.1916751823700006e-05,2813.0,0.23059244314255245,0.759034504976893,0.416156895442588
160,53.0,0.11718735,0.14453125,0.008903791167923124,13.1615115168222,0.00020960107659554595,3.0293905601700003e-05,2033.0,0.23114449865223807,0.9305175541072307,0.34776872358091493
160,54.0,0.14583314666666666,0.23046875,0.007113648367093074,20.500471648454564,7.189697696021695e-05,1.65700064088e-05,1112.0,0.23165197553956834,0.4077464590827338,0.11380085525179856
160,55.0,0.0781249,0.140625,0.007532862728693918,10.37120983267216,4.57761328128e-05,6.4372686768e-06,432.0,0.23167529666666667,0.3145616319444444,0.0016728111111111112
160,56.0,0.17708310666666666,0.27734375,0.010081317655693953,17.565472363292677,0.0001616671169409803,4.4837364464100004e-05,3009.0,0.23739138297108675,0.8559347997673645,0.04969129332003988
160,57.0,0.17447894333333333,0.3125,0.012718529584890333,13.71848389931923,0.00020923507373184,6.53859605412e-05,4388.0,0.24187441640838653,0.16146397134229717,0.269833676390155
160,58.0,0.11197902333333333,0.20703125,0.00919370415531228,12.179968100086178,0.00017331592423462642,3.5881812439200006e-05,2408.0,0.25301339401993356,0.07407437448089702,0.3007447917607974
160,59.0,0.11197902333333333,0.203125,0.007976701680378893,14.03826140430694,0.00012155617319040001,2.4691097679300003e-05,1657.0,0.27421121149064576,0.554531910078455,0.39429567700663853
160,60.0,0.15104147333333331,0.25,0.00911531634219422,16.5700747690096,0.000101923420716,2.5480855179000002e-05,1710.0,0.27207761122807017,0.7019234283625732,0.11350368421052633
160,61.0,0.13802065666666666,0.14453125,0.009428800267766843,14.63819921379627,0.0003187833393179676,4.60741545108e-05,3092.0,0.2855818964553687,0.9398649741267788,0.354575923622251
160,62.0,0.11979151333333332,0.234375,0.014083753333749352,8.505652612238888,0.00024515662239744,5.745858337440001e-05,3856.0,0.2764956412033195,0.7227757877334025,0.012023135228215766
160,63.0,0.14062481999999998,0.23828125,0.007709159149627103,18.24126565175426,0.00010693604796432787,2.5480855179000002e-05,1710.0,0.27903117529824567,0.8263112207602339,0.17681789529824563
160,64.0,0.10937485999999999,0.1796875,0.009145890195340935,11.958908062958958,0.00012704535411088694,2.2828462066800003e-05,1532.0,0.29215717472584857,0.4695557278067885,0.3283612881462141
160,65.0,0.30208294666666663,0.296875,0.009803405690203494,30.814081984645085,0.0002664753169990737,7.910985973410001e-05,5309.0,0.31680938156338295,0.8440987591825202,0.40267050864569603
160,66.0,0.10156237,0.21484375,0.011788107145605003,8.615663969245972,0.00015855187819706183,3.4063880081400005e-05,2286.0,0.30198943223097113,0.44876250820209973,0.11011034393700787
160,67.0,0.08333322666666666,0.14453125,0.010279625153539192,8.106640604300216,0.00013712219964194595,1.9818442917e-05,1330.0,0.30244870881203006,0.056775728383458644,0.49126988896240603
160,68.0,0.09114571666666667,0.125,0.006711786078580205,13.579949599041365,9.584377807680001e-05,1.1980472259600001e-05,804.0,0.3162766895522388,0.2544795553482587,0.02878422746268657
160,69.0,0.16145812666666665,0.2734375,0.009787019422733974,16.497170353174166,0.00014871793624539431,4.0665060692100005e-05,2729.0,0.3161012714400879,0.1502839868083547,0.11698752228655185
160,70.0,0.14062481999999998,0.21875,0.008876943814439136,15.841580496573748,0.00014107495692754286,3.08601468279e-05,2071.0,0.3167760706904877,0.24585986540318686,0.29814362653790444
160,71.0,0.14843731,0.25,0.009084306752937114,16.339971121297467,0.0001403086154184,3.50771538546e-05,2354.0,0.32249213852166525,0.3199341546304163,0.4311184667459643
160,72.0,0.10937485999999999,0.18359375,0.007257910377416597,15.069745190065465,6.452486806059576e-05,1.1846362495500002e-05,795.0,0.31858703818867923,0.8749901729559748,0.47319552603773585
160,73.0,0.09374988,0.1953125,0.009572196853712252,9.793977436187209,0.000105208811914752,2.0548596077100003e-05,1379.0,0.32220531411167513,0.6990147978607687,0.45691394088469905
160,74.0,0.08333322666666666,0.1484375,0.005215797446029954,15.977082608929996,3.493441714661052e-05,5.185577545200001e-06,348.0,0.32902214620689657,0.5650143678160919,0.07449356827586207
160,75.0,0.08333322666666666,0.16015625,0.009466384990365593,8.803067565018642,0.00012160448289904391,1.94757179643e-05,1307.0,0.3586343750267789,0.16701236132364192,0.3643682093343535
160,76.0,0.10416653333333332,0.16796875,0.009166609603262706,11.36369255828861,0.00024511522279412095,4.11716975787e-05,2763.0,0.3596964190228013,0.06485958423814694,0.14936313780673183
160,77.0,0.2760413133333333,0.41015625,0.013277229003898864,20.790581623038488,0.00040174006082852574,0.0001647761968242,11058.0,0.36904960121540964,0.5132165344094773,0.43575364770482905
160,78.0,0.15364563666666667,0.25,0.010062243207059436,15.269521269260563,0.0001780977667248,4.4524441681200006e-05,2988.0,0.36488504208835343,0.8850087851405622,0.2832592679518073
160,79.0,0.11979151333333332,0.2109375,0.010113360912655859,11.844876729695885,0.00020231920428373333,4.26767071536e-05,2864.0,0.37820491189944133,0.2916743955132682,0.016406480782122906
160,80.0,0.27864547666666667,0.41015625,0.008181658170331304,34.05733542830027,0.0002312421312329143,9.484540538850001e-05,6365.0,0.3808129857407698,0.7114204880204242,0.31957032290337783
160,81.0,0.11458318666666666,0.203125,0.008365828349290397,13.69657395329965,7.299239126400001e-05,1.48265794755e-05,995.0,0.3734659880201005,0.13099481783919598,0.4357106465125628
160,82.0,0.12760400333333333,0.2734375,0.010674057178924756,11.954592447310407,0.0002704061559727543,7.393918327380001e-05,4962.0,0.3857687530834341,0.17647322778113664,0.27927490476420797
160,83.0,0.11718735,0.203125,0.008435879626289519,13.891538901858926,0.0001079113643712,2.1919495887900002e-05,1471.0,0.390176548307274,0.332806657885792,0.3211680786403807
160,84.0,0.16406229,0.3046875,0.01180816405569264,13.893971088664426,0.0002011019851776,6.127326110880001e-05,4112.0,0.40014593498054474,0.31622005714980544,0.05452016684824903
160,85.0,0.16145812666666665,0.265625,0.008638735768646717,18.6900179598802,0.00011180371653910588,2.96978622057e-05,1993.0,0.3946076592072253,0.3201909809332664,0.43086728790767687
160,86.0,0.10677069666666666,0.18359375,0.0046261647181640745,23.079743842117093,3.1410218791761705e-05,5.766719856300001e-06,387.0,0.38975594666666663,0.8085735626614987,0.3698058604651163
160,87.0,0.10156237,0.1953125,0.008360569137252761,12.147781847465573,0.00017089756250112,3.3378430176e-05,2240.0,0.3920827365,0.909375,0.23446072092857143
160,88.0,0.10416653333333332,0.14453125,0.0056494327597032285,18.438405723905866,7.598425649331893e-05,1.0982099571300001e-05,737.0,0.41560379527815466,0.5845541468792401,0.008461753270013568
160,89.0,0.10156237,0.17578125,0.009623571710370649,10.553500618751908,0.00021794525455871998,3.8310689277900006e-05,2571.0,0.42941063859976664,0.2490655994749125,0.4648516760793466
160,90.0,0.08854155333333333,0.1640625,0.009558432252323586,9.263187832064146,0.00012951739164891428,2.12489470674e-05,1426.0,0.43310641447405335,0.5188875131486677,0.20357372499298737
160,91.0,0.10416653333333332,0.19140625,0.009408514569638583,11.071517460309865,8.641412826906123e-05,1.6540204239e-05,1110.0,0.43563901708108105,0.3163675394144144,0.11865116021621622
160,92.0,0.10677069666666666,0.2109375,0.00799679286536582,13.351689666627667,6.944126320213332e-05,1.4647766456700002e-05,983.0,0.44489212467955236,0.20488539547304171,0.37921324907426246
160,93.0,0.09635404333333333,0.1796875,0.009886743743444832,9.745781405249689,0.0001511773371698087,2.7164677772700004e-05,1823.0,0.4392109402084476,0.5747801529072957,0.41180619172792104
160,94.0,0.17708310666666666,0.25,0.011313332347293628,15.652603603484557,0.0002197612001052,5.494030002630001e-05,3687.0,0.44783764947111476,0.18376962130458369,0.18168571690805532
160,95.0,0.08333322666666666,0.1640625,0.008769050064183655,9.503107640704807,9.146143996525714e-05,1.5005392494300002e-05,1007.0,0.4532246962462761,0.5640593967229395,0.03212853306852036
160,96.0,0.17968726999999998,0.32421875,0.015183941472192684,11.834033365386233,0.0002494247718625157,8.086818775230001e-05,5427.0,0.46735566797125483,0.26999334922609175,0.4908618468546158
160,97.0,0.17708310666666666,0.21875,0.007503169772243891,23.601106204705847,0.00013269628976091428,2.90273133852e-05,1948.0,0.4701073613963039,0.8937632347279261,0.3145174908418891
160,98.0,0.08593739,0.125,0.005008712142032553,17.15758214148963,5.6028079224e-05,7.003509903000001e-06,470.0,0.4626608834042553,0.03498171542553191,0.39526993225531915
160,99.0,0.0781249,0.1328125,0.008263600086660983,9.454099808884555,7.786430434334116e-05,1.0341352920600001e-05,694.0,0.46630036426512966,0.7596643101585014,0.27368445786743517
160,100.0,0.14062481999999998,0.265625,0.012889603356238523,10.909941610572375,0.00019280952019312943,5.1215028801300005e-05,3437.0,0.47478488979924355,0.5229021948647076,0.2872149051847541
160,101.0,0.17447894333333333,0.15625,0.007208631669345165,24.20416957566415,0.00018997095117312,2.9682961120800004e-05,1992.0,0.4835315260240964,0.5264044459086346,0.4735217860240964
160,102.0,0.08072906333333332,0.1796875,0.009785454817979312,8.24990404993805,0.00012663071522671306,2.27539566423e-05,1527.0,0.47873695591355603,0.6907334643091028,0.3785471440471513
160,103.0,0.0781249,0.140625,0.00590020735623581,13.241043116464605,4.11137489152e-05,5.7816209412e-06,388.0,0.47804122144329897,0.7629772068298969,0.1149924569072165
160,104.0,0.08072906333333332,0.11328125,0.010019554310421038,8.057151129902998,0.00019481164567746207,2.2068506736900003e-05,1481.0,0.48763511432815665,0.04511837440918298,0.2075397708575287
160,105.0,0.10937485999999999,0.20703125,0.011389445576864804,9.603176841388256,0.00013063471864030189,2.7045469093500002e-05,1815.0,0.4916976909752066,0.31827221074380163,0.21629808608264464
160,106.0,0.11718735,0.1953125,0.011810319380295753,9.92245393426993,0.000199583939063808,3.89812380984e-05,2616.0,0.49152624073394496,0.9186392034594801,0.20733757486238533
160,107.0,0.0781249,0.1328125,0.0048454567929421405,16.12333023251723,1.5483103745505883e-05,2.0563497162e-06,138.0,0.49738040695652175,0.9406136775362319,0.10617613217391304
170,1.0,0.2526038433333333,0.24609375,0.007161294329166323,35.2734899199067,0.00020635590029897144,5.0782897339200005e-05,3408.0,0.016199777887323945,0.1044566552963615,0.40160972690140845
170,2.0,0.13020816666666665,0.21484375,0.010446576451973505,12.464195065749843,0.0001421834428276364,3.0547224045000004e-05,2050.0,0.005929862868292683,0.10202934451219513,0.23826825436097562
170,3.0,0.13541649333333333,0.2265625,0.010739045512624187,12.609732696834715,0.00013903842638830346,3.1500893478600005e-05,2114.0,0.005946206395458846,0.3540108355014191,0.21692566569536423
170,4.0,0.13541649333333333,0.234375,0.013456634263202647,10.06317706825336,0.00017166049804800002,4.0232929230000004e-05,2700.0,0.0060206732444444445,0.5308622685185185,0.4776629843555556
170,5.0,0.14583314666666666,0.14453125,0.005438780911260917,26.813572571883018,6.753010583870271e-05,9.7602106095e-06,655.0,0.004571195358778626,0.9384243797709924,0.22407802845801528
170,6.0,0.08072906333333332,0.1484375,0.007400725845752754,10.908262921219194,6.063329872572632e-05,9.0002552796e-06,604.0,0.01130158013245033,0.9050600165562914,0.3536537666225166
170,7.0,0.21093723,0.3046875,0.008249066800728032,25.571041560893104,0.00011502720552960001,3.50473516848e-05,2352.0,0.02729800755102041,0.7144102758290817,0.13114470040816326
170,8.0,0.13802065666666666,0.1796875,0.006099850238712589,22.626892672007102,8.524975458615654e-05,1.5318315277200002e-05,1028.0,0.03373121836575876,0.9305652662937743,0.2897799305836576
170,9.0,0.13281233,0.2265625,0.010080205909531261,13.175557244760281,0.00018060525963211035,4.0918379135400006e-05,2746.0,0.04129575644573926,0.43504756919155135,0.32324136
170,10.0,0.20052057666666664,0.28125,0.01257835239001757,15.941720381900236,0.0003529106720672,9.925612651890001e-05,6661.0,0.06283146869238852,0.7932789746284342,0.17575968835910524
170,11.0,0.22135388333333333,0.28125,0.0076901943491412645,28.78391277042967,0.0001127979013408,3.1724409752100004e-05,2129.0,0.05075635051197746,0.5341746418506341,0.388864448961954
170,12.0,0.08333322666666666,0.15625,0.0071746512296928765,11.614951584236644,7.371864721728e-05,1.15185386277e-05,773.0,0.04678391968952134,0.37949244016817596,0.1847479706080207
170,13.0,0.09895820666666666,0.19140625,0.010353730623466699,9.557734334171123,0.00014565840900127348,2.78799298479e-05,1871.0,0.06073983982896847,0.7967246793158739,0.43332853558524853
170,14.0,0.10677069666666666,0.1640625,0.006546741685622203,16.308982665553142,8.755593657051428e-05,1.4364645843600002e-05,964.0,0.05842543717842324,0.8097121369294605,0.05764540481327801
170,15.0,0.13802065666666666,0.19140625,0.006695355408209454,20.614388370994284,8.524636977893877e-05,1.6316687965500002e-05,1095.0,0.0667735162739726,0.7449950057077626,0.22085773939726028
170,16.0,0.09895820666666666,0.16796875,0.007385236731760659,13.399463045116873,0.00012411009652152558,2.08466177751e-05,1399.0,0.06001620849177985,0.14699115439599714,0.09168216120085775
170,17.0,0.15364563666666667,0.22265625,0.008335712997877335,18.43221290197876,0.00019448164028362106,4.3302552719400007e-05,2906.0,0.06805675540261528,0.5679117558499656,0.15021482213351686
170,18.0,0.10937485999999999,0.125,0.00625496929248223,17.48607465290937,0.0001325600512704,1.65700064088e-05,1112.0,0.06530657179856116,0.048118536420863306,0.36110062402877696
170,19.0,0.14322898333333334,0.1796875,0.005738549930952364,24.959089849648343,0.00012090869862511304,2.1725781784200002e-05,1458.0,0.0730397221399177,0.12075081447187928,0.27655804115226335
170,20.0,0.08593739,0.1640625,0.0079595729363575,10.796733780459219,0.00012661097051794288,2.07721123506e-05,1394.0,0.07312711058823529,0.20753284164275465,0.48841450467718794
170,21.0,0.13541649333333333,0.265625,0.013025683724301629,10.39611403128811,0.0003935849850669176,0.0001045460116584,7016.0,0.08842294255416192,0.31990439263825543,0.34813501019384263
170,22.0,0.20312474,0.3359375,0.013730164260318482,14.79405024942421,0.0002116259008235163,7.10930760579e-05,4771.0,0.08038822495912806,0.6691215481555229,0.4881002851226158
170,23.0,0.12760400333333333,0.2265625,0.01458675693382731,8.747935124456227,0.00028603505977423447,6.48048182301e-05,4349.0,0.08422891750747298,0.08097946366980915,0.1929196637755806
170,24.0,0.11718735,0.2109375,0.008064849999628854,14.53062983259366,9.063391728213335e-05,1.9118091926700002e-05,1283.0,0.1040070651909587,0.36317468823070925,0.29525146063912705
170,25.0,0.22395804666666666,0.26953125,0.006746996338493893,33.193740655958315,0.00011913957271930435,3.2111837959500004e-05,2155.0,0.11039251756844548,0.2625036252900232,0.01851249611136891
170,26.0,0.08072906333333332,0.14453125,0.006739559532751798,11.978388638162413,6.041624736103784e-05,8.732035751400001e-06,586.0,0.11883368682593856,0.9041168941979523,0.2800327462116041
170,27.0,0.16666645333333333,0.265625,0.008905987750581419,18.713977382514663,0.00011247689496282353,2.98766752245e-05,2005.0,0.12618226737157107,0.8643644794264339,0.4667576891371571
170,28.0,0.19531225,0.2578125,0.009762053787272067,20.007290909895566,0.00029107147076421814,7.50418635564e-05,5036.0,0.13581164969023035,0.7263809943407467,0.0885008469579031
170,29.0,0.42968694999999996,0.3515625,0.009725072978434435,44.18341651037892,0.00032072962684672,0.0001127565094383,7567.0,0.15571014964979518,0.3709977327540637,0.21498025652438219
170,30.0,0.17187478,0.21484375,0.007282534574324387,23.600956266787804,0.00011409354314705455,2.45122846605e-05,1645.0,0.13411344846200607,0.4492068768996961,0.11171134015805471
170,31.0,0.08854155333333333,0.1875,0.008533973194386764,10.375185311288732,0.000124771750896,2.3394703293000002e-05,1570.0,0.1396829127133758,0.7231115644904459,0.28756395332484075
170,32.0,0.10156237,0.20703125,0.008854376424645172,11.470301817902437,0.000176266901349917,3.6492756920100005e-05,2449.0,0.14670172223764805,0.7934408814822377,0.39925951790935077
170,33.0,0.08593739,0.140625,0.006493462574828884,13.234447570873176,7.385639946879999e-05,1.03860561753e-05,697.0,0.14606367288378766,0.5976674587517934,0.48835005451936875
170,34.0,0.10937485999999999,0.19140625,0.009813787369207145,11.145020356074454,0.00010260704599875918,1.9639629898200002e-05,1318.0,0.15107635119878604,0.37200659142640363,0.43226635593323215
170,35.0,0.09895820666666666,0.140625,0.004502351742167892,21.97922604310299,3.35903567168e-05,4.723643913300001e-06,317.0,0.152645261829653,0.2245539235015773,0.097656
170,36.0,0.13802065666666666,0.2421875,0.0064836628496341775,21.28745122434213,4.952928348696774e-05,1.19953733445e-05,805.0,0.1546434317515528,0.5376310170807453,0.4544485648695652
170,37.0,0.15104147333333331,0.2265625,0.010620749769895929,14.221356929192895,0.0001850776404241655,4.1931652908600004e-05,2814.0,0.16647051155650322,0.8427560856432125,0.26974849876332624
170,38.0,0.0781249,0.140625,0.009584187281955743,8.151437122591147,0.0001640311425792,2.3066879425200003e-05,1548.0,0.17063178015503877,0.9440053698320413,0.33566284992248063
170,39.0,0.19270808666666667,0.296875,0.010939759152349253,17.615386589684075,0.00018616631206433686,5.52681238941e-05,3709.0,0.17519470602318685,0.4693155584389323,0.38366038207603126
170,40.0,0.08854155333333333,0.1640625,0.0074661921078161145,11.85899747217086,5.9218330543542855e-05,9.7155073548e-06,652.0,0.1672074419631902,0.6072900690184049,0.15058495288343557
170,41.0,0.19791641333333332,0.3203125,0.009930990544032348,19.9291714613769,0.00013174594321732684,4.21998724368e-05,2832.0,0.18614433610169492,0.7157541048728814,0.1690303979661017
170,42.0,0.09635404333333333,0.1640625,0.006795280131697931,14.179554259120357,5.558530412982857e-05,9.1194639588e-06,612.0,0.18796865176470587,0.29961958741830064,0.36685146588235296
170,43.0,0.09374988,0.1875,0.01021591883795147,9.176842679263007,0.0001897802172864,3.5583790741200005e-05,2388.0,0.19397229708542715,0.06495694618927973,0.22438551618090452
170,44.0,0.13541649333333333,0.24609375,0.011997526140655664,11.287034655790533,0.00013805500372114285,3.3974473572000005e-05,2280.0,0.1966971732631579,0.5453142132675438,0.06721731010526316
170,45.0,0.13541649333333333,0.2265625,0.007589216879979901,17.843276252989618,8.990800798146208e-05,2.03697830583e-05,1367.0,0.21640340997805413,0.6193506538039503,0.31273923230431605
170,46.0,0.08072906333333332,0.140625,0.006730604438254333,11.994325929258059,9.55788699008e-05,1.34407785798e-05,902.0,0.20433056407982264,0.33344737389135254,0.054087565942350334
170,47.0,0.0781249,0.16015625,0.009648230618506731,8.09732925020935,0.0001176967642442927,1.88498723985e-05,1265.0,0.21163637767588933,0.440726902173913,0.18417381211067194
170,48.0,0.15104147333333331,0.27734375,0.012276113524592493,12.303688217834981,0.00018772512681681125,5.20643906406e-05,3494.0,0.21342224091585577,0.6861528244848312,0.08833144512879222
170,49.0,0.08333322666666666,0.16015625,0.008296632122564864,10.044223419286016,8.131776438696585e-05,1.3023548202600001e-05,874.0,0.21070008274599542,0.8734044264874142,0.29531666032036613
170,50.0,0.11197902333333333,0.2265625,0.013725897533264109,8.158229584765374,0.0003145136021707035,7.125698799180001e-05,4782.0,0.22485794328732747,0.8864981963613551,0.17027105746549562
170,51.0,0.08333322666666666,0.1484375,0.006523750230733403,12.773822375063293,4.427033897027368e-05,6.5713784409000005e-06,441.0,0.23296602775510203,0.49015022675736963,0.47068420462585037
170,52.0,0.13802065666666666,0.2421875,0.010917817136378984,12.641781314212663,0.0001739985263368258,4.2140268097200005e-05,2828.0,0.23122302568599717,0.7464487380657708,0.416462092446959
170,53.0,0.11458318666666666,0.18359375,0.005869365156578504,19.522245355315725,5.795063622045958e-05,1.06393746186e-05,714.0,0.230098872605042,0.2587699142156863,0.2346452107563025
170,54.0,0.08593739,0.140625,0.00651377181204802,13.193183992268237,4.9802737088e-05,7.003509903000001e-06,470.0,0.23340615114893618,0.5090093085106383,0.2545663363404255
170,55.0,0.12760400333333333,0.23046875,0.010147415610497918,12.575024836996107,0.00013739305399322033,3.16648054125e-05,2125.0,0.2365618944,0.8520551470588236,0.04841531723294118
170,56.0,0.18749976,0.3359375,0.011297483258534389,16.596595516825236,0.0001834593849939349,6.16308871464e-05,4136.0,0.2418081560541586,0.1620366522606383,0.2717136532688588
170,57.0,0.0781249,0.15234375,0.008558586991521564,9.128247463908851,0.0001357634024448,2.0682705841200002e-05,1388.0,0.2406657541210375,0.9198233744596542,0.35182895792507207
170,58.0,0.11979151333333332,0.19921875,0.007882934075492455,15.19631043290817,0.0001349348751540706,2.68815571596e-05,1804.0,0.2526886893126386,0.08283458633592018,0.30183932221729487
170,59.0,0.13541649333333333,0.24609375,0.011013374056994941,12.2956409754671,0.00014168803013485715,3.4868538666e-05,2340.0,0.25953709599999997,0.22444244123931623,0.03503513333333333
170,60.0,0.08333322666666666,0.15234375,0.007901070832409726,10.547080064747513,6.97401339648e-05,1.06244735337e-05,713.0,0.2597485242075736,0.5581883327489481,0.23981464729312765
170,61.0,0.10677069666666666,0.171875,0.007142965426909748,14.947670930119388,5.609310213992728e-05,9.6410019303e-06,647.0,0.26390666114374034,0.5737176391035549,0.38620457545595055
170,62.0,0.16145812666666665,0.2734375,0.009286141319567868,17.38699865857524,0.00012626583300864,3.45258137133e-05,2317.0,0.27085652364264134,0.713648440871817,0.10858655979283556
170,63.0,0.14583314666666666,0.26953125,0.013733199772903274,10.61902171949813,0.0002298757973860174,6.195871101420001e-05,4158.0,0.27054234943722943,0.2116411510942761,0.4197394858297258
170,64.0,0.13020816666666665,0.22265625,0.0072281332807251795,18.014079377020455,8.77375878912e-05,1.95353223039e-05,1311.0,0.27609906196796336,0.8171243325705568,0.17606535066361556
170,65.0,0.16666645333333333,0.2734375,0.010641704424754626,15.661631509482213,0.00020686452399689144,5.6564518280400004e-05,3796.0,0.2717044093150685,0.707608543532666,0.013283891506849315
170,66.0,0.08072906333333332,0.1796875,0.009766568874322685,8.265857167666972,0.00012621607634253913,2.2679451217800002e-05,1522.0,0.28959687894875163,0.4650670376149803,0.3278354267542707
170,67.0,0.22656220999999999,0.3125,0.011090249643752879,20.42895491785635,0.00023097873681792,7.21808552556e-05,4844.0,0.30272835834847234,0.41708815028901736,0.10490963930635838
170,68.0,0.10156237,0.18359375,0.006859485782443737,14.80612005347983,5.949273998542979e-05,1.09224952317e-05,733.0,0.2898078358526603,0.10016093963165075,0.38313659590723054
170,69.0,0.0781249,0.16796875,0.008094827800686008,9.651212097850827,0.00012304553529332094,2.06678047563e-05,1387.0,0.30080441874549385,0.06605420872386446,0.4891896723287671
170,70.0,0.08593739,0.14453125,0.004396548359358873,19.546558567260213,3.3919702016691894e-05,4.9024569321e-06,329.0,0.29885110613981763,0.777830547112462,0.41159777799392094
170,71.0,0.09895820666666666,0.18359375,0.009765629819186326,10.13331536203078,0.00014520124397535318,2.66580408861e-05,1789.0,0.30154142166573505,0.8355444731693683,0.2550126227389603
170,72.0,0.08072906333333332,0.15625,0.009923365321355081,8.135250564604771,0.00014934463330176,2.33350989534e-05,1566.0,0.310136997394636,0.5824852330779055,0.1285105566283525
170,73.0,0.10416653333333332,0.17578125,0.006188619986351188,16.83194857061339,5.4592276910080005e-05,9.5962986756e-06,644.0,0.30902664968944105,0.23426581909937888,0.30290646931677023
170,74.0,0.09895820666666666,0.203125,0.010503436173947068,9.421507878738252,0.000120675862944,2.45122846605e-05,1645.0,0.3147348990638298,0.8893355813069909,0.47516738159270516
170,75.0,0.18229143333333334,0.28515625,0.007955936496355722,22.912630513935515,8.444546875055342e-05,2.40801531984e-05,1616.0,0.31976296930693066,0.3037109375,0.4255118477227723
170,76.0,0.16666645333333333,0.26953125,0.011245115673683437,14.821230672030984,0.00015319524640612173,4.12909062579e-05,2771.0,0.3199233114976543,0.15748629781667267,0.1192241963190184
170,77.0,0.12760400333333333,0.2265625,0.009661020770699026,13.208128453707952,0.00011259876347056553,2.55106573488e-05,1712.0,0.31995003336448596,0.6881616895443925,0.2293204738317757
170,78.0,0.16666645333333333,0.2734375,0.009716959842569917,17.15211918476487,0.00016261426227785143,4.44648373416e-05,2984.0,0.3276443889008043,0.8519984186494638,0.4039692291152815
170,79.0,0.0781249,0.15234375,0.007475789919529478,10.450387295650108,6.9446697216e-05,1.0579770279000001e-05,710.0,0.3248726278309859,0.7231734154929578,0.4632030395492958
170,80.0,0.12499984,0.20703125,0.013513250032507652,9.250168516034169,0.0002747287719283925,5.68774410633e-05,3817.0,0.35337707544144614,0.3103161023054755,0.39145242580036677
170,81.0,0.14583314666666666,0.12109375,0.007359273528984474,19.81624220003555,0.00017707487934843873,2.1442661171100002e-05,1439.0,0.35809416883947187,0.05893306984016678,0.3876162766365532
170,82.0,0.21354139333333333,0.18359375,0.009306220545219642,22.94609205699771,0.0002293676442003064,4.21104659274e-05,2826.0,0.3559025577919321,0.07260980626326964,0.145239974522293
170,83.0,0.15885396333333332,0.2421875,0.00909666178340193,17.462885519519205,0.00018273536888980648,4.4256222153e-05,2970.0,0.3612568350707071,0.8903540614478115,0.28985418747474745
170,84.0,0.26562466,0.421875,0.012164410888259257,21.83621241011954,0.0003976801538112,0.0001677713148891,11259.0,0.3665530406608047,0.5129351380007106,0.4344487237729816
170,85.0,0.09114571666666667,0.19140625,0.01057694273859617,8.617397193053542,0.00012424950334902858,2.3782131500400003e-05,1596.0,0.35802549714285714,0.7918330983709273,0.1953083287218045
170,86.0,0.09635404333333333,0.16796875,0.009466594807301028,10.178321275462336,0.00010672226312751629,1.7926005134700002e-05,1203.0,0.3614554597506235,0.5270287822111388,0.2961452700249376
170,87.0,0.17447894333333333,0.2421875,0.01050449326453663,16.60993433375578,0.00023269534179840002,5.63559030918e-05,3782.0,0.37485392452670546,0.28300481722633525,0.01668931227921735
170,88.0,0.11197902333333333,0.16015625,0.007875237344698102,14.219129968028419,0.0001292338383678439,2.0697606926100003e-05,1389.0,0.36314111274298055,0.9328428725701944,0.08135468958963284
170,89.0,0.2682288233333333,0.26171875,0.007878936097971724,34.04378713039486,0.00018373082162550448,4.8085800972300006e-05,3227.0,0.38252221372172296,0.6329166021072203,0.3169652900154942
170,90.0,0.10677069666666666,0.1953125,0.007237404303643591,14.75262292765849,5.9585266211328e-05,1.16377473069e-05,781.0,0.3766320583866838,0.11107554417413572,0.4307142262740077
170,91.0,0.24739551666666665,0.30078125,0.00880124311533398,28.109156107236874,0.000205348561156987,6.17649969105e-05,4145.0,0.38383355070687575,0.17525539053075995,0.28219827485645355
170,92.0,0.10156237,0.19921875,0.008320302788656855,12.206571392865763,9.431977692310589e-05,1.8790268058900002e-05,1261.0,0.39005866391752575,0.34571086934972245,0.323283953814433
170,93.0,0.09114571666666667,0.16015625,0.00460296150736151,19.80153788401173,3.5913795255570726e-05,5.7518187714000004e-06,386.0,0.39327032580310883,0.9278355731865285,0.22616724808290156
170,94.0,0.11718735,0.25,0.012772342426414035,9.17508676855147,0.0002268541165176,5.67135291294e-05,3806.0,0.4042168120231214,0.29968819791119283,0.05542786240672622
170,95.0,0.14322898333333334,0.22265625,0.008809685447728543,16.258126829064366,0.00011972734152353686,2.66580408861e-05,1789.0,0.4182438898155394,0.5862803067356065,0.008167294980435998
170,96.0,0.10937485999999999,0.19921875,0.009917163163019927,11.028845467406194,0.00013254135186974115,2.6404722442800004e-05,1772.0,0.41716967837471786,0.25168418453724606,0.4723387051015801
170,97.0,0.26562466,0.359375,0.009388144974067187,28.29362570920382,0.000219343969728,7.882673912100001e-05,5290.0,0.43594192214744804,0.6264834888941399,0.4196741678336484
170,98.0,0.08854155333333333,0.17578125,0.01042401055654786,8.494000735419036,0.0001284274837248,2.25751436235e-05,1515.0,0.43472067960396044,0.9112546410891089,0.2838444156831683
170,99.0,0.11979151333333332,0.21484375,0.010954719762776592,10.935150868977672,0.00021251222869457455,4.5656924133600005e-05,3064.0,0.44030680872062666,0.19920345137075718,0.1784733518537859
170,100.0,0.11979151333333332,0.20703125,0.008150955905777128,14.696621441471553,7.499800375933586e-05,1.55269304658e-05,1042.0,0.43328149036468333,0.3258644733685221,0.12036992337811901
170,101.0,0.14062481999999998,0.23046875,0.009071889770489427,15.501160569372008,9.394452115395253e-05,2.1651276359700003e-05,1453.0,0.4419091943289746,0.20909594373709567,0.38159770901582934
170,102.0,0.08072906333333332,0.15234375,0.008156219299127696,9.897853450552422,0.0001014313028352,1.54524250413e-05,1037.0,0.4615936381099325,0.07123538452266152,0.330768499903568
170,103.0,0.17187478,0.3359375,0.011641675784069572,14.763749067397397,0.00019650026003944184,6.6011806107e-05,4430.0,0.470325845200903,0.27533507336343116,0.4937844476749436
170,104.0,0.10677069666666666,0.18359375,0.009813681859454049,10.879779698972888,0.00012044642037977872,2.2113209991600002e-05,1484.0,0.4619892148787062,0.9240992461253369,0.3160750942318059
170,105.0,0.22135388333333333,0.34375,0.007174681328745488,30.852085715148778,6.875089644043636e-05,2.3633120651400002e-05,1586.0,0.47261316983606555,0.25531259851828497,0.0015836773770491804
170,106.0,0.08854155333333333,0.15625,0.007558349073900595,11.714403829147333,6.895030004928e-05,1.0773484382700001e-05,723.0,0.4636296265560166,0.41621823132780084,0.45011987120331953
170,107.0,0.19270808666666667,0.2734375,0.009501055845394454,20.282807490293838,0.00022021589606729142,6.0215284080900004e-05,4041.0,0.47922537241276913,0.5380929457436278,0.2855305809057164
170,108.0,0.21354139333333333,0.24609375,0.010828996261187282,19.71940779947419,0.00021664947513782857,5.33160817722e-05,3578.0,0.4863787375740637,0.31235589016210175,0.2162864781665735
170,109.0,0.08072906333333332,0.16796875,0.008121107160151386,9.940647468543988,0.00011381933798221397,1.9118091926700002e-05,1283.0,0.4785950822759158,0.6780464487529229,0.37604486497272016
170,110.0,0.13281233,0.1953125,0.007160407800317451,18.548151684057977,0.000151900467383808,2.9668060035900003e-05,1991.0,0.48789840096433956,0.9209391480411854,0.2079803032044199
170,111.0,0.10416653333333332,0.1875,0.009035073268057758,11.529129896666094,9.600272298240002e-05,1.80005105592e-05,1208.0,0.48171732278145696,0.9265961299668874,0.4391674394701987
170,112.0,0.10937485999999999,0.1953125,0.009615470475733547,11.374883868244208,0.000110701947852288,2.16214741899e-05,1451.0,0.4931459743625086,0.5249127756719504,0.47752909066850446
170,113.0,0.14322898333333334,0.23828125,0.008452007069732623,16.946150441147743,8.442319576131147e-05,2.0116464615000002e-05,1350.0,0.4949452028444445,0.16975405092592594,0.2424313816888889
180,1.0,0.14843731,0.2265625,0.01193830077960202,12.433704992055691,0.00016245265524082757,3.6805679703000004e-05,2470.0,0.004482687157894736,0.10373386892712551,0.23441077389473686
180,2.0,0.16927061666666665,0.1796875,0.00610136129962059,27.74309016533616,9.677671556619131e-05,1.73895660783e-05,1167.0,0.02608344061696658,0.15691610432733505,0.3970473715167095
180,3.0,0.14062481999999998,0.203125,0.008074930933110555,17.414987343530097,9.771443735040002e-05,1.98482450868e-05,1332.0,0.00465258990990991,0.359228368993994,0.22004712108108107
180,4.0,0.15364563666666667,0.2734375,0.015530714422859805,9.893017956760199,0.00018822709849453716,5.1468347244600006e-05,3454.0,0.005071100220034742,0.5196228557469601,0.47727093998841924
180,5.0,0.08333322666666666,0.1640625,0.007507380817201318,11.100173109072749,6.984493280365714e-05,1.1458934288100001e-05,769.0,0.013539769466840051,0.8690822090377113,0.35059138954486346
180,6.0,0.13020816666666665,0.11328125,0.00845211737163059,15.405390263948355,0.0002528210553626483,2.86398851778e-05,1922.0,0.03448648982310094,0.9557122300988553,0.29856315021852237
180,7.0,0.0781249,0.1953125,0.009441017633865189,8.275050744504897,0.000226668150978048,4.4271123237900005e-05,2971.0,0.03856540951868058,0.7676261149444631,0.11294766082800405
180,8.0,0.13020816666666665,0.234375,0.009717216372740808,13.399739356626114,0.000192323335776,4.50757818225e-05,3025.0,0.04449949868429753,0.42330578512396694,0.3249475152396694
180,9.0,0.08593739,0.16796875,0.010243168385332194,8.389727354580922,0.00010255273165038141,1.7225654144400003e-05,1156.0,0.04014371211072665,0.5041225129757786,0.38417160788927335
180,10.0,0.08593739,0.15234375,0.00879361620191098,9.772701926805103,0.0001078869113088,1.64358966447e-05,1103.0,0.05213573178603808,0.051631204669084316,0.14804047550317317
180,11.0,0.09895820666666666,0.1796875,0.00788595602922396,12.548663256546833,6.883005477286958e-05,1.2367900467000002e-05,830.0,0.05123998554216867,0.6687217620481928,0.014716641542168675
180,12.0,0.13541649333333333,0.26953125,0.011350250358370114,11.93070540805049,0.00031363285198914785,8.45338546377e-05,5673.0,0.06443505726070863,0.7901910640313767,0.1752650633950291
180,13.0,0.08854155333333333,0.203125,0.010383041448888679,8.527516120318497,0.00014202338641920002,2.8848500366400002e-05,1936.0,0.061943967520661156,0.8239524147727273,0.43156688330578513
180,14.0,0.20052057666666664,0.25390625,0.008691207630768602,23.07165875968536,0.0001660851998208,4.2170070267e-05,2830.0,0.07078507166077738,0.5606517778268552,0.15566711474204947
180,15.0,0.08072906333333332,0.12890625,0.0060062373031435365,13.440871423958134,4.95908105472e-05,6.3925654221000004e-06,429.0,0.05789703272727273,0.048122450466200464,0.36680868363636365
180,16.0,0.10677069666666666,0.203125,0.007681291177210067,13.900097549152798,6.771052978559999e-05,1.37537013627e-05,923.0,0.06735407323943662,0.5712054780606717,0.3992236529577465
180,17.0,0.16666645333333333,0.2421875,0.012128622345253425,13.741581573653233,0.00039438845608877424,9.5515954209e-05,6410.0,0.0852236751575663,0.3023272962168487,0.3501682118939158
180,18.0,0.16927061666666665,0.33203125,0.015101413951361784,11.208925019329234,0.00023206704193626354,7.70535100179e-05,5171.0,0.08459340048733321,0.660280893444208,0.48504078957261654
180,19.0,0.13020816666666665,0.23046875,0.00871054727740205,14.948333614406565,0.00012271624304900338,2.8282259140200002e-05,1898.0,0.09734625863013699,0.11035464963119072,0.0379469194520548
180,20.0,0.09635404333333333,0.15625,0.005370558219778414,17.941159818077317,3.166182519552e-05,4.947160186800001e-06,332.0,0.0988855243373494,0.8293368787650602,0.3603153426506024
180,21.0,0.10677069666666666,0.21484375,0.007974302661961244,13.38934590180289,0.00010896106764986182,2.3409604377900003e-05,1571.0,0.09881718019096117,0.34403594446212604,0.2988609273074475
180,22.0,0.16145812666666665,0.23828125,0.008372514859523046,19.284304581797347,0.0001879823158951869,4.4792661209400004e-05,3006.0,0.1270859968063872,0.7606570712741184,0.08965639473053892
180,23.0,0.14843731,0.28515625,0.0063612156647619095,23.33473943074618,7.388978515673425e-05,2.1070134048600002e-05,1414.0,0.12696799400282885,0.8289123276166902,0.4619059736350778
180,24.0,0.14843731,0.19921875,0.009048846736092268,16.404003109914804,0.0001664246658635294,3.3154913902500004e-05,2225.0,0.12742593783370787,0.4151351825842697,0.10564755257528091
180,25.0,0.2604163333333333,0.28125,0.01187066446296326,21.93780593713504,0.0004299989512832,0.00012093720504840001,8116.0,0.15600870878265158,0.35779247782158696,0.22086090807294234
180,26.0,0.16666645333333333,0.28125,0.008690860559804066,19.177209458885944,0.0001203742751744,3.38552648928e-05,2272.0,0.1319069507746479,0.7806344905369719,0.28374913605633806
180,27.0,0.09374988,0.17578125,0.007923127321680925,11.832433860233683,6.06109906688e-05,1.0654275703500001e-05,715.0,0.14400640581818183,0.5783599213286713,0.4881024436363636
180,28.0,0.11197902333333333,0.21875,0.011361385841020073,9.856106015609042,0.00013044835466742856,2.8535577583500003e-05,1915.0,0.15659432822976502,0.7787206266318538,0.39315336689295044
180,29.0,0.08593739,0.16796875,0.007786611937315034,11.036557451665272,6.901905296193488e-05,1.15930440522e-05,778.0,0.15323707557840618,0.38135644280205655,0.43630391197943447
180,30.0,0.15885396333333332,0.25,0.009099707406599163,17.45704078552366,0.0001447789408884,3.6194735222100004e-05,2429.0,0.1634702741869082,0.8211278432482503,0.27006205951420337
180,31.0,0.13541649333333333,0.21484375,0.013652029368190731,9.919147526070677,0.00040033308878103277,8.600906204280001e-05,5772.0,0.16934958054054053,0.07550729816354816,0.13876220540540543
180,32.0,0.08593739,0.1484375,0.008231633716558535,10.439894795990574,6.515068025330525e-05,9.6708041001e-06,649.0,0.16053502816640985,0.9273341197996918,0.3313653159938367
180,33.0,0.09374988,0.171875,0.009508397023523248,9.859693465477722,0.00012883207075723636,2.21430121614e-05,1486.0,0.164527358923284,0.1874447972745626,0.4611492442530283
180,34.0,0.29687462,0.33984375,0.010499672180048122,28.274656094895274,0.0002638266198607448,8.96598278433e-05,6017.0,0.1800632517467176,0.47252186513212563,0.3803883787668273
180,35.0,0.11197902333333333,0.19921875,0.01018812116881752,10.991135801963585,0.00012289246112978826,2.4482482490700002e-05,1643.0,0.17224188445526475,0.6613687804321363,0.019544276275106513
180,36.0,0.11197902333333333,0.18359375,0.00735459705443841,15.225718350641024,6.606697182556596e-05,1.2129483108600002e-05,814.0,0.17245761670761672,0.5912114173832924,0.15392937022113024
180,37.0,0.11979151333333332,0.19140625,0.008711871340644505,13.7503767731803,0.00015320991390406532,2.9325335083200002e-05,1968.0,0.20013128390243903,0.1991115663109756,0.37497422902439026
180,38.0,0.32812458,0.41015625,0.009854192394427214,33.29796769399007,0.00021696433742701712,8.898927902280001e-05,5972.0,0.20348521197588748,0.6485166453868051,0.07814900141995981
180,39.0,0.08072906333333332,0.1484375,0.008639660368674014,9.344008894845405,0.00012578397897903157,1.86710593797e-05,1253.0,0.20067411715881883,0.045970919792498004,0.22708566167597766
180,40.0,0.09895820666666666,0.17578125,0.008731695255805855,11.333218094260406,9.053501822976e-05,1.59143586732e-05,1068.0,0.19969188988764044,0.1946907186329588,0.08992947191011236
180,41.0,0.11979151333333332,0.16015625,0.008583298645895182,13.956349216699058,0.0001819880402069854,2.9146522064400003e-05,1956.0,0.22014937570552148,0.6136686797034765,0.30988605325153373
180,42.0,0.11458318666666666,0.21875,0.0078072401342575894,14.676529054599479,0.00011852748674742858,2.5927887726000004e-05,1740.0,0.21602517434482757,0.44990795617816093,0.1890833431724138
180,43.0,0.16406229,0.28515625,0.014176713502210189,11.572660333047024,0.00023185924804839452,6.61161137013e-05,4437.0,0.22217235212981745,0.8641405017466757,0.1653910115483435
180,44.0,0.15104147333333331,0.2421875,0.010068584470962495,15.001261971723288,0.0001757828110835613,4.2572399559300005e-05,2857.0,0.23148539575778787,0.742623654620231,0.41613146007700386
180,45.0,0.14843731,0.2421875,0.008362461385788306,17.750432935004486,8.558414078307096e-05,2.0727409095900002e-05,1391.0,0.23398546093457945,0.5779480814162473,0.3463677891588785
180,46.0,0.19270808666666667,0.32421875,0.010488545500790664,18.373194515115525,0.0001700059390306699,5.5119113045100006e-05,3699.0,0.24355865771289537,0.17680348573938903,0.27365592538523925
180,47.0,0.09635404333333333,0.17578125,0.007485610433690995,12.871901922609565,9.519740212736e-05,1.67339183427e-05,1123.0,0.2358822851647373,0.8885727404274265,0.04921584128227961
180,48.0,0.09635404333333333,0.16796875,0.00857275045747839,11.239571688369795,0.0001013107435508093,1.70170389558e-05,1142.0,0.24212531054290717,0.8968879980297724,0.3583616044833625
180,49.0,0.11979151333333332,0.2265625,0.009571744053763398,12.515118734942975,0.00011542688661848275,2.6151403999500003e-05,1755.0,0.26627536,0.20597622863247864,0.03672533333333333
180,50.0,0.10156237,0.1875,0.009144671538774924,11.106180202247693,0.0001224670497648,2.2962571830900002e-05,1541.0,0.26505777578195977,0.7681776241077223,0.17728271252433483
180,51.0,0.15364563666666667,0.26953125,0.012193316148555152,12.600808081636833,0.0002270562529736348,6.11987556843e-05,4107.0,0.26912015275383494,0.20823156348916483,0.41968492283418557
180,52.0,0.08333322666666666,0.16015625,0.007793944336008808,10.692047963655419,6.950156750236098e-05,1.1131110420300001e-05,747.0,0.2627534689156627,0.5535841281793842,0.23696810152610442
180,53.0,0.21093723,0.28125,0.007478344951339528,28.206405477754373,9.2452953424e-05,2.6002393150500002e-05,1745.0,0.27046290897421205,0.7350152220630373,0.10917101350143267
180,54.0,0.11979151333333332,0.234375,0.010118825199488656,11.838480354358415,0.00012149748584064001,2.8475973243900002e-05,1911.0,0.26954384653061225,0.6826146323914181,0.020692238367346936
180,55.0,0.14062481999999998,0.1875,0.012701411125657468,11.07159028306162,0.0002963527764912,5.5566145592100004e-05,3729.0,0.28673467172968625,0.9188078238133548,0.3600570696701529
180,56.0,0.12760400333333333,0.234375,0.013068890334137079,9.763950884186439,0.0002078999365248,4.8726547623e-05,3270.0,0.28761394260550455,0.4028633887614679,0.4890905149357798
180,57.0,0.13020816666666665,0.23828125,0.01003125604761425,12.980245549373079,0.00011744204565906886,2.79842374422e-05,1878.0,0.28911272,0.4762484191959531,0.33020728
180,58.0,0.12239567666666666,0.19140625,0.005643228151089148,21.68894706889428,2.802620376293878e-05,5.364390564000001e-06,360.0,0.2923712133333334,0.4218532986111111,0.0015245186666666666
180,59.0,0.10677069666666666,0.18359375,0.00833708247706981,12.80672189106048,0.00010137303170777873,1.86114550401e-05,1249.0,0.2937217260528423,0.11140162129703764,0.3822329336108887
180,60.0,0.3463537233333333,0.4609375,0.011028973127658454,31.40398651119637,0.00026314810811877966,0.00012129483108600001,8140.0,0.3050065613955774,0.46111169763513515,0.10938503746437346
180,61.0,0.10677069666666666,0.22265625,0.011981794985095039,8.911076912890424,0.00015004399088640002,3.3408232345800005e-05,2242.0,0.30643337727029435,0.8329058876003568,0.2557001705619982
180,62.0,0.12760400333333333,0.234375,0.010682514253755224,11.945128300528754,0.00015023472477312,3.52112636187e-05,2363.0,0.3089516794583157,0.9028512484130343,0.47563389928057553
180,63.0,0.12239567666666666,0.2421875,0.012362034499518495,9.900933108658936,0.00016544626496454193,4.00690172961e-05,2689.0,0.3224986804908888,0.19086440126441057,0.11980419195239866
180,64.0,0.17708310666666666,0.296875,0.008105675007488588,21.84680566431111,8.979550614265264e-05,2.66580408861e-05,1789.0,0.3194513901397429,0.6872707343487983,0.22837093053102295
180,65.0,0.09374988,0.16796875,0.007347742793977745,12.75900404091961,5.93492884724093e-05,9.968825798100001e-06,669.0,0.3192986267264574,0.22258618273542602,0.4263085826008969
180,66.0,0.16927061666666665,0.25,0.006529258845456335,25.924935842367603,0.0001056188897712,2.6404722442800004e-05,1772.0,0.329726776523702,0.873769928047404,0.4042197873589165
180,67.0,0.27864547666666667,0.31640625,0.01079341601059189,25.81624542158144,0.00028831428506168895,9.122444175780001e-05,6122.0,0.3558522747598824,0.3078108410241751,0.38823093349885657
180,68.0,0.13020816666666665,0.1328125,0.008049422654859228,16.176087683513966,0.00022046593376752943,2.9280631828500002e-05,1965.0,0.3588969819847328,0.05181297709923664,0.38686884103816793
180,69.0,0.21093723,0.26953125,0.008334859349280733,25.30783318115657,0.00016707182772980869,4.50310785678e-05,3022.0,0.36234512322964924,0.8675196992885507,0.28994008232958307
180,70.0,0.21354139333333333,0.203125,0.007817490646015453,27.315848908904627,0.00017166049804800002,3.4868538666e-05,2340.0,0.35329019466666667,0.08610109508547009,0.14225140533333333
180,71.0,0.36718702999999997,0.4375,0.01090940059119898,33.65785562006252,0.0003198198564822857,0.000139921187211,9390.0,0.36238092800000005,0.5085197018104366,0.435979856
180,72.0,0.11718735,0.2265625,0.011907409609287751,9.841548568934266,0.00015495484038355862,3.5106956024400005e-05,2356.0,0.35860145358234297,0.263351880836163,0.017483574193548387
180,73.0,0.11458318666666666,0.1953125,0.01264022632970062,9.064963211729179,0.0001773825146496,3.46450223925e-05,2325.0,0.3580417581419355,0.9181888440860215,0.16017348108387097
180,74.0,0.13281233,0.25390625,0.008409378835979947,15.793357938847496,0.000104170045824,2.6449425697500003e-05,1775.0,0.35643284633239436,0.7732724471830986,0.19569602190422536
180,75.0,0.08593739,0.15234375,0.007778717851833648,11.047757694379197,6.12304682496e-05,9.328079147400002e-06,626.0,0.36377952,0.4268358126996805,0.1313832
180,76.0,0.11718735,0.14453125,0.007012071610193506,16.71222949714943,9.639793734227027e-05,1.3932514381500001e-05,935.0,0.36518539533689837,0.9259232954545454,0.08025129856684492
180,77.0,0.19791641333333332,0.25,0.008911759741466295,22.20845479175465,0.0001845946397412,4.61486599353e-05,3097.0,0.38629207191475623,0.6170096565224411,0.311359617229577
180,78.0,0.16927061666666665,0.29296875,0.009662998534619016,17.517400635033884,0.00011871277109452802,3.47791321566e-05,2334.0,0.3806784853470437,0.1840606924807198,0.2792166628277635
180,79.0,0.14843731,0.24609375,0.009872673382799742,15.035168717179358,0.00014417059818422857,3.54794831469e-05,2381.0,0.39107270081478374,0.2470272469550609,0.43226540431751365
180,80.0,0.10937485999999999,0.19921875,0.009916170677364677,11.029949318003013,0.00014832364602578824,2.95488513567e-05,1983.0,0.38313753246596066,0.8522558938477055,0.32471629555219367
180,81.0,0.08593739,0.15625,0.010719659953206482,8.01680187385928,0.00011787354199296,1.8417740936400003e-05,1236.0,0.39003458757281556,0.34523538632686085,0.3216738073786408
180,82.0,0.10416653333333332,0.1796875,0.011384856797437896,9.149569044801291,0.00014288455948633044,2.5674569282700002e-05,1723.0,0.3888953244341265,0.2307113319791062,0.3009913217411492
180,83.0,0.09114571666666667,0.16015625,0.007309584901977662,12.469342361972775,5.461502024616585e-05,8.7469368363e-06,587.0,0.3890069364224872,0.32519697614991483,0.01794740933560477
180,84.0,0.08593739,0.125,0.00918056259835186,9.360797781110703,0.00017166049804800002,2.1457562256000003e-05,1440.0,0.39402975300000004,0.5904676649305556,0.07453051666666667
180,85.0,0.15104147333333331,0.28125,0.016438191870640387,9.188448128720445,0.000264643267824,7.443091907550001e-05,4995.0,0.406977811987988,0.30466169294294293,0.054677584624624624
180,86.0,0.12760400333333333,0.25,0.012376109129937146,10.310510516157786,0.0001845946397412,4.61486599353e-05,3097.0,0.42156301003551827,0.5883478467064901,0.007294717158540523
180,87.0,0.39843699,0.5078125,0.008773094196634232,45.415788440167326,0.00016347361275648002,8.301394397790001e-05,5571.0,0.43527440568659126,0.6400268971010591,0.42501482864835755
180,88.0,0.11718735,0.20703125,0.009957244216218207,11.769054515016016,0.0001923893129066264,3.9830599937700006e-05,2673.0,0.43668051322109985,0.19554778105125328,0.17361285872053872
180,89.0,0.10156237,0.1796875,0.00999116320415404,10.165219797207724,0.00012472337635951306,2.2411231689600003e-05,1504.0,0.43142524819148936,0.9085771276595744,0.281089550106383
180,90.0,0.0781249,0.15625,0.008168248707277845,9.564461465331158,0.00012741023632896,1.99078494264e-05,1336.0,0.4411712134131736,0.5287091831961078,0.20667839820359282
180,91.0,0.14322898333333334,0.23046875,0.006890276375184301,20.787117313491255,6.232795484680677e-05,1.4364645843600002e-05,964.0,0.4439052756846473,0.21924841156639005,0.3834375719502075
180,92.0,0.13802065666666666,0.203125,0.008931872604339365,15.452600230730136,0.00013351372070399999,2.7119974518e-05,1820.0,0.4471711165714286,0.7604631696428571,0.023322613714285713
180,93.0,0.11718735,0.19140625,0.007376659046322752,15.886236474277286,9.147441505959184e-05,1.7508774757500002e-05,1175.0,0.44584327353191494,0.5679554521276595,0.11906884411914893
180,94.0,0.0781249,0.1328125,0.0056528779195294775,13.820376295425604,4.4541972369317646e-05,5.9157307053e-06,397.0,0.4475940997481108,0.4552798331234257,0.15816828211586903
180,95.0,0.08593739,0.16015625,0.008849503364118785,9.710984499812941,7.731700481186342e-05,1.2382801551900001e-05,831.0,0.45779863624548733,0.42782603790613716,0.4616179142238267
180,96.0,0.11458318666666666,0.18359375,0.006745890265130635,16.985628606937876,7.085560983257872e-05,1.3008647117700002e-05,873.0,0.4606656126460481,0.9428336197021764,0.3172958658419244
180,97.0,0.23697886333333332,0.37890625,0.00847651031510205,27.957125576916177,0.00011994605247340207,4.5448308945000004e-05,3050.0,0.47208127097704916,0.277265625,0.49540536598032786
180,98.0,0.22135388333333333,0.30859375,0.008859520516305149,24.984860402541138,0.00011120509901674938,3.4317198524700006e-05,2303.0,0.4712319677637864,0.24947758358662614,0.0023440832305688234
180,99.0,0.16145812666666665,0.26171875,0.011592279786343173,13.928073652680462,0.00027573857115968957,7.216595417070001e-05,4843.0,0.48408178005368574,0.5546310396448483,0.28462318087136074
180,100.0,0.3619787033333333,0.41796875,0.011919029841674754,30.369812656033368,0.00029790137522099435,0.0001245134654244,8356.0,0.48688715149832457,0.2796086831318813,0.20487284495931068
180,101.0,0.10677069666666666,0.19921875,0.00872524975936039,12.23697883858554,9.559133616790589e-05,1.90435865022e-05,1278.0,0.47994026929577466,0.903832281885759,0.43786566309859154
180,102.0,0.09114571666666667,0.1484375,0.006982695985675416,13.053083916820475,5.260239823225263e-05,7.8081684876e-06,524.0,0.49643912152671754,0.2723342080152672,0.07727124183206106
180,103.0,0.1562498,0.265625,0.00713398314435146,21.902182390732918,7.831308995915294e-05,2.08019145204e-05,1396.0,0.496042113008596,0.537045017012894,0.4802562584527221
180,104.0,0.08072906333333332,0.16015625,0.004314837830892027,18.709640199071817,3.675116353873171e-05,5.885928535500001e-06,395.0,0.4970715123037975,0.157782832278481,0.23955140415189874
190,1.0,0.09114571666666667,0.125,0.010224032933682648,8.914849674084179,0.0001797666882336,2.24708360292e-05,1508.0,0.01641372,0.040777312665782495,0.05959994896551724
190,2.0,0.09114571666666667,0.19140625,0.008803418857787284,10.353445421495701,0.00015235355767797553,2.9161423149300004e-05,1957.0,0.003894263791517629,0.09216314831374553,0.2308943134184977
190,3.0,0.14062481999999998,0.23828125,0.010748195384815392,13.083574959817808,0.0001442073255004328,3.4361901779400006e-05,2306.0,0.0054926206418039894,0.2399768945143105,0.08149829391153512
190,4.0,0.09635404333333333,0.16796875,0.007406578509679245,13.009251600778093,7.487413971706047e-05,1.2576515655600001e-05,844.0,0.0038507010426540285,0.3688906990521327,0.22635133478672986
190,5.0,0.17447894333333333,0.3046875,0.012118902948955958,14.397255598813478,0.000169459722432,5.16322591785e-05,3465.0,0.003767576935064935,0.5258455086580086,0.48105937454545455
190,6.0,0.08072906333333332,0.140625,0.0065829771857307375,12.263305956508805,3.96302631296e-05,5.5730057526e-06,374.0,0.0006580029946524064,0.5506245822192514,0.2905762113368984
190,7.0,0.11458318666666666,0.1875,0.00784247062218462,14.61059813759915,0.0001051420550544,1.97141353227e-05,1323.0,0.010115478639455782,0.8659208475056689,0.3467607336054422
190,8.0,0.0781249,0.1171875,0.009373140388858262,8.334975980181213,0.00017000747102976002,1.9922750511300002e-05,1337.0,0.013338772415856397,0.95731172868362,0.06096597612565445
190,9.0,0.09114571666666667,0.08984375,0.011189567024365398,8.14559816909769,0.0003532723293161739,3.1739310837e-05,2130.0,0.026783418816901407,0.027173195422535212,0.2964350172394366
190,10.0,0.14322898333333334,0.14453125,0.010431129991393147,13.730917307282464,0.00035672391786551355,5.1557753754000006e-05,3460.0,0.03489367421965318,0.9494897037572254,0.29765943939884393
190,11.0,0.11979151333333332,0.20703125,0.004498168065882856,26.63117775476489,2.2456216096845282e-05,4.6491384888000005e-06,312.0,0.032188919999999996,0.42351512419871795,0.18403774
190,12.0,0.16666645333333333,0.23046875,0.01072417469715018,15.541191563918005,0.00022603581965190508,5.2094192810400004e-05,3496.0,0.03957526160183066,0.7625936337957666,0.1056992118535469
190,13.0,0.14322898333333334,0.265625,0.011046306657249592,12.96623276697949,0.0001770459254377412,4.70278239444e-05,3156.0,0.04551029520912548,0.42427865573510776,0.32706776714828895
190,14.0,0.10677069666666666,0.1796875,0.00868235509749461,12.297434908815989,8.707416567652174e-05,1.5646139145000002e-05,1050.0,0.03840019931428571,0.5059188988095238,0.38350162239999996
190,15.0,0.11718735,0.1953125,0.007218322774625157,16.234706268879126,6.9121960547328e-05,1.3500382919400001e-05,906.0,0.04217316397350994,0.7586791183774835,0.012574557350993377
190,16.0,0.09635404333333333,0.125,0.007926426775574893,12.156050394642662,0.0001428119976816,1.78514997102e-05,1198.0,0.04968228621035058,0.03325203464106845,0.14864743091819702
190,17.0,0.12499984,0.203125,0.007969022989482344,15.68571707786224,0.0001275716265408,2.5912986641100002e-05,1739.0,0.060371511995399654,0.8388711184588844,0.42896198228867166
190,18.0,0.19791641333333332,0.21484375,0.008097790673215623,24.440791485011424,0.0002454571727643928,5.2734939461100005e-05,3539.0,0.06578741723650748,0.7937601547047188,0.17318583807855328
190,19.0,0.09114571666666667,0.15625,0.0071271141840583314,12.788586560116867,6.0271908203520004e-05,9.417485656800001e-06,632.0,0.05590496962025317,0.08061585245253164,0.37729828253164555
190,20.0,0.10416653333333332,0.1875,0.0085520221595187,12.180339502206778,0.00011094354410879999,2.08019145204e-05,1396.0,0.061803096618911174,0.5746440723495702,0.1590589588538682
190,21.0,0.14322898333333334,0.23828125,0.014375868273369036,9.963153571646293,0.0003981648054905705,9.48752075583e-05,6367.0,0.08201539540757027,0.09334446658551908,0.19929523593529136
190,22.0,0.1562498,0.26171875,0.011733220310686741,13.316872594447581,0.0003698529337710806,9.679744751040001e-05,6496.0,0.08480948549261084,0.2812289533943966,0.352715552364532
190,23.0,0.11458318666666666,0.1875,0.004910650470160779,23.33360669078838,4.59350777184e-05,8.612827072200001e-06,578.0,0.07031569910034603,0.28040522275086505,0.067869230449827
190,24.0,0.11197902333333333,0.19921875,0.005658077016690364,19.791003728477765,3.2162969133176475e-05,6.407466507000001e-06,430.0,0.07440478772093023,0.530014534883721,0.40270154902325583
190,25.0,0.2291663733333333,0.359375,0.009451874431662455,24.245600699651497,0.00023377340289725215,8.401231666620001e-05,5638.0,0.08724952167435261,0.6593158311901384,0.4803410764384533
190,26.0,0.13541649333333333,0.19140625,0.007127462147276964,18.999258156014058,0.00013943036372062042,2.6687843055900004e-05,1791.0,0.09700932207705192,0.100522141959799,0.040175820167504185
190,27.0,0.16666645333333333,0.2578125,0.0071716510310513015,23.2396211990395,6.271099002763636e-05,1.61676771165e-05,1085.0,0.11389299760368664,0.7982934907834102,0.09078857806451614
190,28.0,0.12499984,0.2109375,0.007335232109950389,17.04102039667364,8.469997413973333e-05,1.78664007951e-05,1199.0,0.12920727713094243,0.4380603628023353,0.10772295713094246
190,29.0,0.10156237,0.1875,0.007579985270766609,13.39875558751955,6.763105733280001e-05,1.26808232499e-05,851.0,0.1290757565217391,0.38621841950646296,0.22308256639247942
190,30.0,0.13020816666666665,0.23828125,0.009564969511672535,13.613024746996647,0.00013745346983952788,3.27525846102e-05,2198.0,0.13403397073703366,0.7860679452911737,0.2779295091537762
190,31.0,0.09374988,0.17578125,0.008917724619210109,10.512757906658026,7.620878407168e-05,1.33960753251e-05,899.0,0.13274915612903226,0.23704723998887653,0.4142135183092325
190,32.0,0.0781249,0.12890625,0.007308443556546492,10.68967686423741,8.9009147136e-05,1.1473835373e-05,770.0,0.13890487979220778,0.49661627435064937,0.32722623210389606
190,33.0,0.09635404333333333,0.171875,0.011694709638670638,8.239113779680476,0.00018345132013614546,3.15306956484e-05,2116.0,0.14204702086956522,0.07313142426748583,0.37966862132325147
190,34.0,0.12499984,0.2421875,0.011065129430979237,11.296735458876402,0.00015135656817135483,3.6656668854e-05,2460.0,0.15892600956097563,0.7713097052845529,0.3881151141463415
190,35.0,0.1901039233333333,0.2890625,0.013967892288487035,13.610065098370319,0.0003166182519552,9.15224634558e-05,6142.0,0.16495246358840768,0.3386646247150765,0.2199368301139694
190,36.0,0.11979151333333332,0.2265625,0.011850524836147774,10.108540759978164,0.00037640345989605514,8.527890888270001e-05,5723.0,0.17045144093657175,0.08298204612965228,0.13581606743316443
190,37.0,0.09895820666666666,0.1328125,0.010425762355407637,9.491699819470659,0.0002850910624444235,3.78636567309e-05,2541.0,0.16501673369539552,0.9552034140102322,0.1280565702951594
190,38.0,0.18229143333333334,0.296875,0.009121221712577288,19.98541851931644,0.00011629747777111579,3.45258137133e-05,2317.0,0.16619137698748382,0.8736411577470867,0.27916128766508413
190,39.0,0.09895820666666666,0.16796875,0.00527483317597564,18.760442911706534,6.156712436450233e-05,1.0341352920600001e-05,694.0,0.16348796403458213,0.1868808537463977,0.4644738874927954
190,40.0,0.13541649333333333,0.25,0.009921221169026042,13.649175945810212,0.0001592627954112,3.98156988528e-05,2672.0,0.17132853431137723,0.6709481427769461,0.01933384131736527
190,41.0,0.08333322666666666,0.15625,0.0075772831063159315,10.997771298422979,0.00010309166577216,1.61080727769e-05,1081.0,0.16640907618871417,0.6559645293709528,0.21836821121184088
190,42.0,0.20833306666666665,0.34375,0.011159810863320371,18.668153897787604,0.00028952537031883636,9.952434604710001e-05,6679.0,0.18406554962120078,0.4781761163722114,0.37785926858511754
190,43.0,0.09635404333333333,0.171875,0.005519862478856368,17.45587751550224,6.398254927243637e-05,1.09970006562e-05,738.0,0.1733910068292683,0.5906429962737128,0.15625224650406505
190,44.0,0.1901039233333333,0.27734375,0.008337411831903847,22.801311386092713,0.0001103032871651155,3.0591927299700004e-05,2053.0,0.18752235238188017,0.5377191914271797,0.07539537901607404
190,45.0,0.11197902333333333,0.2265625,0.0126348543705313,8.862707875328253,0.0002253948378584276,5.10660179523e-05,3427.0,0.1991977228363,0.18745668587686024,0.37632353690107967
190,46.0,0.17447894333333333,0.25390625,0.008463367924060362,20.615781435817077,0.00012694073753088,3.22310466387e-05,2163.0,0.19848502990291264,0.22229325589459084,0.08168971805825243
190,47.0,0.10156237,0.21484375,0.010662178806086706,9.525479908667561,0.00021167993537070547,4.5478111114800006e-05,3052.0,0.21417317488859766,0.30672637819462645,0.48893146663171694
190,48.0,0.20312474,0.1953125,0.007503909402094952,27.069188754236738,0.00020355120390758402,3.9756094513200004e-05,2668.0,0.21125540347826088,0.7251305987631185,0.08064013745127435
190,49.0,0.08333322666666666,0.15234375,0.007699353106315931,10.82340626750925,6.846857472000001e-05,1.043075943e-05,700.0,0.20394479040000002,0.2727232142857143,0.1538863248
190,50.0,0.24479135333333332,0.28515625,0.010188308082835745,24.026693278517325,0.00021226330078264111,6.05282068638e-05,4062.0,0.22585173825701624,0.7066562038404727,0.4191731137370754
190,51.0,0.08854155333333333,0.16796875,0.01035218695249607,8.552932219987065,0.00012490851744267908,2.0980727539200003e-05,1408.0,0.21307734647727275,0.7513372247869318,0.3431665131818182
190,52.0,0.19270808666666667,0.296875,0.010289765045419735,18.728132840355425,0.00015288826814450527,4.5388704605400006e-05,3046.0,0.21787675571897572,0.8331546495403809,0.15827132927117532
190,53.0,0.14843731,0.19140625,0.0073154436587675,20.290951160849836,0.00014013101881469388,2.6821952820000003e-05,1800.0,0.2274668656,0.2701779513888889,0.23462288026666667
190,54.0,0.14843731,0.2421875,0.006467337534281535,22.951842116354005,0.00011450185909223226,2.7730918998900003e-05,1861.0,0.21754881169263837,0.4439586411875336,0.19468649783987105
190,55.0,0.17968726999999998,0.23046875,0.007027597370931241,25.568805455937678,0.00012413866525505085,2.8610083008000002e-05,1920.0,0.240168656,0.477972412109375,0.09546586074999999
190,56.0,0.09374988,0.14453125,0.006130218973386293,15.293071977853536,0.0001025839012358919,1.48265794755e-05,995.0,0.2305093816281407,0.6202693153266332,0.29603802982914573
190,57.0,0.14322898333333334,0.23046875,0.006719746403849098,21.314641167305243,8.812552122012204e-05,2.0310178718700002e-05,1363.0,0.23475986535583274,0.11907040994130594,0.30806133305942773
190,58.0,0.2526038433333333,0.26953125,0.00821247271610282,30.758561040700172,0.00016115631298226088,4.3436662483500006e-05,2915.0,0.23857478054202402,0.5893760720411664,0.34836893557461407
190,59.0,0.11458318666666666,0.1953125,0.011640688683125006,9.843333997306608,0.000152663402930688,2.9817070884900003e-05,2001.0,0.24632347298350823,0.247561765992004,0.2782283372713643
190,60.0,0.20312474,0.328125,0.011305224182476559,17.967334103365197,0.00015281417352685714,5.01421506885e-05,3365.0,0.26817005085289747,0.19271800705794948,0.41849992696582466
190,61.0,0.08593739,0.17578125,0.00915428775464954,9.3876653545604,0.00010316584006144001,1.81346203233e-05,1217.0,0.2625156976170912,0.41732038311421527,0.44809259004108465
190,62.0,0.09635404333333333,0.1875,0.010458766943176075,9.212753650295312,0.00011181774108960001,2.0965826454300002e-05,1407.0,0.2640557161620469,0.1798624067164179,0.035646175181236674
190,63.0,0.11979151333333332,0.20703125,0.010931216760712759,10.958662329693153,0.00012401301389379624,2.5674569282700002e-05,1723.0,0.2669551167962856,0.7490070008705746,0.17664003677307022
190,64.0,0.11197902333333333,0.171875,0.007364722044870264,15.204786093906947,8.270914905949092e-05,1.4215634994600001e-05,954.0,0.2683615542138365,0.6525730476939203,0.022706555471698114
190,65.0,0.11718735,0.17578125,0.0063552965286280926,18.439320568618225,5.1031911024640004e-05,8.970453109800001e-06,602.0,0.276097196013289,0.7833588558970099,0.06457300225913622
190,66.0,0.17447894333333333,0.26953125,0.011580759115292978,15.06627860888023,0.0001952672718536348,5.26306318668e-05,3532.0,0.28298673839184596,0.4007168831398641,0.4888003527519819
190,67.0,0.11458318666666666,0.19921875,0.007338903554487489,15.613120654324849,3.739880131764707e-05,7.4505424500000005e-06,500.0,0.28783520064,0.407984375,0.00161718336
190,68.0,0.14843731,0.24609375,0.00781721981729497,18.988504029475337,0.00010505501379657143,2.58533823015e-05,1735.0,0.2909597198386167,0.48581141930835736,0.33449347006340063
190,69.0,0.10156237,0.2109375,0.007785009913772085,13.045888332181944,9.635593388373333e-05,2.03250798036e-05,1364.0,0.3018701605865103,0.625821916239003,0.4803944927859238
190,70.0,0.10937485999999999,0.1875,0.009062643913644261,12.068758415558035,0.0001011684324144,1.89690810777e-05,1273.0,0.2927532028279654,0.09684922427336999,0.38914496804399057
190,71.0,0.0781249,0.1328125,0.00718606323120188,10.87172454324946,5.116156020254118e-05,6.7948947144e-06,456.0,0.2908221378947368,0.15152138157894737,0.05942024947368421
190,72.0,0.3802078466666666,0.50390625,0.01055292747923572,36.028660996180996,0.00021246867846251165,0.00010706429500650001,7185.0,0.30153508836743215,0.47329179714683367,0.1124426270730689
190,73.0,0.08333322666666666,0.15625,0.008652445989325068,9.631175596990586,0.00010986271875072,1.7166049804800002e-05,1152.0,0.30275903125000003,0.1447414822048611,0.19719560791666668
190,74.0,0.15104147333333331,0.2421875,0.009964000058417355,15.158718631854784,0.00015646331417063227,3.7893458900700003e-05,2543.0,0.309080663971687,0.8335565768777035,0.2584147496342902
190,75.0,0.14583314666666666,0.234375,0.007420030195120285,19.65398291270735,0.00014610215722752,3.4242693100200004e-05,2298.0,0.31198754715404703,0.9165935732158399,0.47543428386422976
190,76.0,0.19791641333333332,0.32421875,0.007051632944975851,28.066749202302827,7.477687558878072e-05,2.4244065132300002e-05,1627.0,0.3211591924277812,0.6693324562077443,0.23143211535341118
190,77.0,0.14843731,0.24609375,0.011038176651444975,13.44762950324486,0.0001962439767808,4.829441616090001e-05,3241.0,0.324793430521444,0.21956234572662758,0.12023891233569886
190,78.0,0.15364563666666667,0.23046875,0.0055026804557534595,27.921962378538407,6.297451039501017e-05,1.45136566926e-05,974.0,0.3261309348665298,0.9230220097535934,0.40376444698151953
190,79.0,0.09114571666666667,0.16015625,0.007151015411488851,12.745842572263456,5.619671589213659e-05,9.0002552796e-06,604.0,0.3329746235761589,0.368215800910596,0.08146515258278146
190,80.0,0.21354139333333333,0.36328125,0.013833675658191862,15.436345235322971,0.0002614079699067871,9.49646140677e-05,6373.0,0.3548861639039699,0.4735701396516554,0.43884887115016474
190,81.0,0.08593739,0.1328125,0.009017423385161814,9.53014917114906,0.00020094375947971767,2.6687843055900004e-05,1791.0,0.35931301092127305,0.04782811627582356,0.38463268716917925
190,82.0,0.14322898333333334,0.2734375,0.011758975554662427,12.180396384661513,0.00018528434709942857,5.066368866e-05,3400.0,0.35491751971764707,0.31787109375,0.39632596150588234
190,83.0,0.11718735,0.19140625,0.009239702240207627,12.683022347846423,0.0001636418897491592,3.1322080459800006e-05,2102.0,0.35650665453853475,0.9151310507849667,0.15935396437678404
190,84.0,0.13281233,0.22265625,0.008123718709341043,16.348711070865367,8.653295281717895e-05,1.9267102775700003e-05,1293.0,0.3529830121577726,0.27271244199535966,0.020103692250580046
190,85.0,0.21093723,0.265625,0.007897349280011814,26.70987726652562,0.00014871633343962353,3.95027760699e-05,2651.0,0.3699773629271973,0.8649934576574877,0.28715505514900036
190,86.0,0.08072906333333332,0.15234375,0.006583253684849719,12.262790893068278,8.6563840896e-05,1.31874601365e-05,885.0,0.3507031099661017,0.058227401129943505,0.4851836978983051
190,87.0,0.11197902333333333,0.1953125,0.009458276339434142,11.839263235148051,0.000112990754492928,2.2068506736900003e-05,1481.0,0.35825311308575286,0.2972627236664416,0.36522157093855506
190,88.0,0.15364563666666667,0.2109375,0.007788315146013091,19.727711807517093,0.00014502839608746665,3.0591927299700004e-05,2053.0,0.37501616428641016,0.36109694654164637,0.14287933771066733
190,89.0,0.21354139333333333,0.21484375,0.00856494823652108,24.93201213088356,0.0002098766331689891,4.5090682907400005e-05,3026.0,0.3837435442167878,0.5966493514540647,0.306031829742234
190,90.0,0.12760400333333333,0.23046875,0.008566991886462665,14.89484349051034,0.00013319044292989832,3.0696234894e-05,2060.0,0.3805057006601942,0.8419694326456311,0.32502097467961166
190,91.0,0.12239567666666666,0.21875,0.008426525370001457,14.525046954987747,0.00016689215088,3.6507658005e-05,2450.0,0.39300521201632654,0.24887914540816328,0.42718082605714286
190,92.0,0.22656220999999999,0.3125,0.00811652676673195,27.913689748259568,0.00015363614575296,4.8011295547800004e-05,3222.0,0.390789487821229,0.2835947198944755,0.3087129841340782
190,93.0,0.10937485999999999,0.18359375,0.012312181940730407,8.883466840119766,0.0002481975428041532,4.5567517624200006e-05,3058.0,0.39469566121648136,0.596707151324395,0.07576291714846305
190,94.0,0.0781249,0.140625,0.005397882551530569,14.473249325857912,4.28091612416e-05,6.0200382996e-06,404.0,0.38682895247524757,0.6675723236386139,0.42937216039603965
190,95.0,0.11718735,0.1875,0.010309093880329887,11.367376353376466,0.0001614085516368,3.02641034319e-05,2031.0,0.39535726274741506,0.8131500800098473,0.3727853116691285
190,96.0,0.18229143333333334,0.328125,0.01461813823685525,12.470222293680338,0.00025571964669531433,8.390800907190001e-05,5631.0,0.4090757985721897,0.3055941717723317,0.0544091852104422
190,97.0,0.13281233,0.22265625,0.005261819005952351,25.240763669323883,3.674136975764211e-05,8.180695610100001e-06,549.0,0.4118521731147541,0.6096738387978142,0.4967968839344262
190,98.0,0.15364563666666667,0.26171875,0.013809251932199767,11.126282395384719,0.00023639614855565374,6.186930450480001e-05,4152.0,0.42066074647398843,0.5763572148964354,0.005274647052023121
190,99.0,0.13802065666666666,0.25,0.01073462012931805,12.857525930489992,0.0001336925337228,3.34231334307e-05,2243.0,0.4339827415425769,0.8026203048372715,0.44755270234507355
190,100.0,0.17447894333333333,0.2265625,0.006334482934186703,27.54430711174298,0.00010687674686896552,2.4214262962500003e-05,1625.0,0.44046642048,0.2048341346153846,0.16508731776
190,101.0,0.14583314666666666,0.25,0.008133514916966724,17.92990461755408,0.0001119369497688,2.79842374422e-05,1878.0,0.43303832000000003,0.51372803514377,0.41551015999999996
190,102.0,0.10677069666666666,0.1796875,0.008878839045677754,12.025299266872391,0.00011021101541342609,1.98035418321e-05,1329.0,0.43213771990970656,0.9039926636568849,0.27785299683972914
190,103.0,0.0781249,0.16015625,0.008653368267286849,9.028264785094493,7.266495879430244e-05,1.16377473069e-05,781.0,0.45142830176696547,0.19586267605633803,0.2999477156466069
190,104.0,0.08854155333333333,0.1328125,0.005982414350865335,14.800304382214199,5.026398897091765e-05,6.6756860352e-06,448.0,0.45010696714285714,0.5677577427455357,0.12468578571428572
190,105.0,0.14583314666666666,0.16796875,0.0065719277725170095,22.19031488394058,8.099536677923721e-05,1.3604690513700002e-05,913.0,0.46369379171960573,0.731884926067908,0.2647194243154436
190,106.0,0.22656220999999999,0.30078125,0.008972160440299137,25.251689546519774,8.971923866231689e-05,2.69858647539e-05,1811.0,0.47171676589729433,0.2296081239646604,0.0023769610601877414
190,107.0,0.23177053666666667,0.33984375,0.005678452966688443,40.81578874145901,7.839820447249656e-05,2.6643139801200004e-05,1788.0,0.4741111412080537,0.26883869896532436,0.495865271409396
190,108.0,0.20833306666666665,0.296875,0.013112550210147381,15.888066266884103,0.00034914339895376846,0.00010365194656440001,6956.0,0.4837038140080506,0.357347748346751,0.2185548580333525
190,109.0,0.16145812666666665,0.26953125,0.013422822037238874,12.028627528453711,0.00030086197435659126,8.10917040258e-05,5442.0,0.4865694946857773,0.5631589374310915,0.2878106434399118
190,110.0,0.12239567666666666,0.2265625,0.0065403843871283856,18.713835368383535,6.1034843750400005e-05,1.38282067872e-05,928.0,0.478794319137931,0.8748568830818966,0.4325045332758621
190,111.0,0.14583314666666666,0.26171875,0.011681400148330594,12.484218057328333,0.0001968259839973254,5.1513050499300006e-05,3457.0,0.4891387626265548,0.17690216408735898,0.18371079488573908
190,112.0,0.09114571666666667,0.15625,0.008122070862239088,11.221979986707439,0.000109671984864,1.7136247635000003e-05,1150.0,0.4825836830608696,0.6858152173913044,0.11622083019130436
190,113.0,0.08593739,0.1640625,0.009940455732191808,8.645216307507397,0.0001854659984201143,3.0428015365800003e-05,2042.0,0.4941527506366308,0.050521088393731636,0.2243582038001959
190,114.0,0.11718735,0.19140625,0.007018812106804317,16.69617995421104,5.80765222420898e-05,1.11162093354e-05,746.0,0.49606368064343165,0.25172272955764075,0.07523962809651474
190,115.0,0.17968726999999998,0.30859375,0.006607175461306821,27.195776932562342,6.880906039898734e-05,2.12340459825e-05,1425.0,0.49653792842105265,0.5198547149122807,0.48534278164210526
200,1.0,0.12760400333333333,0.15625,0.007512346510298465,16.985904891155457,6.53263562016e-05,1.0207243156500002e-05,685.0,0.0014541477372262775,0.08067974452554745,0.2294531078540146
200,2.0,0.12239567666666666,0.22265625,0.007385395062015534,16.57266478487664,8.224980588732633e-05,1.8313433342100002e-05,1229.0,0.005026622099267698,0.22678180939788445,0.08168936318958503
200,3.0,0.20572890333333332,0.33203125,0.012480534809974467,16.48398137305097,0.00015281150218390588,5.0738194084500005e-05,3405.0,0.004518848563876652,0.5201622154919237,0.4837886844052864
200,4.0,0.09895820666666666,0.1640625,0.007748111866493052,12.771912482912704,3.9055033947428566e-05,6.407466507000001e-06,430.0,0.0013217626046511629,0.5460119912790697,0.2904516546976744
200,5.0,0.11197902333333333,0.203125,0.009333684291230887,11.997301369893025,8.25290856e-05,1.67637205125e-05,1125.0,0.0038506845866666667,0.8461458333333334,0.34659633493333336
200,6.0,0.09114571666666667,0.1171875,0.010583691093274648,8.611902583266508,0.00034192228092672,4.00690172961e-05,2689.0,0.025261272026775753,0.03708395314243213,0.30034031982149495
200,7.0,0.10677069666666666,0.15625,0.012388534823807548,8.618508821679308,0.00037555502295168007,5.8680472336200006e-05,3938.0,0.03605138133062468,0.9373859271838497,0.3001223311325546
200,8.0,0.10677069666666666,0.20703125,0.01236776595603756,8.632981659435796,0.00017641085145310187,3.65225590899e-05,2451.0,0.024406429767441864,0.5202484317625459,0.13083911833537332
200,9.0,0.16145812666666665,0.25,0.010678497073068302,15.119929851727171,0.0002120722402968,5.30180600742e-05,3558.0,0.03496238502529511,0.7566871750281057,0.10314263136593592
200,10.0,0.0781249,0.1328125,0.007732944385395749,10.102865882178694,5.9688486902964706e-05,7.9273771668e-06,532.0,0.029513405413533835,0.18904194078947367,0.10407706556390978
200,11.0,0.17708310666666666,0.25390625,0.01089158028002566,16.258715642157433,0.00023662739423232002,6.0081174316800004e-05,4032.0,0.042411574523809524,0.9017547123015873,0.1579174055952381
200,12.0,0.21093723,0.30859375,0.010281258739426024,20.51667362393178,0.0001518145164171342,4.68490109256e-05,3144.0,0.046221355114503815,0.43211896668257,0.32958713633587783
200,13.0,0.10937485999999999,0.203125,0.008417483073709976,12.993772490212256,7.31391096384e-05,1.4856381645300001e-05,997.0,0.04105665893681043,0.501743511785356,0.3842317928184554
200,14.0,0.09895820666666666,0.16015625,0.007091010225189795,13.955445489999697,9.462261599719024e-05,1.51544033433e-05,1017.0,0.04249428342182891,0.7805163778269419,0.007676126489675516
200,15.0,0.09114571666666667,0.1953125,0.01042666850020147,8.741595329793547,0.00015746989687603203,3.07558392336e-05,2064.0,0.058980628139534884,0.8184047965116279,0.42666493093023256
200,16.0,0.18229143333333334,0.30078125,0.01018357407362112,17.900535903748118,0.0002983870648609247,8.97492343527e-05,6023.0,0.08487073314959322,0.27205218537273784,0.3561047199070231
200,17.0,0.11197902333333333,0.17578125,0.006932749585110759,16.15218059712225,6.459520963584e-05,1.13546266938e-05,762.0,0.06132591748031496,0.5244986466535433,0.16427225826771655
200,18.0,0.18749976,0.2421875,0.008715612123833776,21.513091373956602,0.00036799334724913553,8.91233887869e-05,5981.0,0.08097659685002508,0.08949237690185588,0.20240181580337735
200,19.0,0.08593739,0.05859375,0.0068546536107606795,12.537087193595374,0.00031051476758016,1.81942246629e-05,1221.0,0.09203658103194104,0.9783764588452089,0.20067708147420146
200,20.0,0.13281233,0.22265625,0.00982844996857605,13.513049405006221,0.00013358064487477896,2.97425654604e-05,1996.0,0.07653568833667336,0.7829643662324649,0.1688617060521042
200,21.0,0.20312474,0.28515625,0.006904313218246993,29.419977567526033,9.25451269537315e-05,2.6389821357900003e-05,1771.0,0.09158489576510445,0.21173374858836816,0.28445301438735177
200,22.0,0.30989543666666663,0.35546875,0.008361523853338026,37.062076494938474,0.000170193314304,6.049840469400001e-05,4060.0,0.08824398206896551,0.6567483836206897,0.47885787972413796
200,23.0,0.09895820666666666,0.19140625,0.010632964766115967,9.306737005469673,0.0001300104452336327,2.4884811783e-05,1670.0,0.08773368258682636,0.27646191991017965,0.15155743386826345
200,24.0,0.11979151333333332,0.19140625,0.006368869565217393,18.808912964328293,6.064559092035918e-05,1.1607945137100002e-05,779.0,0.09548475234916559,0.07718729942233633,0.048324049910141206
200,25.0,0.09895820666666666,0.16796875,0.010197447293858344,9.704213595324646,0.00020776686637127443,3.48983408358e-05,2342.0,0.1074216,0.06361249733134074,0.01212985926558497
200,26.0,0.09114571666666667,0.15625,0.005825884417880459,15.644957937532649,4.1103152588160006e-05,6.422367591900001e-06,431.0,0.10807868213457077,0.6809472882830626,0.09008822645011601
200,27.0,0.10416653333333332,0.15625,0.007788478410867397,13.374439503868686,0.00010471290380928,1.6361391220200002e-05,1098.0,0.13730362448087433,0.4973104508196721,0.32909360480874317
200,28.0,0.08333322666666666,0.15234375,0.006737468751393499,12.36862533120187,5.056893304320001e-05,7.7038608933e-06,517.0,0.13368860843326885,0.20896548597678916,0.4152892233655706
200,29.0,0.08593739,0.19140625,0.0065272247229952365,13.165992232080642,0.00011895566486047347,2.2768857727200002e-05,1528.0,0.1371760027225131,0.8024276014397905,0.269211005026178
200,30.0,0.10677069666666666,0.1875,0.011924103948312503,8.954190363442516,0.0001653821742768,3.10091576769e-05,2081.0,0.14081422685247477,0.07975807904853435,0.3792290793272465
200,31.0,0.09635404333333333,0.1875,0.011222126742829814,8.58607691228377,0.00012254652221760002,2.2977472915800003e-05,1542.0,0.14525918350194553,0.12826787451361868,0.25329129182879373
200,32.0,0.08593739,0.1640625,0.007109888889339314,12.087022925049638,6.839172223817143e-05,1.1220516929700001e-05,753.0,0.15505127139442232,0.8874086985391766,0.07414593402390438
200,33.0,0.24999968,0.32421875,0.011815052143069847,21.159422486902695,0.0003071504975782554,9.958395038670001e-05,6683.0,0.16723476752356725,0.3317056804578782,0.21924685287445758
200,34.0,0.15104147333333331,0.2890625,0.012096922706205333,12.485941838402743,0.00018583666530421622,5.37184110645e-05,3605.0,0.15806944190846048,0.7598300970873786,0.3850555763217753
200,35.0,0.12760400333333333,0.23828125,0.014473448533284916,8.81642015307406,0.00036996120453623607,8.81548182684e-05,5916.0,0.1702066826774848,0.08911215348208248,0.1311736653144016
200,36.0,0.12760400333333333,0.19921875,0.009331993049319226,13.673821086122874,0.00012408922277195295,2.4720899849100002e-05,1659.0,0.16489913142857143,0.9074390634418324,0.2795869500180832
200,37.0,0.19270808666666667,0.25,0.010282861420116004,18.740706384477626,0.00020402565445080002,5.1006413612700004e-05,3423.0,0.17673368063102543,0.6656110776365761,0.016121370867659947
200,38.0,0.22135388333333333,0.3359375,0.011910514993941836,18.584744945615096,0.00031879173112945116,0.00010709409717630001,7187.0,0.18374193126478364,0.48102694100459165,0.3730282557729233
200,39.0,0.14062481999999998,0.234375,0.0072999548840060454,19.26379302810545,6.268787076864e-05,1.4692469711400001e-05,986.0,0.18427073135902639,0.495467799188641,0.08097128421906694
200,40.0,0.13281233,0.23828125,0.008053984968342033,16.490262959522298,0.00013163764968708198,3.1366783714500005e-05,2105.0,0.19505034686935868,0.23166382125890736,0.08278074116864607
200,41.0,0.13281233,0.26171875,0.014355801409981335,9.251474453224043,0.00024863727859887765,6.50730377583e-05,4367.0,0.20015298256926953,0.18103102816578887,0.3708105882482253
200,42.0,0.09114571666666667,0.17578125,0.007840050162943705,11.625654781836776,0.00012003519270912,2.10999362184e-05,1416.0,0.20512173830508476,0.3294657044491525,0.4843130698305085
200,43.0,0.09635404333333333,0.171875,0.006590247125399913,14.620702607944512,5.123805775069091e-05,8.8065411759e-06,591.0,0.20071860629441624,0.26538705583756345,0.15554568365482233
200,44.0,0.16406229,0.2421875,0.009063701428685653,18.101025424421007,0.00019282580676789678,4.6700000076600005e-05,3134.0,0.21034242379068285,0.6885270421186982,0.08146579435864709
200,45.0,0.19531225,0.3203125,0.010832831186224003,18.029658788403953,0.00016705497249061462,5.3509795875900006e-05,3591.0,0.21351501313283208,0.8282326911027569,0.1554332165079365
200,46.0,0.12239567666666666,0.21875,0.01019765974023757,12.002329925141753,0.00016246439993828572,3.5539087486500005e-05,2385.0,0.2096627232201258,0.7457399764150944,0.34678648774842763
200,47.0,0.2291663733333333,0.3359375,0.011340191158287076,20.20833424539456,0.00019694382721786047,6.6160816956e-05,4440.0,0.22092074637837836,0.6820813978040541,0.4239647261621622
200,48.0,0.13020816666666665,0.21875,0.01077512612697346,12.084143158261089,0.0003029944029037715,6.62800256352e-05,4448.0,0.22740323697841727,0.26450792491007197,0.2373989257553957
200,49.0,0.17708310666666666,0.25390625,0.01022856809989658,17.312599861211964,0.00020499491271167998,5.2049489555700004e-05,3493.0,0.24324815161752075,0.5998212943744632,0.3506893219582021
200,50.0,0.10156237,0.1875,0.009910923737808592,10.247518060557338,0.00013852048523040002,2.5972590980700003e-05,1743.0,0.24929677466437178,0.25890167814113596,0.2773419194492255
200,51.0,0.08593739,0.1875,0.009915878097969432,8.66664446163353,9.3777494304e-05,1.7583280182e-05,1180.0,0.2616800107118644,0.1730170815677966,0.03635948054237288
200,52.0,0.2343747,0.33203125,0.012603043412336715,18.596674813527827,0.00026087907847137886,8.66200065237e-05,5813.0,0.27858083357990715,0.42160620591777054,0.4856612803578187
200,53.0,0.08593739,0.16015625,0.01044966960397951,8.223933699039899,0.0001485863498008976,2.37970325853e-05,1597.0,0.26787707331246086,0.5861649773011898,0.23435605510331872
200,54.0,0.09895820666666666,0.20703125,0.010711229354052951,9.2387347330232,0.00010889825305938112,2.2545341453700003e-05,1513.0,0.26760713052214147,0.6071830593192333,0.028363484890945142
200,55.0,0.08072906333333332,0.14453125,0.007860413080901938,10.270333442077845,7.51594613075027e-05,1.0862890892100001e-05,729.0,0.2668353079835391,0.06800840192043896,0.4165021702057613
200,56.0,0.09374988,0.17578125,0.008199556971425777,11.433529924446434,9.757097938432001e-05,1.71511487199e-05,1151.0,0.26332673139878365,0.42128787467419637,0.4432479421720243
200,57.0,0.08854155333333333,0.17578125,0.009410030960375137,9.40927332823606,0.00011452510264832,2.01313656999e-05,1351.0,0.2728787657142857,0.7311540062916358,0.17734647650629165
200,58.0,0.14843731,0.21484375,0.007243723419621104,20.491852242443056,8.031630575336728e-05,1.72554563142e-05,1158.0,0.2853562292227979,0.39812378562176165,0.007316610155440414
200,59.0,0.2343747,0.26171875,0.007120605676718876,32.91499496542802,0.00012747855891524776,3.3363529091100006e-05,2239.0,0.2996979333631085,0.6496674715274676,0.47190222956677086
200,60.0,0.13020816666666665,0.2109375,0.008115855262621811,16.043677770641164,9.331832013226667e-05,1.9684333152900002e-05,1321.0,0.2812699792278577,0.7834559519303558,0.06688955482210446
200,61.0,0.09635404333333333,0.1796875,0.009788073804510876,9.844025010204577,9.412302670747826e-05,1.69127313615e-05,1135.0,0.2953255104845815,0.10014799008810572,0.39092514185022026
200,62.0,0.08593739,0.1484375,0.008010419120565866,10.728201446958655,7.689587222501054e-05,1.1414231033400001e-05,766.0,0.29766721691906006,0.09566742819843342,0.48934580177545695
200,63.0,0.08854155333333333,0.16015625,0.007950858163858612,11.136100218188703,7.536314548448781e-05,1.2069878769e-05,810.0,0.2988249487407407,0.15546392746913582,0.1979933202962963
200,64.0,0.2838538033333333,0.44140625,0.011723447040018764,24.212486512233095,0.0002011989318320708,8.881046600400001e-05,5960.0,0.30069560448322147,0.4986636168204698,0.11728059583892617
200,65.0,0.26562466,0.30859375,0.00873673057505483,30.40321064248144,0.00014693752336429367,4.5344001350700007e-05,3043.0,0.31470905611567535,0.8168927661846862,0.25666294588235294
200,66.0,0.08854155333333333,0.16015625,0.009078671648369311,9.752699157176474,7.219975419254635e-05,1.15632418824e-05,776.0,0.31476945030927833,0.44843347293814434,0.41872778597938143
200,67.0,0.08854155333333333,0.15234375,0.005808389218962561,15.243736257252362,4.0200834585600005e-05,6.124345893900001e-06,411.0,0.31603477489051096,0.26568202554744524,0.024872579270072994
200,68.0,0.15885396333333332,0.2265625,0.010111615498018743,15.710047851845134,0.00025038755404932413,5.6728430214300006e-05,3807.0,0.3260853633412135,0.224372865773575,0.1238427885894405
200,69.0,0.09895820666666666,0.1640625,0.005999682233495355,16.493907979692217,4.5412830171428574e-05,7.4505424500000005e-06,500.0,0.32658510143999997,0.918046875,0.4050575568
200,70.0,0.2291663733333333,0.35546875,0.011011614132148238,20.811333432424373,0.00019236874860617146,6.83810786061e-05,4589.0,0.35450383546742215,0.465121247820876,0.43771977110481586
200,71.0,0.09114571666666667,0.13671875,0.00603641395898737,15.09931513741922,9.602088811446858e-05,1.3127855796900002e-05,881.0,0.3500496501248581,0.9320950979001135,0.1553207041089671
200,72.0,0.09374988,0.1796875,0.00928452032776455,10.097439252693446,0.00014387969280834782,2.58533823015e-05,1735.0,0.35721157653025937,0.28985951008645533,0.40126653399423634
200,73.0,0.10416653333333332,0.1875,0.008310910516809569,12.533708926675011,9.647955769920001e-05,1.80899170686e-05,1214.0,0.366538201383855,0.6101311521828665,0.311525857660626
200,74.0,0.28124963999999997,0.44921875,0.008727572513496365,32.225414290751985,0.00013719571399546437,6.16308871464e-05,4136.0,0.3851570584526112,0.7446119061291102,0.32117301725338493
200,75.0,0.09635404333333333,0.1875,0.010008228327160303,9.627482525738145,0.0001126919380704,2.11297383882e-05,1418.0,0.37910775435825106,0.4104923307475317,0.008043879266572638
200,76.0,0.10677069666666666,0.2265625,0.009918114390924156,10.765221337270534,0.00018159181421859312,4.1141895408900005e-05,2761.0,0.39072374281781963,0.24027186707714596,0.4244884551394423
200,77.0,0.12239567666666666,0.20703125,0.007849091824417481,15.593609987579708,7.766108066825662e-05,1.6078270607100002e-05,1079.0,0.3871304674698795,0.2920528266913809,0.28344676626506027
200,78.0,0.14583314666666666,0.23046875,0.010525509143404655,13.855210677200025,0.00025467823043731527,5.8695373421100004e-05,3939.0,0.394971539009901,0.6000105118684945,0.07173637702970297
200,79.0,0.11197902333333333,0.20703125,0.01009537428406039,11.092112108229337,0.00012430091410016604,2.5734173622300003e-05,1727.0,0.3966971061957151,0.8188490699189346,0.37676329431383904
200,80.0,0.21614555666666666,0.36328125,0.01330211971267738,16.24895590592772,0.00021304770056423226,7.73962349706e-05,5194.0,0.40977803801309204,0.3061186886311128,0.05598768517520216
200,81.0,0.15104147333333331,0.28125,0.013099978800121847,11.52990211953079,0.00015910385050560001,4.4747957954700005e-05,3003.0,0.4155456290909091,0.5733680382117882,0.005060031168831169
200,82.0,0.14062481999999998,0.25390625,0.008256789179549704,17.03141704868734,7.558930649088001e-05,1.91925973512e-05,1288.0,0.4125222965217391,0.6045528435559007,0.4950446493167702
200,83.0,0.08593739,0.16015625,0.010070794143690446,8.533328034894,0.00012653565167765855,2.0265475464000003e-05,1360.0,0.4309013555294118,0.890041934742647,0.2720911577647059
200,84.0,0.08593739,0.1484375,0.008711601235421595,9.864706576625244,8.703488409802105e-05,1.29192406083e-05,867.0,0.4330069292733564,0.5085964532871973,0.41097519501730106
200,85.0,0.16406229,0.2890625,0.009817923866309568,16.71048708810867,0.0001303691890580757,3.76848437121e-05,2529.0,0.43613269997627524,0.7929023329379201,0.4471115666903915
200,86.0,0.12499984,0.21875,0.011312945014972167,11.049274953123913,0.00021839030029440002,4.77728781894e-05,3206.0,0.4401641638427948,0.780494580474111,0.024840445414847163
200,87.0,0.12499984,0.171875,0.008496260845024202,14.71233549440818,0.00025202882213410906,4.3317453804300004e-05,2907.0,0.4510974863983488,0.5489040462676299,0.2188522357894737
200,88.0,0.08854155333333333,0.15625,0.008107688895412246,10.92068954242124,8.77375878912e-05,1.3708998108e-05,920.0,0.44757018573913043,0.23130095108695653,0.15504376069565218
200,89.0,0.09635404333333333,0.1640625,0.007077394482472895,13.614338380028594,7.111649204845714e-05,1.16675494767e-05,783.0,0.4568729324137931,0.3507094109195402,0.324524731954023
200,90.0,0.17708310666666666,0.30859375,0.013337760848646692,13.276824249299258,0.00039778879969604056,0.0001227551374062,8238.0,0.48269969101238164,0.367263367929109,0.2161870072541879
200,91.0,0.15364563666666667,0.26171875,0.007139128262248354,21.521624352813973,3.9740971024047765e-05,1.04009572602e-05,698.0,0.4709649476217765,0.1968179172636103,0.0017404593696275072
200,92.0,0.14843731,0.25,0.007217804679666432,20.56543735772855,8.392291015680001e-05,2.0980727539200003e-05,1408.0,0.47568182113636365,0.27763505415482953,0.49553068056818184
200,93.0,0.14062481999999998,0.1796875,0.005967911595378559,23.56348912891023,8.284484905794782e-05,1.4886183815100002e-05,999.0,0.4746629021021021,0.9009634634634635,0.4346151442642643
200,94.0,0.16927061666666665,0.21484375,0.007313724624816913,23.144242550819865,9.293942116538181e-05,1.9967453766000002e-05,1340.0,0.48178368967164176,0.6747726212686567,0.11581710089552238
200,95.0,0.17968726999999998,0.30859375,0.011007598985800572,16.323929517398884,0.00016031303896465822,4.9471601868000006e-05,3320.0,0.4896401245301205,0.19290639118975902,0.18505223710843374
200,96.0,0.0781249,0.13671875,0.008076320605391247,9.673328216793262,7.302383091565714e-05,9.983726883000001e-06,670.0,0.4950692783283582,0.8830573694029851,0.34283669229850744
200,97.0,0.13541649333333333,0.23828125,0.006250975842082003,21.663256546553917,6.741348520792131e-05,1.60633695222e-05,1078.0,0.4963841797402598,0.5561478142393321,0.4833446578107607
200,98.0,0.11197902333333333,0.18359375,0.004470664739261958,25.047510798543897,5.186338451662979e-05,9.5217932511e-06,639.0,0.4968352157746479,0.25818539710485133,0.07486654347417841
210,1.0,0.08333322666666666,0.14453125,0.007233087196382928,11.521114622859706,0.00011660541939476757,1.68531270219e-05,1131.0,0.006468954482758621,0.1041804818744474,0.23708908137931037
210,2.0,0.12239567666666666,0.2109375,0.007285656452955615,16.799539953193058,4.6482554615466664e-05,9.8049138642e-06,658.0,0.0016295788449848024,0.23442842895136778,0.0786115958662614
210,3.0,0.19270808666666667,0.30078125,0.012246497183876357,15.735771933249994,0.00015456876014711688,4.6491384888000004e-05,3120.0,0.0054217860000000005,0.529775140224359,0.48596067
210,4.0,0.11718735,0.1953125,0.007855556512042368,14.917765510356238,4.5623545703424004e-05,8.9108487702e-06,598.0,0.00142728,0.5479985367892977,0.28812112695652176
210,5.0,0.11197902333333333,0.17578125,0.007499649478764461,14.93123427306918,6.1034843750400005e-05,1.0728781128000002e-05,720.0,0.0035698693333333334,0.8167805989583333,0.34839049266666666
210,6.0,0.09374988,0.16796875,0.007975545489531407,11.754666827874635,0.00011639202761704188,1.9550223388800002e-05,1312.0,0.014194359146341463,0.058418087842987805,0.3473844241463415
210,7.0,0.0781249,0.140625,0.00936188943670633,8.344992806012634,0.0001570375667328,2.20834078218e-05,1482.0,0.023449301052631582,0.9493294534412956,0.051570538947368426
210,8.0,0.10156237,0.21875,0.009837817196676223,10.323669160503773,0.00014161991088960002,3.0979355507100005e-05,2079.0,0.027836892121212122,0.5207619348244348,0.12523360346320345
210,9.0,0.10416653333333332,0.1875,0.011226154234959438,9.278915214699943,0.0001361363116464,2.5525558433700002e-05,1713.0,0.029276276847635726,0.7208433669001751,0.1035928919089317
210,10.0,0.15364563666666667,0.26171875,0.01356045307893318,11.330420581990921,0.00028063502317697916,7.34474474721e-05,4929.0,0.04204022446743762,0.8859547765773991,0.16213907505782105
210,11.0,0.11197902333333333,0.19921875,0.0100751278779328,11.114402188243888,0.0001333641254987294,2.6568634376700002e-05,1783.0,0.03683871318003365,0.3795634990185081,0.035977719169938305
210,12.0,0.09374988,0.15625,0.007737537710514961,12.116242079518162,5.903213793984e-05,9.223771553100001e-06,619.0,0.03543066959612278,0.2861343901453958,0.45937761033925684
210,13.0,0.23697886333333332,0.359375,0.008533617433677301,27.77003599881493,9.996943497433043e-05,3.5926515693900005e-05,2411.0,0.04909451865615927,0.4281953157403567,0.3318149168311904
210,14.0,0.08333322666666666,0.1484375,0.0078039563866082184,10.678330649011382,6.635531532732631e-05,9.849617118900001e-06,661.0,0.044434218698941,0.5588833207261724,0.39148680036308625
210,15.0,0.09374988,0.1796875,0.007272324311565572,12.891322771579985,8.359119904946088e-05,1.5020293579200001e-05,1008.0,0.04440054047619048,0.7868419828869048,0.006678972857142858
210,16.0,0.16666645333333333,0.24609375,0.01050306849063773,15.868358230920535,0.00019781828822674284,4.86818443683e-05,3267.0,0.07102852378328742,0.24293598867462504,0.3659478502846648
210,17.0,0.10937485999999999,0.20703125,0.011148701884640485,9.81054665661885,0.00014013542545050566,2.9012412300300003e-05,1947.0,0.05843008764252696,0.8094243547765794,0.42572498711864404
210,18.0,0.14322898333333334,0.27734375,0.010076019286923608,14.214838147363626,0.0001369523034505014,3.79828654101e-05,2549.0,0.07546521603766182,0.7661904791094547,0.174049120439388
210,19.0,0.20833306666666665,0.19921875,0.007354040517550613,28.32906157771014,0.0001475008723968,2.9384939422800003e-05,1972.0,0.07303995310344827,0.08654562309837728,0.2036286068154158
210,20.0,0.09114571666666667,0.1484375,0.006882306182784274,13.243484704976199,4.457149773877895e-05,6.6160816956e-06,444.0,0.06620812864864864,0.33559438344594594,0.08257650594594594
210,21.0,0.14322898333333334,0.23828125,0.00983906396471755,14.557175748317745,0.00025702172931777053,6.1243458939e-05,4110.0,0.08937781255474453,0.8424384124087592,0.3447133244963504
210,22.0,0.10677069666666666,0.203125,0.011557935810177769,9.237868977663448,0.0001813439107584,3.6835481872800006e-05,2472.0,0.08515745417475729,0.27501137742718446,0.1578440159223301
210,23.0,0.08854155333333333,0.1328125,0.006679160625812316,13.256389282083623,6.226900419388235e-05,8.2701021195e-06,555.0,0.08475836972972974,0.7445734797297298,0.2754497452972973
210,24.0,0.18749976,0.3046875,0.01035943780756875,18.099414609450143,0.000147451966272,4.4926770973500004e-05,3015.0,0.10102715637810945,0.22965122305140961,0.2785162076019901
210,25.0,0.09895820666666666,0.1796875,0.010328454023349148,9.581124768813954,0.00010855245987673043,1.9505520134100003e-05,1309.0,0.09140571758594347,0.6735819327731093,0.469784296776165
210,26.0,0.14322898333333334,0.1953125,0.009435045815845986,15.180528651252853,0.000177153633985536,3.46003191378e-05,2322.0,0.09805385777777778,0.6911286740956072,0.09674841322997416
210,27.0,0.09635404333333333,0.1640625,0.009377414402471054,10.27511840661995,0.0001023605192064,1.6793522682300002e-05,1127.0,0.13143787059449868,0.4932342502218279,0.4837498707364685
210,28.0,0.12760400333333333,0.234375,0.009442254279272515,13.514146045976286,0.00015665609895936002,3.6716273193600004e-05,2464.0,0.13987636675324674,0.5323644860998377,0.11255329597402597
210,29.0,0.0781249,0.15234375,0.009413131925719935,8.299564971201107,0.000121287189504,1.8477345276e-05,1240.0,0.14642414632258063,0.8195879536290323,0.25145474941935486
210,30.0,0.09374988,0.16015625,0.008257546922213733,11.353236122437552,9.983290753685855e-05,1.5988864097700002e-05,1073.0,0.1544439196272134,0.07425151444547996,0.4547365746877913
210,31.0,0.24739551666666665,0.3671875,0.013722997093530555,18.027805076436003,0.0002968955564347915,0.00010901633712840001,7316.0,0.16629497990158557,0.32977538528567524,0.21796162464734828
210,32.0,0.18749976,0.3359375,0.012863042802758191,14.576625676764044,0.00025216794093097677,8.47126676565e-05,5685.0,0.16232093450131926,0.7511516051011433,0.38911063261213724
210,33.0,0.13281233,0.25,0.013202313022401513,10.05977738708708,0.00039857421890519997,9.96435547263e-05,6687.0,0.1695867195693136,0.09240819407058472,0.1280661981516375
210,34.0,0.15364563666666667,0.21875,0.00745808110092647,20.601229000792205,0.0001058573071296,2.3156285934600002e-05,1554.0,0.1776006955984556,0.23935710263835264,0.4295280389189189
210,35.0,0.13802065666666666,0.23828125,0.012008822776135169,11.493271175668578,0.00026965394083168525,6.42534780888e-05,4312.0,0.18231369651205936,0.6570943007884972,0.01733212820037106
210,36.0,0.26562466,0.2890625,0.009500904115545654,27.957829778049994,0.00032929947793712436,9.51881303412e-05,6388.0,0.18447291779586725,0.4726599189887289,0.3675999316718848
210,37.0,0.09895820666666666,0.16796875,0.008782376148169497,11.267816932128605,7.922109806556278e-05,1.33066688157e-05,893.0,0.1947783367525196,0.768805116181411,0.17633633469204926
210,38.0,0.16927061666666665,0.29296875,0.012404691664752962,13.645693197488892,0.00023854451432448,6.9886088181e-05,4690.0,0.2019492764520256,0.17300439765458422,0.36619375870362475
210,39.0,0.17187478,0.24609375,0.010110228767265491,17.000088124265748,0.0002687228537344,6.613101478620001e-05,4438.0,0.2159121789274448,0.6668377154686795,0.08391682621000451
210,40.0,0.20833306666666665,0.33984375,0.011951279591887156,17.431862844886385,0.0001851653341651862,6.29272815327e-05,4223.0,0.21452962780961402,0.8341679863248875,0.15599245230404926
210,41.0,0.13020816666666665,0.234375,0.010822041852304714,12.031755970241132,0.0002047210384128,4.7981493378e-05,3220.0,0.20721511393788822,0.7433278338509317,0.3479628854161491
210,42.0,0.0781249,0.1171875,0.006627807152462611,11.787443147160989,0.00010388639030016,1.2174186363300001e-05,817.0,0.21291637659730725,0.9445953182374541,0.04759445052631579
210,43.0,0.19531225,0.3359375,0.009278684200557807,21.049563254697084,0.00019658897347512558,6.604160827680001e-05,4432.0,0.21864852292418774,0.6751431351534296,0.4284194279783394
210,44.0,0.08333322666666666,0.16015625,0.00741439549373623,11.239382460386363,7.610747284729757e-05,1.21890874482e-05,818.0,0.2226174771638142,0.5562824724938875,0.2574393623471883
210,45.0,0.10937485999999999,0.171875,0.008569084714060855,12.763890619558094,0.00016012976762356363,2.7522303810300002e-05,1847.0,0.2364195186139686,0.7608135659177044,0.05903667378451543
210,46.0,0.09635404333333333,0.19140625,0.009895665512201859,9.736994769530549,0.00011778790637035102,2.2545341453700003e-05,1513.0,0.2311626600396563,0.9234085839391937,0.456353652452082
210,47.0,0.09374988,0.17578125,0.010200602066675295,9.190622218885958,0.00020234746115584,3.55688896563e-05,2387.0,0.2497334345705907,0.25708263510682866,0.2805038705655635
210,48.0,0.14062481999999998,0.2421875,0.009495159206784485,14.810159254572655,0.00011505560263432259,2.7865028763000003e-05,1870.0,0.24658923336898395,0.6267651236631016,0.35242640393582886
210,49.0,0.10156237,0.1640625,0.005910318103946474,17.183909260684995,5.3496313941942854e-05,8.776739006100001e-06,589.0,0.2652164528353141,0.6549302313242784,0.1337306901188455
210,50.0,0.09635404333333333,0.17578125,0.007467265128260726,12.903525143183995,6.603631011328e-05,1.1607945137100002e-05,779.0,0.2612041010526316,0.6057545731707317,0.030327265109114248
210,51.0,0.10677069666666666,0.171875,0.006436373498651879,16.588642142820046,5.574631325498182e-05,9.581397590700001e-06,643.0,0.25955233418351475,0.15296947900466562,0.03856728559875583
210,52.0,0.10937485999999999,0.1953125,0.009012029637085285,12.13654020287649,0.000145568102344704,2.8431269989200003e-05,1908.0,0.2687945572327044,0.5799778072589099,0.23226466188679246
210,53.0,0.5130201766666667,0.5625,0.01067327389646132,48.065868227813056,0.00029007445272,0.000163166879655,10950.0,0.28512341391780827,0.4810894691780822,0.4831753112986301
210,54.0,0.10416653333333332,0.1796875,0.006993135727579117,14.895540054017182,7.305937139144347e-05,1.3127855796900002e-05,881.0,0.27187386061293983,0.883952007661748,0.0447178019523269
210,55.0,0.11979151333333332,0.16015625,0.0061050219243470845,19.621799039836322,7.6293554688e-05,1.2218889618000001e-05,820.0,0.2819971820487805,0.37044588414634144,0.013045412487804879
210,56.0,0.09114571666666667,0.15625,0.007459978976315938,12.217958918656148,9.136153173888e-05,1.42752393342e-05,958.0,0.28316162505219206,0.7495229318893528,0.06657733478079332
210,57.0,0.09895820666666666,0.16796875,0.008208730196727649,12.055239275145825,0.00011896471725186976,1.9982354850900003e-05,1341.0,0.28348786720357944,0.38066275167785235,0.327631874720358
210,58.0,0.15885396333333332,0.19140625,0.010147681206724712,15.65421302632795,0.0002866457840420571,5.4865794601800005e-05,3682.0,0.28692934761542643,0.9194720515344921,0.36147095217816405
210,59.0,0.09635404333333333,0.1796875,0.010440938500076564,9.2284849041709,0.0001215721208397913,2.18449904634e-05,1466.0,0.2948958067121419,0.06659010487721692,0.49128695214188267
210,60.0,0.17187478,0.31640625,0.01063390285486854,16.16290672820189,0.00019290024691484445,6.1034843750400005e-05,4096.0,0.2997023539453125,0.4942655563354492,0.1227866844140625
210,61.0,0.1562498,0.25390625,0.009036450972335085,17.291058234959237,0.00012582567788544,3.19479260256e-05,2144.0,0.3070379339552239,0.7779103748833955,0.15328165925373133
210,62.0,0.09635404333333333,0.1796875,0.008187244293608191,11.768800328647485,6.974226031805219e-05,1.2531812400900001e-05,841.0,0.3124295286563615,0.8803600624256838,0.2662606516052319
210,63.0,0.08593739,0.1640625,0.006918953134466102,12.420576976003947,5.703851469531429e-05,9.3578813172e-06,628.0,0.31218508356687896,0.4571680931528662,0.421513152611465
210,64.0,0.18749976,0.24609375,0.008346656402562599,22.46405637860373,0.00018068251364205715,4.44648373416e-05,2984.0,0.3175927589276139,0.737993255697051,0.36397674080428954
210,65.0,0.08072906333333332,0.15234375,0.007940973663887529,10.166141678627877,8.77375878912e-05,1.3366273155300002e-05,897.0,0.31819525565217394,0.19802989130434784,0.4338452173913044
210,66.0,0.08072906333333332,0.18359375,0.008647310636719396,9.335742258469415,6.86641992192e-05,1.2606317825400002e-05,846.0,0.32323905134751774,0.4103824985224586,0.2759878609929078
210,67.0,0.13802065666666666,0.24609375,0.010454595404870613,13.201912778218587,0.0002555834082048,6.28974793629e-05,4221.0,0.32641720437810945,0.2154397284411277,0.12471788656716418
210,68.0,0.08072906333333332,0.171875,0.008648690562195516,9.334252711758463,7.958804909498182e-05,1.36791959382e-05,918.0,0.3313474462745098,0.28504987064270154,0.18636551895424835
210,69.0,0.21614555666666666,0.34375,0.008956059265914884,24.13400249474419,0.00012523413607592727,4.3049234276100005e-05,2889.0,0.35167990944963656,0.4584617839217722,0.4358195618691589
210,70.0,0.09635404333333333,0.1328125,0.007621065012523459,12.643120505467115,0.00023224655618258826,3.0845245743000005e-05,2070.0,0.3578408336231884,0.05292496980676328,0.3800054432463768
210,71.0,0.11718735,0.20703125,0.008520402774625157,13.753733608579964,0.00010846640274982641,2.2455934944300003e-05,1507.0,0.36146587540809555,0.6094320255474452,0.31341419848706037
210,72.0,0.08854155333333333,0.05859375,0.005902811589272693,14.99989487962682,0.00011037134244864,6.467070846600001e-06,434.0,0.36095367705069126,0.9785966301843319,0.38615972571428575
210,73.0,0.09635404333333333,0.19921875,0.012014787214370075,8.019621289513207,0.0001729320572928,3.4451308288800005e-05,2312.0,0.36592108692041525,0.38240700692041524,0.1355914700346021
210,74.0,0.14062481999999998,0.18359375,0.00855667996077474,16.43450738424807,0.00015055802547472342,2.7641512489500004e-05,1855.0,0.3709264426091644,0.7191185141509434,0.45897582973584905
210,75.0,0.23958302666666664,0.421875,0.008861172932211621,27.037394315570612,0.00012821555718400002,5.4090938187000004e-05,3630.0,0.38349860932231405,0.7483159004820936,0.32096433414876036
210,76.0,0.12499984,0.203125,0.008520058967211946,14.671241182841744,9.940169865599999e-05,2.01909700395e-05,1355.0,0.380221293697417,0.42512684501845016,0.006437368206642067
210,77.0,0.17187478,0.25390625,0.007802658642697418,22.027720020900727,0.00010340711027712,2.6255711593800003e-05,1762.0,0.3866058047673099,0.32501684875141884,0.27402983019296256
210,78.0,0.18749976,0.265625,0.009506493453973188,19.723335518801147,0.0001802435229504,4.7877185783700004e-05,3213.0,0.39399469729225023,0.5811048377684407,0.0664808492997199
210,79.0,0.12239567666666666,0.19140625,0.008078544828227669,15.15070836012415,7.808411770618775e-05,1.4945788154700001e-05,1003.0,0.3929178936789631,0.3601110730309073,0.3228645616749751
210,80.0,0.10156237,0.1796875,0.007904110860850454,12.849309908220626,7.985944909189565e-05,1.43497447587e-05,963.0,0.3968910205607477,0.8348301207165109,0.3782643808099689
210,81.0,0.25520800666666665,0.39453125,0.009868363303158203,25.861229347422956,0.00015315364567318812,6.0423899269500005e-05,4055.0,0.41071536733908753,0.3250606889642417,0.05551870035018496
210,82.0,0.16666645333333333,0.28515625,0.010614421465481047,15.701887651187214,0.00012421217773518902,3.54198788073e-05,2377.0,0.41556592578880946,0.5794478991375683,0.005331023374000841
210,83.0,0.14322898333333334,0.24609375,0.006975196584589399,20.53404253147148,4.9166957465600006e-05,1.2099680938800001e-05,812.0,0.41347694719211825,0.5886507081280788,0.49580624689655173
210,84.0,0.12760400333333333,0.2265625,0.01090763630328552,11.698593516076198,0.00013614453293462069,3.0845245743000005e-05,2070.0,0.4304440595942029,0.8952049365942029,0.2745709305507247
210,85.0,0.13281233,0.203125,0.005745645502649735,23.115301829663974,4.27684061376e-05,8.6873324967e-06,583.0,0.4364201413379074,0.6547893439108061,0.12066127451114923
210,86.0,0.10416653333333332,0.22265625,0.010712649246565458,9.72369494564846,0.00016068493404025264,3.57775048449e-05,2401.0,0.43875242349021243,0.29667976884631403,0.12008474828821324
210,87.0,0.17968726999999998,0.2578125,0.009892084932898525,18.16475204356631,0.0002102696605719273,5.4210146866200006e-05,3638.0,0.43982404842221,0.7798648811159978,0.023420260274876304
210,88.0,0.19531225,0.3046875,0.007286025171143433,26.80641988083451,7.120731770880001e-05,2.1695979614400003e-05,1456.0,0.4383775157142857,0.760001717032967,0.4442274857142857
210,89.0,0.09114571666666667,0.16796875,0.009428786705932984,9.666749233951172,0.00011754530228093023,1.9743937492500003e-05,1325.0,0.44649944658113205,0.2397435141509434,0.15532389482264153
210,90.0,0.08593739,0.140625,0.008862303720454344,9.696958342970698,0.0001444279375552,2.0310178718700002e-05,1363.0,0.45492793250183416,0.04439597853998533,0.3175847633749083
210,91.0,0.08593739,0.15625,0.005510917377112941,15.59402620639921,3.6334805420160004e-05,5.6773133469e-06,381.0,0.44938164157480315,0.20756438648293962,0.37169770330708657
210,92.0,0.53124932,0.5703125,0.008622089156542662,61.614918421120066,0.0003059058007832548,0.00017446190200920002,11708.0,0.4726608786744107,0.4321304076272634,0.21880365626238468
210,93.0,0.09114571666666667,0.15625,0.009273640113542229,9.828472482296055,0.00010604804101632002,1.65700064088e-05,1112.0,0.45655233841726617,0.352556626573741,0.3266435123741007
210,94.0,0.08072906333333332,0.140625,0.0055316762290706445,14.593960309729896,2.9245862630400002e-05,4.1126994324e-06,276.0,0.4662083286956522,0.13490715579710144,0.0018965078260869566
210,95.0,0.11979151333333332,0.1796875,0.007930259132373566,15.105624082863876,9.379131560013912e-05,1.68531270219e-05,1131.0,0.4819060248275862,0.32697143015030944,0.49506670344827586
210,96.0,0.16145812666666665,0.296875,0.0160242960367643,10.075832741496768,0.00036209322599949474,0.0001074964264686,7214.0,0.4877766939173829,0.5668323962087607,0.28957887383421127
210,97.0,0.2343747,0.37890625,0.011026062086165682,21.2564284663396,0.00013245190319030104,5.01868539432e-05,3368.0,0.4901020614726841,0.22244168460510688,0.18471945548693586
210,98.0,0.08072906333333332,0.16015625,0.00940432739939506,8.584246369232773,0.00010011203029791219,1.6033567352400002e-05,1076.0,0.4933951414126394,0.8898372153810409,0.34653540178438663
210,99.0,0.10156237,0.16796875,0.008443449034687746,12.028540657112636,8.214864144312558e-05,1.37984046174e-05,926.0,0.4955651797840173,0.562474689524838,0.48195239740820733
210,100.0,0.10677069666666666,0.19921875,0.006229478746743796,17.13958759751394,4.5252549594352944e-05,9.015156364500001e-06,605.0,0.4965993227107438,0.25021952479338844,0.07828944317355373
220,1.0,0.15364563666666667,0.1796875,0.00861958133489397,17.82518555102847,0.00018725092009293915,3.36466497042e-05,2258.0,0.007571151178033658,0.10244650963241807,0.24070690288751107
220,2.0,0.12239567666666666,0.21484375,0.007527366434979071,16.260092785958143,5.382163494353455e-05,1.15632418824e-05,776.0,0.002997636494845361,0.25632248711340205,0.07288963298969073
220,3.0,0.08854155333333333,0.14453125,0.007313750641653692,12.106176115585129,4.660092799861621e-05,6.7352903748e-06,452.0,0.0015296559292035398,0.5021864629424779,0.07856986938053098
220,4.0,0.11718735,0.19140625,0.006364781927577483,18.411840552187307,2.382227319849796e-05,4.5597319794e-06,306.0,0.0009701772549019608,0.5563214869281046,0.28343217882352945
220,5.0,0.19270808666666667,0.32421875,0.012371371380906403,15.576938136711865,0.0001935374450549205,6.27484685139e-05,4211.0,0.009883408710520066,0.550584592436476,0.49043070468772265
220,6.0,0.08072906333333332,0.16015625,0.009815873339323895,8.224338328604986,8.671413776733658e-05,1.3887811126800002e-05,932.0,0.005943184892703863,0.8286824369635193,0.35026650540772536
220,7.0,0.09635404333333333,0.16015625,0.008825084801631808,10.918200277862137,8.271337819223415e-05,1.3247064476100002e-05,889.0,0.011655007424071991,0.07113856861642295,0.3013055595050619
220,8.0,0.14322898333333334,0.16796875,0.006127194955549773,23.375946803129242,0.0001312071713762233,2.20387045671e-05,1479.0,0.01181380089249493,0.06321046737660581,0.34756292024340774
220,9.0,0.12239567666666666,0.21875,0.008036027299712735,15.230868699393538,0.00010912703090194286,2.3871538009800002e-05,1602.0,0.025764847041198503,0.5381432389200999,0.12452298217228464
220,10.0,0.16145812666666665,0.26953125,0.010679144323435374,15.119013450576459,0.00017890285722490436,4.8219910736400005e-05,3236.0,0.037989873967861555,0.3792828723733004,0.035684274956736706
220,11.0,0.11718735,0.19140625,0.006388697164550219,18.34291827921543,5.068071847131429e-05,9.700606269900001e-06,651.0,0.03259100239631336,0.2977090533794163,0.4610473268202765
220,12.0,0.17187478,0.25390625,0.010806179998246566,15.905230157917856,0.00024255481655808,6.15861838917e-05,4133.0,0.04515993383982579,0.8966700943624486,0.16750000596177111
220,13.0,0.14843731,0.2265625,0.010258056918134006,14.470314522977077,0.000181197192384,4.1052488899500005e-05,2755.0,0.046321909546279495,0.8796945893829401,0.30508159761887477
220,14.0,0.12499984,0.171875,0.005903031035438644,21.175534949683943,6.736374090065455e-05,1.1578142967300001e-05,777.0,0.043192356447876445,0.5481569739382239,0.3224131064092664
220,15.0,0.10937485999999999,0.21875,0.012443437251031171,8.789762651066226,0.0002521093266966857,5.51489152149e-05,3701.0,0.05060485896784653,0.6906167674277223,0.2299678741961632
220,16.0,0.08593739,0.14453125,0.005531226614332076,15.53676896501146,2.9486427892929732e-05,4.2617102814e-06,286.0,0.04384959272727273,0.7799388111888111,0.4963997890909091
220,17.0,0.10937485999999999,0.16015625,0.005758433422293487,18.99385683206142,7.266495879430244e-05,1.16377473069e-05,781.0,0.046187161690140845,0.7695512564020487,0.006141949705505762
220,18.0,0.10416653333333332,0.19921875,0.009149577368058645,11.384846440774494,0.00010740935738428235,2.1397957916400002e-05,1436.0,0.057052593760445684,0.7912713266016713,0.42461862484679663
220,19.0,0.16406229,0.29296875,0.010421269804516953,15.743022978724674,0.000144499992579072,4.23339822009e-05,2841.0,0.079693620781415,0.7670384547694474,0.18127923497360082
220,20.0,0.13020816666666665,0.25390625,0.012301020303516074,10.585151756025349,0.00017113231190016,4.3451563568400004e-05,2916.0,0.06918639588477367,0.24039244684499314,0.37224216691358025
220,21.0,0.09895820666666666,0.1484375,0.005462787785759022,18.114964473751197,6.545183902181053e-05,9.7155073548e-06,652.0,0.07562947950920246,0.09336656441717792,0.21148215607361964
220,22.0,0.10677069666666666,0.18359375,0.007437528130443837,14.355669624915434,5.640853245548936e-05,1.03562540055e-05,695.0,0.06452321611510792,0.32702900179856115,0.08957935700719424
220,23.0,0.16666645333333333,0.2578125,0.009095601082910972,18.32385257599634,0.00019073388672,4.9173580170000005e-05,3300.0,0.08220563709090908,0.8199502840909091,0.35194275432727273
220,24.0,0.14583314666666666,0.22265625,0.008329739819406583,17.50752722514878,0.0001242781851365053,2.7671314659300003e-05,1857.0,0.08183436071082391,0.2717525747172859,0.1645606146688207
220,25.0,0.09895820666666666,0.16015625,0.0072934480864984,13.568096391864044,6.373303044058536e-05,1.0207243156500002e-05,685.0,0.08254711988321167,0.48356523722627737,0.13126106908029198
220,26.0,0.21614555666666666,0.32421875,0.008329054051528582,25.950792890700324,0.0001417865157906506,4.5969846916500004e-05,3085.0,0.10025235174068071,0.23278844205834684,0.2764655604797407
220,27.0,0.08333322666666666,0.1328125,0.006198625701834617,13.443822981923622,5.3293291877647065e-05,7.0780153275e-06,475.0,0.1018829628631579,0.3691282894736842,0.21417297145263156
220,28.0,0.08854155333333333,0.13671875,0.006754878326289537,13.10779396110445,6.975410714331428e-05,9.536694336000001e-06,640.0,0.10387851825000001,0.572430419921875,0.2530083855
220,29.0,0.09114571666666667,0.171875,0.008117913266482028,11.227727332712128,0.00014166325950021818,2.4348372726600003e-05,1634.0,0.1099902994369645,0.38775866355569155,0.3521449063402693
220,30.0,0.09635404333333333,0.16015625,0.007485610433690995,12.871901922609565,0.0001286755928457366,2.06082004167e-05,1383.0,0.13088022351409978,0.2323893935285611,0.2976142507592191
220,31.0,0.09114571666666667,0.18359375,0.009794844099427522,9.305479060355218,8.765642453514894e-05,1.6093171692e-05,1080.0,0.12704322222222222,0.4985640914351852,0.48408260044444446
220,32.0,0.10156237,0.16796875,0.007933995477566803,12.800911002176061,0.00010202045103627907,1.7136247635000003e-05,1150.0,0.1429870660173913,0.08179008152173912,0.3765275686956522
220,33.0,0.13541649333333333,0.23828125,0.008986505644459115,15.06887089275109,9.730555007748197e-05,2.31860881044e-05,1556.0,0.1376372199485861,0.5257094513174807,0.10959814889460155
220,34.0,0.09635404333333333,0.19921875,0.01077159450707723,8.94519778571558,0.00013934793370955296,2.7760721168700002e-05,1863.0,0.15058838260869564,0.11036466720343532,0.24434443285024157
220,35.0,0.13281233,0.16796875,0.010241458080529247,12.968107563951156,0.0002740358028270139,4.60294512561e-05,3089.0,0.1544096585302687,0.9370523429912593,0.11680214008416964
220,36.0,0.24739551666666665,0.39453125,0.013684460330715412,18.078573117814212,0.0003026059208714139,0.00011938749221880001,8012.0,0.1637098260808787,0.34211231980154766,0.2154887144483275
220,37.0,0.30729127333333334,0.3125,0.008227997699082428,37.347029565601595,0.00033635920923072,0.00010511225288460001,7054.0,0.17535357230507514,0.11754412390133258,0.13530852091862772
220,38.0,0.09895820666666666,0.171875,0.006154389845573721,16.07928797975612,5.7566954900945456e-05,9.894320373600001e-06,664.0,0.15614370795180724,0.08157826618975904,0.45159428819277114
220,39.0,0.24218719,0.3671875,0.011811830131514382,20.503781996816564,0.0002695029237675575,9.89581048209e-05,6641.0,0.1647126298328565,0.7511540524770366,0.38992374721879236
220,40.0,0.09114571666666667,0.18359375,0.009440492420428576,9.654762972896796,0.00013253976043138722,2.43334716417e-05,1633.0,0.1618003837844458,0.48243503138395594,0.4550829401592162
220,41.0,0.12499984,0.23046875,0.013955907446340393,8.956769058595201,0.00030523887430682035,7.034802181290001e-05,4721.0,0.17700330997669986,0.1014061176127939,0.3027257395297606
220,42.0,0.08333322666666666,0.15625,0.009819462657965027,8.48653633802163,0.00010271019799872,1.60484684373e-05,1077.0,0.16883697782729806,0.5449817200557103,0.24933925259052925
220,43.0,0.08854155333333333,0.14453125,0.006880307468786525,12.868836710425288,6.247823532557838e-05,9.0300574494e-06,606.0,0.1732926669306931,0.28866929661716173,0.41856070653465344
220,44.0,0.16406229,0.2578125,0.011070999281958444,14.81910402318964,0.00016137242779461818,4.16038290408e-05,2792.0,0.1794645857879656,0.47712633193051573,0.3503471958739255
220,45.0,0.16666645333333333,0.26171875,0.012245780438841069,13.610112819326892,0.000287353410828609,7.520577549030001e-05,5047.0,0.18497636913810184,0.6447255176342381,0.020360511702001188
220,46.0,0.20572890333333332,0.328125,0.008989380720944603,22.885770412860584,0.0002045393870921143,6.71144863896e-05,4504.0,0.2001757197868561,0.18436736789520428,0.36122876344582594
220,47.0,0.0781249,0.1328125,0.008320004200027953,9.390007279051316,0.00011589888528338824,1.53928207017e-05,1033.0,0.19873043268151017,0.8049975798644724,0.4864951546176186
220,48.0,0.08854155333333333,0.1640625,0.008275562390302148,10.699158456843028,8.72834595894857e-05,1.43199425889e-05,961.0,0.19757607458896984,0.44614171436004163,0.388991996503642
220,49.0,0.11197902333333333,0.1796875,0.007704969728144299,14.533350199197068,8.301070461161739e-05,1.49159859849e-05,1001.0,0.19726316883116884,0.7709595092407593,0.17777099220779222
220,50.0,0.12499984,0.21875,0.009380613943770778,13.325336779583226,0.0002355563500992,5.1527951584200004e-05,3458.0,0.20533684872180452,0.7278977190572585,0.34786151639097745
220,51.0,0.16666645333333333,0.29296875,0.012073994995806692,13.803753719561481,0.00019785461849088,5.7965220261e-05,3890.0,0.21120708302313626,0.2453225417737789,0.24939233632904886
220,52.0,0.35937453999999996,0.38671875,0.011072559411118066,32.45632077071074,0.00033376503571083633,0.00012907319740380001,8662.0,0.22622437432463635,0.6711236940083122,0.07764858325559916
220,53.0,0.20572890333333332,0.34375,0.010059890274051738,20.45041225389764,0.00014877243164160002,5.1140523376800003e-05,3432.0,0.21944259272727273,0.8305755117278555,0.1542037181818182
220,54.0,0.20052057666666664,0.32421875,0.009245910654645409,21.68748803190299,0.00015906746552720962,5.1572654838900004e-05,3461.0,0.21858522216700377,0.7161574960271598,0.4321948132909564
220,55.0,0.11197902333333333,0.1875,0.005704835493078603,19.628790956232127,8.08234844976e-05,1.51544033433e-05,1017.0,0.22505626997050146,0.5574798734021632,0.25756409911504424
220,56.0,0.11197902333333333,0.19140625,0.00902412435758426,12.408851972349137,0.00011708725127627755,2.2411231689600003e-05,1504.0,0.23368483436170215,0.9246826171875,0.4625167369148936
220,57.0,0.13541649333333333,0.19921875,0.012118114326506835,11.17471660067829,0.0002602208595681883,5.18408743671e-05,3479.0,0.25049339437769474,0.2484920684823225,0.283876083242311
220,58.0,0.10937485999999999,0.20703125,0.009730898525882992,11.239954841690757,0.0001310665689498566,2.71348756029e-05,1821.0,0.24800870062602964,0.2560084603239978,0.22066716573311368
220,59.0,0.0781249,0.1328125,0.007528116003308733,10.377749222469845,0.00011286958237665884,1.49904914094e-05,1006.0,0.2627062888270378,0.030314208499005964,0.27064302298210735
220,60.0,0.13541649333333333,0.26953125,0.011985900439146102,11.297982493752523,0.00020234377547686958,5.4537970734e-05,3660.0,0.25848475921311476,0.473560237363388,0.09169204668852458
220,61.0,0.0781249,0.109375,0.005930945295450102,13.172419590504933,6.730181431405714e-05,7.361135940600001e-06,494.0,0.26364352421052634,0.6872785931174089,0.12734026105263158
220,62.0,0.10416653333333332,0.19921875,0.008131404506872445,12.81039865195423,0.00012192009229552941,2.4288768387000002e-05,1630.0,0.2666260428957056,0.902291027607362,0.05133829840490797
220,63.0,0.11458318666666666,0.19921875,0.008169453546467196,14.025807970499702,0.00010912970224489412,2.1740682869100003e-05,1459.0,0.27034581022618237,0.5695869388279644,0.22676272054832078
220,64.0,0.21874971999999998,0.375,0.014334882332854298,15.259959232357613,0.00028971682668240003,0.00010864381000590001,7291.0,0.2785744887230832,0.44621204652996843,0.48803462105061035
220,65.0,0.16145812666666665,0.26171875,0.005865632221403324,27.526125159623216,3.461677705246567e-05,9.059859619200001e-06,608.0,0.2790391705263158,0.4553094161184211,0.0016704315789473683
220,66.0,0.09895820666666666,0.1875,0.010824203010070976,9.142308821683654,0.000157752818808,2.9578653526500003e-05,1985.0,0.2806825308211587,0.37474023929471034,0.3219194372191436
220,67.0,0.08072906333333332,0.140625,0.0074958824834836825,10.769787748301892,5.5100900608e-05,7.748564148e-06,520.0,0.285309516,0.3558218149038462,0.024045912
220,68.0,0.08072906333333332,0.13671875,0.0072373965420079005,11.154434175985655,6.201576088210286e-05,8.4787173081e-06,569.0,0.28917503409490336,0.7274961555360281,0.46882774861159926
220,69.0,0.19791641333333332,0.28125,0.007703681620145926,25.69114653125869,0.0001420437639712,3.99498086169e-05,2681.0,0.2973164421036927,0.5036192185751586,0.1293816333010071
220,70.0,0.09114571666666667,0.16796875,0.006854247359596694,13.29769876761928,0.00011594846043862326,1.94757179643e-05,1307.0,0.29468501214996173,0.06060515493496557,0.4877928407651109
220,71.0,0.15885396333333332,0.265625,0.008459863214455786,18.777367825745895,0.00011113053811538824,2.9519049186900002e-05,1981.0,0.30937085585058055,0.7932329789247855,0.15203772284704697
220,72.0,0.1562498,0.25390625,0.011351918147151209,13.76417606034371,0.00027072474444287997,6.87387046437e-05,4613.0,0.3183001315239541,0.738472624918708,0.37168809302406247
220,73.0,0.15364563666666667,0.18359375,0.007251063893745009,21.189392193772576,0.00015964832135244257,2.93104339983e-05,1967.0,0.31749172026436195,0.5863644668276563,0.47704682940518556
220,74.0,0.08072906333333332,0.15234375,0.007971823483032691,10.126800161237622,0.0001093540950528,1.6659412918200003e-05,1118.0,0.32493068651162793,0.08714990496422183,0.21440820279069767
220,75.0,0.2291663733333333,0.2578125,0.008814433150062846,25.99899158934564,0.00021015406427694547,5.4180344696400003e-05,3636.0,0.33027012105610565,0.20925725385038504,0.1273750091089109
220,76.0,0.2838538033333333,0.42578125,0.008220958814173073,34.52806536920785,0.00012255964610888807,5.21835993198e-05,3502.0,0.3425009525071388,0.22277337057395774,0.17626322398629357
220,77.0,0.08593739,0.15625,0.004151394179679436,20.700850432525282,1.33513720704e-05,2.086151886e-06,140.0,0.3317095302857143,0.39662388392857145,0.27580844571428575
220,78.0,0.12499984,0.22265625,0.008921580284896516,14.01095276938932,0.00010540556897684211,2.34692087175e-05,1575.0,0.34904176518095237,0.43792906746031746,0.4360132687238095
220,79.0,0.09635404333333333,0.17578125,0.010642161084523644,9.05399218899779,0.00016547224305664,2.9086917724800002e-05,1952.0,0.35707376090163934,0.07767874295594263,0.38108152795081973
220,80.0,0.1562498,0.22265625,0.009056790780847191,17.25222584697756,0.0001562679387688421,3.4794033241500006e-05,2335.0,0.3640172359400428,0.3804737687366167,0.13137764145610278
220,81.0,0.10156237,0.1953125,0.008296315042165565,12.241865151433478,0.00011054936074291201,2.1591672020100002e-05,1449.0,0.3614417722567288,0.6179881599378882,0.3166777175983437
220,82.0,0.09635404333333333,0.17578125,0.009125557098262967,10.558702586132977,0.00013088583159808,2.3007275085600002e-05,1544.0,0.37198334176165804,0.8215774773316062,0.32649866829015545
220,83.0,0.15364563666666667,0.25,0.009305748646699624,16.510830294256724,0.0001492492663584,3.7312316589600006e-05,2504.0,0.37960572000000004,0.34616020617012777,0.26980434
220,84.0,0.20052057666666664,0.3203125,0.007945881723164646,25.23578674498622,9.05753359619122e-05,2.9012412300300003e-05,1947.0,0.38919151137134056,0.30033384694401644,0.3350659116178737
220,85.0,0.13281233,0.21484375,0.007656295796896785,17.34681280911729,7.802749911272727e-05,1.67637205125e-05,1125.0,0.3845076962133333,0.4254861111111111,0.008553797546666667
220,86.0,0.11979151333333332,0.19921875,0.008850534811192719,13.534946292944973,0.00011803061695849412,2.35139119722e-05,1578.0,0.3826716577946768,0.890785903833967,0.2627998460836502
220,87.0,0.16145812666666665,0.28515625,0.008838254530807003,18.26810102649581,0.00013022160156335344,3.71335035708e-05,2492.0,0.39630466362760836,0.5655707639446228,0.06445139248796147
220,88.0,0.10937485999999999,0.171875,0.005137881256134592,21.28793067558874,3.129769686632727e-05,5.3792916489e-06,361.0,0.39590986770083103,0.8165144563711911,0.38002521307479226
220,89.0,0.09374988,0.08984375,0.006091795996078967,15.389530453800957,0.0001502651316246261,1.3500382919400001e-05,906.0,0.40597948980132453,0.9633692052980133,0.21214634225165563
220,90.0,0.08593739,0.17578125,0.007592822646410036,11.318240133085695,8.553355186688e-05,1.50351946641e-05,1009.0,0.4008793317740337,0.6496027936075323,0.3014366818632309
220,91.0,0.09895820666666666,0.1640625,0.004417192921858194,22.402962337682457,2.552201055634286e-05,4.187204856900001e-06,281.0,0.4054635416370107,0.14703347419928825,0.25570580669039145
220,92.0,0.12499984,0.21875,0.009226045049035335,13.548583313396009,0.00014931738560365718,3.26631781008e-05,2192.0,0.4166471855474453,0.38898729755930656,0.053814158540145984
220,93.0,0.09635404333333333,0.1640625,0.005877539215639829,16.39360279841948,3.978163923017143e-05,6.526675186200001e-06,438.0,0.41466342904109593,0.579935430936073,0.4957045315068493
220,94.0,0.12499984,0.21484375,0.007051599911714855,17.726450956517994,6.533502592372364e-05,1.40368219758e-05,942.0,0.4172357783439491,0.5816538946390658,0.004513739108280255
220,95.0,0.13020816666666665,0.23046875,0.01253231027485998,10.389797556151029,0.00016610012033345083,3.8280887108100004e-05,2569.0,0.4305827520747373,0.9009053255157649,0.27871835883223045
220,96.0,0.15104147333333331,0.2578125,0.013470954138855497,11.212381229750509,0.00028338431714792725,7.30600192647e-05,4903.0,0.43868158717519884,0.7912717660106058,0.02409233073628391
220,97.0,0.12239567666666666,0.1796875,0.007121072277289068,17.187815528430736,0.00010880124320723478,1.9550223388800002e-05,1312.0,0.44242931707317074,0.2532929211128049,0.15972264036585368
220,98.0,0.19270808666666667,0.21875,0.006385741936912104,30.17786947398203,0.00011089813127862857,2.4258966217200003e-05,1628.0,0.43870218427518426,0.29182422834766586,0.11982295223587225
220,99.0,0.10937485999999999,0.171875,0.007345121761333052,14.890816456683185,6.883759366167272e-05,1.18314614106e-05,794.0,0.43919125602015113,0.7345668687027708,0.44130918589420653
220,100.0,0.09114571666666667,0.109375,0.007197978044834804,12.66268333953476,0.00013514858259017142,1.4781876220800001e-05,992.0,0.4477370090322581,0.03581779233870968,0.31606088758064516
220,101.0,0.22395804666666666,0.265625,0.005742563477316474,38.99966409623796,8.88595519307294e-05,2.36033184816e-05,1584.0,0.4618660248484849,0.2087427004419192,0.011632407878787878
220,102.0,0.29687462,0.33203125,0.010741190283871768,27.638894028883044,0.0004179091654439153,0.0001387589025888,9312.0,0.47456851871134026,0.3958605998979811,0.21751720417525774
220,103.0,0.12239567666666666,0.19921875,0.00994512472183752,12.307103238022751,0.00015490583505769413,3.08601468279e-05,2071.0,0.4573582720618059,0.35992576050217284,0.32912005315306614
220,104.0,0.14062481999999998,0.1640625,0.007878618897208586,17.848917663706732,0.0002036311304886857,3.3408232345800005e-05,2242.0,0.4602786011775201,0.6457107911462979,0.24482036874219446
220,105.0,0.09374988,0.18359375,0.011395241687035065,8.227107644997465,0.00012978020632565106,2.3826834755100003e-05,1599.0,0.4727698575609756,0.5531606668230143,0.08623898146341463
220,106.0,0.09895820666666666,0.21875,0.011519294876002055,8.590647928704781,0.00013617037126902856,2.97872687151e-05,1999.0,0.4804968314557279,0.34788878814407204,0.4940113666433216
220,107.0,0.16406229,0.3203125,0.011304768700009935,14.512662253749236,0.0003543463451576195,0.00011350156368330001,7617.0,0.4877594756990941,0.5551875123079952,0.29169566424576604
220,108.0,0.11197902333333333,0.16796875,0.013446196718483634,8.327932848059769,0.00038084677939021394,6.39703574757e-05,4293.0,0.49191326725366874,0.06456367924528301,0.22675209101327742
220,109.0,0.17968726999999998,0.3125,0.013173068665495077,13.640502039639744,0.00019073388672,5.9604339600000004e-05,4000.0,0.49004903844000003,0.2639912109375,0.18358644408
220,110.0,0.11718735,0.20703125,0.011078056094123875,10.578331523538646,0.00014733293060975093,3.05025207903e-05,2047.0,0.4923532141084514,0.08680576758671227,0.1359169242794333
220,111.0,0.09374988,0.1953125,0.008607017409471852,10.892260993550462,0.00010147042773504,1.9818442917e-05,1330.0,0.4947576032481203,0.24634927161654135,0.07648153587969925
220,112.0,0.08593739,0.14453125,0.007406667699389806,11.602706303008558,4.649782860038919e-05,6.7203892899e-06,451.0,0.4960231897117517,0.5862146618625277,0.48429147778270515
220,113.0,0.0781249,0.12890625,0.004598127356235809,16.99059072255794,1.9304581261963638e-05,2.4884811783e-06,167.0,0.4971099736526946,0.39184131736526945,0.4410074788023952
230,1.0,0.09374988,0.14453125,0.004628553065098254,20.25468406248247,1.4640114548237837e-05,2.1159540558e-06,142.0,0.00038512225352112673,0.04940580985915493,0.13571433126760563
230,2.0,0.10677069666666666,0.18359375,0.012254835977608763,8.712535758271356,0.00026483603079462126,4.86222400287e-05,3263.0,0.0060538938645418325,0.0870113296812749,0.2432720796812749
230,3.0,0.11458318666666666,0.2109375,0.008232800742977811,13.91788654236539,4.902567310506667e-05,1.0341352920600001e-05,694.0,0.0018152195965417867,0.26773009726224783,0.0686856580979827
230,4.0,0.10416653333333332,0.1953125,0.0077093818176428765,13.511658366037702,3.9138593554944e-05,7.6442565537e-06,513.0,0.0009746563742690058,0.26568591617933723,0.1833648449122807
230,5.0,0.23177053666666667,0.359375,0.010019049878801865,23.132985609448138,0.00016253844259617393,5.841225280800001e-05,3920.0,0.012814360530612245,0.5557238520408163,0.4929400845306122
230,6.0,0.10937485999999999,0.17578125,0.007996568978202948,13.677723570963252,8.197318598143999e-05,1.4409349098300002e-05,967.0,0.0057785691003102374,0.8433622026887281,0.3537368949741469
230,7.0,0.22135388333333333,0.34765625,0.008189333267704666,27.029536605411,7.672217016377528e-05,2.6672941971000002e-05,1790.0,0.014441085586592179,0.5319810579608939,0.002500866502793296
230,8.0,0.15364563666666667,0.21484375,0.007266402795966229,21.14466276930855,0.00011333060760017455,2.4348372726600003e-05,1634.0,0.02325336381884945,0.5505589236536108,0.12892743539779683
230,9.0,0.16145812666666665,0.19140625,0.008020921261993157,20.12962369194797,0.00016784582031360002,3.21267390444e-05,2156.0,0.028062058552875697,0.17769451530612246,0.07991214033395176
230,10.0,0.23958302666666664,0.22265625,0.008731328559648345,27.439469838976702,0.00022586907637894737,5.029116153750001e-05,3375.0,0.045477892835555554,0.8562777777777778,0.30345350556444445
230,11.0,0.20572890333333332,0.33984375,0.011762348642282533,17.490461266705896,0.00017749213182587589,6.031959167520001e-05,4048.0,0.043765231185770755,0.35913664927124506,0.036370587628458496
230,12.0,0.14843731,0.20703125,0.009896533680977598,14.998919296896393,0.00029387413565198494,6.084112964670001e-05,4083.0,0.05155461866274798,0.9244428116580945,0.1627246017927994
230,13.0,0.08072906333333332,0.13671875,0.005769370872255867,13.99269783843306,4.3596316964571425e-05,5.96043396e-06,400.0,0.041684463600000006,0.07978515625,0.3800185584
230,14.0,0.13541649333333333,0.12890625,0.009799299879347047,13.818996765139968,0.0002428678157568,3.13071793749e-05,2101.0,0.05498018855782961,0.040060908495954305,0.1598592929842932
230,15.0,0.10937485999999999,0.15234375,0.006839938197197119,15.990621091403984,0.0001402627659264,2.13681557466e-05,1434.0,0.04975961372384937,0.752203735181311,0.01681535531380753
230,16.0,0.09114571666666667,0.16796875,0.0070871047471554914,12.860783058589515,6.715607081257674e-05,1.12801212693e-05,757.0,0.050917864200792605,0.787380284015852,0.42399474515191543
230,17.0,0.14583314666666666,0.2421875,0.008292765977981034,17.585585684424604,0.00016766123913290325,4.06054563525e-05,2725.0,0.052657548682568805,0.6838016055045871,0.23692026504220184
230,18.0,0.08072906333333332,0.140625,0.004984406240152487,16.196324987118945,4.00541162112e-05,5.6326100922e-06,378.0,0.05639763174603175,0.35419766865079366,0.23810496253968255
230,19.0,0.19270808666666667,0.29296875,0.008361189823936384,23.047926278982764,0.00015808024531353598,4.6312571869200005e-05,3108.0,0.08297555073359072,0.7618444337194337,0.18549989714285717
230,20.0,0.17708310666666666,0.30078125,0.011552776451345344,15.328186034972136,0.0001460476618313143,4.3928398285200004e-05,2948.0,0.06714943164179105,0.21002321489145184,0.3746286892265943
230,21.0,0.20052057666666664,0.26171875,0.010957863993243496,18.29923941292806,0.00020696050096334327,5.4165443611500006e-05,3635.0,0.07144443109766163,0.7838312414030262,0.35348194412104544
230,22.0,0.09635404333333333,0.16015625,0.008063788256971892,11.948979842076872,0.00010532232183758048,1.68680281068e-05,1132.0,0.07691358954063604,0.4457403931095406,0.4331147122261484
230,23.0,0.09374988,0.15234375,0.0075159038735194954,12.47353366643039,6.357796224e-05,9.685705185e-06,650.0,0.082662048,0.328203125,0.16662216959999998
230,24.0,0.13541649333333333,0.2265625,0.009066963492393353,14.935153698031296,0.00012759439318510345,2.8908104706000003e-05,1940.0,0.09422495208247422,0.1838575225515464,0.2875888658969072
230,25.0,0.09635404333333333,0.1875,0.006498059428743326,14.828125902807795,6.2783237712e-05,1.1771857071000001e-05,790.0,0.08776431250632911,0.7189230617088608,0.4731890576202532
230,26.0,0.11458318666666666,0.22265625,0.012033988914715504,9.52162973380764,0.00021730278251924209,4.838382267030001e-05,3247.0,0.09734381358792732,0.7418686961040961,0.10091500959655067
230,27.0,0.10416653333333332,0.22265625,0.012963370316789884,8.03545149045222,0.0002571226641327158,5.7249968185800006e-05,3842.0,0.11095267015096304,0.3826447406949505,0.3531207408224883
230,28.0,0.0781249,0.15625,0.008859850347757374,8.817857744039115,7.076227197312001e-05,1.1056604995800001e-05,742.0,0.10069360172506739,0.7579914925876011,0.03131572592991914
230,29.0,0.08333322666666666,0.15234375,0.007678677063955211,10.852549986487196,7.668480368640001e-05,1.16824505616e-05,784.0,0.1303732512244898,0.23693100286989796,0.3008427606122449
230,30.0,0.09114571666666667,0.16015625,0.007897390029026284,11.541245440793377,8.317858279399024e-05,1.3321569900600002e-05,894.0,0.13206936268456376,0.4461252097315436,0.28035573852348994
230,31.0,0.14062481999999998,0.24609375,0.005288810127582485,26.589122431642217,3.693576853942857e-05,9.089661789000001e-06,610.0,0.13902052013114752,0.5279905225409836,0.10779941665573771
230,32.0,0.09635404333333333,0.14453125,0.005443012795803435,17.702336361880747,5.041560573301622e-05,7.286630516100001e-06,489.0,0.14098011582822087,0.060542880879345604,0.3769242012269939
230,33.0,0.13541649333333333,0.2265625,0.009695112250789006,13.967501337832667,0.0001548890700777931,3.50920549395e-05,2355.0,0.14326114466242038,0.8236464968152867,0.4604420272101911
230,34.0,0.13802065666666666,0.16796875,0.006754313245458207,20.434447093414818,0.0002093637082135814,3.5166560364e-05,2360.0,0.15478641518644068,0.9305084745762712,0.11932818366101695
230,35.0,0.2864579666666667,0.44921875,0.014404967012754618,19.886055026230025,0.00027784122350725564,0.00012481148712240002,8376.0,0.159436011747851,0.35206850301456544,0.21433043604584529
230,36.0,0.11979151333333332,0.21484375,0.010771535048542176,11.121118094448939,0.00012845060298379636,2.75968092348e-05,1852.0,0.15665140276457884,0.10705487311015119,0.24369812241900649
230,37.0,0.15885396333333332,0.25390625,0.01236715699822054,12.844824672007492,0.00030511553140224,7.747074039510001e-05,5199.0,0.17714524159261397,0.10295324221004039,0.1441217729255626
230,38.0,0.37499952,0.4375,0.008813771643225228,42.5469974920721,0.00017315912144365717,7.575711563160001e-05,5084.0,0.16905821013375297,0.7741505212431157,0.3871353527301338
230,39.0,0.12760400333333333,0.25,0.012101384638818826,10.544578752088018,0.00026559693725760003,6.639923431440001e-05,4456.0,0.17694934082585279,0.09594507405745063,0.29942039666068226
230,40.0,0.11718735,0.20703125,0.00797926840705668,14.686478010485551,9.831792047529058e-05,2.0354881973400002e-05,1366.0,0.16393911636896047,0.47735461658125916,0.4496022187994143
230,41.0,0.11979151333333332,0.203125,0.011189112087856636,10.70607858717772,0.0001400426883648,2.8446171074100004e-05,1909.0,0.17300612140387636,0.5488966736511263,0.2510623729282347
230,42.0,0.21874971999999998,0.30859375,0.01086872155645144,20.12653639748042,0.0002309570076409519,7.12718890767e-05,4783.0,0.17838972403930586,0.6340375418147606,0.01926087479824378
230,43.0,0.14062481999999998,0.234375,0.009259008688747199,15.187891568878891,0.00017000747102976002,3.9845501022600004e-05,2674.0,0.18049998785340313,0.5086422494390427,0.3441128648616305
230,44.0,0.18489559666666666,0.21484375,0.008790167498553353,21.034365579165126,0.00017880434907787638,3.8414996872200003e-05,2578.0,0.19966371500387897,0.2292596004654771,0.36377428207913115
230,45.0,0.08072906333333332,0.16015625,0.009270602389673019,8.708070947284009,0.00010895091773127806,1.74491704179e-05,1171.0,0.19116558128095645,0.8063220538001707,0.48384336532877886
230,46.0,0.14843731,0.25,0.012259726864410294,12.107717540666432,0.00024479502273720005,6.11987556843e-05,4107.0,0.20261943655222792,0.7130432797662527,0.34448338279035795
230,47.0,0.09114571666666667,0.1484375,0.006638965300437305,13.72890390926775,4.356763517709474e-05,6.467070846600001e-06,434.0,0.1962840597235023,0.34461405529953915,0.07016381087557604
230,48.0,0.15364563666666667,0.27734375,0.010983188337087627,13.98916525430432,0.00015505859072504792,4.3004531021400006e-05,2886.0,0.21014447783783785,0.2505711841649342,0.25014959999999997
230,49.0,0.14843731,0.2265625,0.010057688851830147,14.758590386596579,0.00021802856361268966,4.9397096443500004e-05,3315.0,0.22046512188235293,0.7637137066365007,0.06529371482352941
230,50.0,0.18749976,0.296875,0.00986797327379723,19.000837841532725,0.00015529753829254735,4.61039566806e-05,3094.0,0.21778487394957985,0.7607642816742082,0.43091483294117644
230,51.0,0.17968726999999998,0.33203125,0.01532817692074945,11.7226771930562,0.0003070142397768282,0.00010193832180090001,6841.0,0.23245982278614238,0.6207151732202895,0.08725487228183014
230,52.0,0.09374988,0.171875,0.008702241354665578,10.773072841715358,0.00010793804043927273,1.8551850700500002e-05,1245.0,0.22792988838554218,0.7480923694779117,0.14674598477108433
230,53.0,0.08593739,0.16796875,0.009386248764978377,9.155669336257782,9.696378520230698e-05,1.62868857957e-05,1093.0,0.22975874678865507,0.14126829826166515,0.18703670382433668
230,54.0,0.09114571666666667,0.16015625,0.007728198406581179,11.793915201381063,7.164150867043902e-05,1.1473835373e-05,770.0,0.23694389423376622,0.9198153409090909,0.46567200187012986
230,55.0,0.19270808666666667,0.21875,0.009223586635950713,20.89296650779531,0.00031566458252159997,6.90516274266e-05,4634.0,0.25766600928787226,0.24368880152136382,0.2855108243072939
230,56.0,0.08072906333333332,0.14453125,0.0063399167963572355,12.733457855427742,3.845607553868108e-05,5.5581046677e-06,373.0,0.23193954530831098,0.5756325402144772,0.24713513308310991
230,57.0,0.13281233,0.1796875,0.00477597881660994,27.808400141580222,6.883005477286958e-05,1.2367900467000002e-05,830.0,0.25185129426506025,0.26863704819277107,0.21471377638554218
230,58.0,0.23958302666666664,0.30859375,0.008248057991299023,29.047204435202286,0.00015133164581784304,4.6700000076600005e-05,3134.0,0.2722464811742183,0.3861852863752393,0.31933698961072116
230,59.0,0.08593739,0.140625,0.008135371312768936,10.563425650297768,0.000194972417536,2.7417996216e-05,1840.0,0.2628029107826087,0.03748938519021739,0.26695010634782607
230,60.0,0.09895820666666666,0.125,0.009797141870354343,10.100722024461971,0.0002337682199112,2.92210274889e-05,1961.0,0.26297500883222846,0.9527345741968384,0.2701371128199898
230,61.0,0.14843731,0.21875,0.008056283609572132,18.42503531325947,0.00012963092372434283,2.83567645647e-05,1903.0,0.2720594552601156,0.8999811153441933,0.04684101086705203
230,62.0,0.08072906333333332,0.13671875,0.007305292708902846,11.050763679181545,7.999924162998858e-05,1.0937396316600001e-05,734.0,0.2690994899182561,0.6997243273160763,0.12319291095367847
230,63.0,0.24739551666666665,0.38671875,0.010860832975555136,22.778687161793997,0.00018703480528058184,7.23298661046e-05,4854.0,0.278695014289246,0.47191266223733,0.48885740568603214
230,64.0,0.17447894333333333,0.296875,0.008914760161365588,19.571916706125513,8.01082324224e-05,2.3782131500400003e-05,1596.0,0.27719129383458646,0.5182756696428571,0.0030642935338345864
230,65.0,0.09114571666666667,0.1640625,0.006784117058283766,13.435162731364272,6.48495214848e-05,1.06393746186e-05,714.0,0.2769217788235294,0.5941493785014006,0.32881076100840334
230,66.0,0.08072906333333332,0.1328125,0.008425041545636452,9.582037417387573,0.00012240627671265882,1.62570836259e-05,1091.0,0.2863782339871678,0.051611909945004586,0.18428788179651695
230,67.0,0.09374988,0.17578125,0.011632476682871271,8.059322408790722,0.00013885426953216,2.4407977066200003e-05,1638.0,0.2878777257142857,0.9159059256715507,0.35905332952380953
230,68.0,0.11197902333333333,0.1796875,0.004545921371163553,24.63285529830264,4.57761328128e-05,8.2253988648e-06,552.0,0.29447883739130437,0.06971807065217392,0.4717350921739131
230,69.0,0.19791641333333332,0.2890625,0.008791365376625301,22.512591031599978,0.00016975315918080002,4.90692725757e-05,3293.0,0.3169783868326754,0.60618167324628,0.47804643410871545
230,70.0,0.13020816666666665,0.25390625,0.007733665475543721,16.83653981135152,9.900555904512e-05,2.51381302263e-05,1687.0,0.2953541175577949,0.47008372851215174,0.13021301690574985
230,71.0,0.10156237,0.19140625,0.01010660135634219,10.049112101989323,0.00012082407844466939,2.31264837648e-05,1552.0,0.29982027989690724,0.6241492831829897,0.3377009919587629
230,72.0,0.20833306666666665,0.265625,0.008856725610566265,23.522583382070774,0.0002913740610657882,7.73962349706e-05,5194.0,0.31593314144012324,0.7316194166345784,0.38147171126684637
230,73.0,0.09114571666666667,0.1640625,0.007159680626078723,12.730416540463224,6.784676827611428e-05,1.1131110420300001e-05,747.0,0.3110899206425703,0.5786165495314591,0.193910564497992
230,74.0,0.08593739,0.1640625,0.007732800293526166,11.113359551254161,7.420456450011429e-05,1.2174186363300001e-05,817.0,0.31320681752753976,0.8087754360465116,0.15460008616891063
230,75.0,0.08593739,0.1640625,0.010412377468163252,8.253387880218618,9.454951241691428e-05,1.5512029380900002e-05,1041.0,0.3209739771757925,0.21822466378482228,0.015912017982708932
230,76.0,0.18229143333333334,0.2890625,0.009758239493532364,18.68077058921886,0.0001537212027564973,4.4435035171800006e-05,2982.0,0.33318183694164993,0.2034629652917505,0.13252724812877265
230,77.0,0.13802065666666666,0.234375,0.006378716001053806,21.637686431542765,5.7855945638400004e-05,1.3559987259e-05,910.0,0.3278494354285714,0.46171016483516486,0.14754426514285715
230,78.0,0.08593739,0.16015625,0.007626844536173004,11.267751636002487,6.373303044058536e-05,1.0207243156500002e-05,685.0,0.3305990624233577,0.5648380474452555,0.229681209459854
230,79.0,0.11718735,0.13671875,0.005184702183843523,22.60252293085939,6.735630971026286e-05,9.208870468200001e-06,618.0,0.3312371425242719,0.8389461974110033,0.05615694058252427
230,80.0,0.23697886333333332,0.40234375,0.009974454425596723,23.75857898805889,0.00012136600908377476,4.8830855217300005e-05,3277.0,0.3401826048703082,0.29453744850472996,0.1847346363625267
230,81.0,0.09114571666666667,0.19921875,0.009356501899026565,9.741430894825054,0.00011309397518456471,2.25304403688e-05,1512.0,0.34691002253968256,0.4230634093915344,0.4353468311111111
230,82.0,0.08593739,0.15234375,0.007319724885626697,11.740521856053645,5.53617332736e-05,8.4340140534e-06,566.0,0.348059096819788,0.7934656581272085,0.24658312537102473
230,83.0,0.10156237,0.171875,0.005958045782443737,17.04625538448673,5.323209383912727e-05,9.1492661286e-06,614.0,0.3531902603257329,0.6965594462540716,0.1777211960912052
230,84.0,0.13020816666666665,0.20703125,0.0074969968962708,17.368043293633423,9.01847396453434e-05,1.86710593797e-05,1253.0,0.3628267222984837,0.6139016360734237,0.31959153519553074
230,85.0,0.11197902333333333,0.22265625,0.013806383364747635,8.110670287430496,0.00034151404348496846,7.60402362447e-05,5103.0,0.3668068823515579,0.7107377094356261,0.4568869354027043
230,86.0,0.10156237,0.17578125,0.008365616958123148,12.140451864865904,7.858236132864001e-05,1.3813305702300001e-05,927.0,0.3626082107443366,0.39323759439050704,0.3030875634951456
230,87.0,0.1562498,0.2265625,0.007869267093408162,19.855699157915932,0.00011917579404711725,2.7000765838800002e-05,1812.0,0.373248561589404,0.35540407698675497,0.12981349562913908
230,88.0,0.15364563666666667,0.2578125,0.0074451256514810405,20.637077714880785,9.536694336e-05,2.4586790085000003e-05,1650.0,0.3740402356363636,0.36504261363636364,0.26516504087272724
230,89.0,0.08333322666666666,0.1640625,0.009276120855373807,8.983628821350509,0.0001168017992009143,1.9162795181400002e-05,1286.0,0.37719971720062206,0.46733451594090203,0.4124211837013997
230,90.0,0.2291663733333333,0.3828125,0.0075081212272337305,30.5224657937185,0.00010988607392052247,4.20657626727e-05,2823.0,0.38544888926673754,0.29116852639036483,0.33987954856535596
230,91.0,0.10937485999999999,0.23828125,0.011306447253581528,9.67367180396596,0.0002906034005206033,6.92453415303e-05,4647.0,0.3910484999354422,0.2608277181514956,0.4269822093221433
230,92.0,0.08593739,0.15625,0.008202279932472667,10.477256410108065,9.212446728576e-05,1.43944480134e-05,966.0,0.3894452536645963,0.3783805641821946,0.011973474782608694
230,93.0,0.0781249,0.12109375,0.005509583356235808,14.17981995164432,3.7039290259819356e-05,4.485226554900001e-06,301.0,0.38445317900332227,0.21079474667774087,0.18436544372093022
230,94.0,0.08593739,0.1640625,0.007180006980107186,11.968984185962045,6.757429129508571e-05,1.1086407165600002e-05,744.0,0.3843314883870968,0.9006793934811828,0.26225623806451615
230,95.0,0.08072906333333332,0.15234375,0.007764151731754478,10.397666882675779,0.0001478921213952,2.25304403688e-05,1512.0,0.397790606984127,0.07278232473544974,0.4744621926984127
230,96.0,0.15885396333333332,0.16796875,0.0058944657930835725,26.949679395837503,8.294706236427908e-05,1.3932514381500001e-05,935.0,0.3914344925775401,0.5146056149732621,0.07404935922994653
230,97.0,0.11979151333333332,0.20703125,0.005836255614629533,20.52540554136392,4.1673554872030185e-05,8.6277281571e-06,579.0,0.3940006375129534,0.5090403713298791,0.46507194196891194
230,98.0,0.10937485999999999,0.18359375,0.008332105588452383,13.126917180644542,6.079135368224681e-05,1.11609125901e-05,749.0,0.395831450787717,0.7930104722963952,0.21719528843791722
230,99.0,0.08333322666666666,0.140625,0.0043107443964710696,19.331516555443706,3.5285769043200004e-05,4.9620612717e-06,333.0,0.39403169585585585,0.04740287162162162,0.20733571171171172
230,100.0,0.09114571666666667,0.1875,0.007355813975860069,12.390976303341,7.76445863856e-05,1.45583599473e-05,977.0,0.4033322741453429,0.6419843909928352,0.2984075491504606
230,101.0,0.11718735,0.1796875,0.009602821589496852,12.203428847222822,0.0001898216811748174,3.4108583336100004e-05,2289.0,0.4173217595806029,0.3770051742027086,0.05722411218872871
230,102.0,0.09114571666666667,0.1640625,0.005897726737340146,15.45438110748635,4.1961455078400006e-05,6.884301223800001e-06,462.0,0.4158750514285714,0.5736015286796536,0.004451591688311688
230,103.0,0.11979151333333332,0.19140625,0.007982781288163727,15.00623767695493,0.00011755435467232652,2.2500638199000003e-05,1510.0,0.42995931941721854,0.23483805877483444,0.16643686696688742
230,104.0,0.12499984,0.21484375,0.008494756443365266,14.71494101489275,0.00011256767205329455,2.41844607927e-05,1623.0,0.43177670772643256,0.9128133664510166,0.280765512754159
230,105.0,0.19531225,0.2734375,0.012416286716558695,15.730326985726443,0.00027531074163126857,7.52802809148e-05,5052.0,0.4354046497862233,0.790294221347981,0.020525930356294537
230,106.0,0.08072906333333332,0.14453125,0.00664523110731842,12.148420729028683,6.948899440501623e-05,1.00433312226e-05,674.0,0.44844968189910983,0.07106013538575667,0.4110940885459941
230,107.0,0.16406229,0.265625,0.009150491443840825,17.92934193828791,0.00015107245792263528,4.01286216357e-05,2693.0,0.4540086548533234,0.3820654822688452,0.33075974784998147
230,108.0,0.15104147333333331,0.1953125,0.008640698977878876,17.480237851129385,0.000255430821095424,4.98888322452e-05,3348.0,0.4562699499641577,0.6566560259856631,0.24368672215053763
230,109.0,0.3229162533333333,0.27734375,0.008851922891106626,36.479786065213204,0.0004578150559834141,0.0001269721444329,8521.0,0.475074836718695,0.39834719003051283,0.22044492511207603
230,110.0,0.14583314666666666,0.2421875,0.007782231639277211,18.739245171094804,7.740104177218064e-05,1.8745564804200003e-05,1258.0,0.4664153028934817,0.1869534976152623,0.00822080317965024
230,111.0,0.10156237,0.1953125,0.011805784067060756,8.602763647301371,0.000156630667774464,3.0591927299700004e-05,2053.0,0.4760922648222114,0.5503131849732099,0.08055644867023867
230,112.0,0.11458318666666666,0.234375,0.010632797064631777,10.77639175939965,0.0001436861946624,3.3676451874000004e-05,2260.0,0.4789586051681416,0.36583068307522126,0.49290872155752213
230,113.0,0.18749976,0.30859375,0.013641312220195217,13.74499439448478,0.0002559214176243038,7.897574997000001e-05,5300.0,0.48761078001509434,0.2769030070754717,0.18538978188679245
230,114.0,0.18749976,0.3203125,0.013241206199231647,14.160323249922664,0.0002531643442756683,8.10917040258e-05,5442.0,0.4852541354796031,0.5349409109702316,0.28743846676957
230,115.0,0.16927061666666665,0.16796875,0.008254937958414631,20.505377208089307,0.0003453614051167256,5.80099235157e-05,3893.0,0.4918541142769073,0.0611895549704598,0.22591974337528897
230,116.0,0.11718735,0.19140625,0.0064718887432161564,18.10713296374817,8.586917430700409e-05,1.64358966447e-05,1103.0,0.49127785327289214,0.1068145115593835,0.13726555691749773
230,117.0,0.09635404333333333,0.13671875,0.008985924280057908,10.722774901093691,0.0002442483657940114,3.33933312609e-05,2241.0,0.4881239944310576,0.9566059376394467,0.22059187448460507
230,118.0,0.08333322666666666,0.1328125,0.006402482561396655,13.015767847478234,3.141499310682353e-05,4.172303772e-06,280.0,0.493846392,0.30991908482142855,0.0014020611428571428
230,119.0,0.09635404333333333,0.19140625,0.009377865637774133,10.274623998153515,0.00012798633051742042,2.4497383575600003e-05,1644.0,0.4946181357664234,0.24992634200121655,0.07542322160583942
240,1.0,0.08854155333333333,0.15234375,0.008839217616255501,10.016899365675036,0.0001747904900352,2.6628238716300003e-05,1787.0,0.009809318410744264,0.06346399342473419,0.2449662779630666
240,2.0,0.24218719,0.26171875,0.007234779747647585,33.47540608665358,9.627791117717015e-05,2.5197734565900002e-05,1691.0,0.006367563903015966,0.2653847575399172,0.19180539306918984
240,3.0,0.13802065666666666,0.21875,0.006212135154535357,22.217909500230448,3.160732979931429e-05,6.9141033936e-06,464.0,0.002348795172413793,0.26841998922413796,0.06937364379310344
240,4.0,0.08593739,0.15625,0.006604977157647876,13.01100487539059,3.7383841797120004e-05,5.8412252808e-06,392.0,0.0036621,0.37393375318877553,0.10153732775510205
240,5.0,0.09114571666666667,0.15234375,0.007033677577610303,12.958472386735915,4.71455043072e-05,7.182322921800001e-06,482.0,0.0017302536099585062,0.8591804979253111,0.34938966572614105
240,6.0,0.19531225,0.3046875,0.010320655227686123,18.92440408977684,0.0001206514098816,3.6760976448300004e-05,2467.0,0.018551869055533035,0.5513401905147953,0.003924449063640049
240,7.0,0.3229162533333333,0.265625,0.008643795944560256,37.3581532239377,0.0003609358315166118,9.58735802466e-05,6434.0,0.03703278229406279,0.8776792479406279,0.30419009203605846
240,8.0,0.20052057666666664,0.3125,0.009127733812978612,21.968276110500604,0.00010867063195872002,3.39595724871e-05,2279.0,0.018262828960070206,0.5652989935278631,0.4939216801053094
240,9.0,0.09895820666666666,0.1796875,0.005966435235790337,16.585817620721777,5.8464082668521735e-05,1.05052648545e-05,705.0,0.02394996085106383,0.521697695035461,0.13423336646808512
240,10.0,0.09635404333333333,0.18359375,0.008748235118578876,11.014112221184305,0.00019178901034866384,3.52112636187e-05,2363.0,0.04207266789674143,0.5366837045069827,0.3338884676089717
240,11.0,0.09635404333333333,0.1640625,0.007008973285456013,13.747240773948022,5.6493560733257145e-05,9.2684748078e-06,622.0,0.048909641672025723,0.7274040393890675,0.001981380578778135
240,12.0,0.09635404333333333,0.171875,0.0069257768391689815,13.91238059944403,5.470594660014546e-05,9.4025845719e-06,631.0,0.03781809851030111,0.15701144017432647,0.06863158440570524
240,13.0,0.08072906333333332,0.15234375,0.003958434115673687,20.394191484375387,2.35727521536e-05,3.5911614609000004e-06,241.0,0.04834174605809129,0.737308739626556,0.4975674502904564
240,14.0,0.19531225,0.3515625,0.012203163289209144,16.005050934023654,0.00016076747385088,5.6519815025700004e-05,3793.0,0.04930585271816504,0.34168513544687584,0.036639151194305296
240,15.0,0.23697886333333332,0.296875,0.009096404428148328,26.051926913013578,0.00018340569001970528,5.44485642246e-05,3654.0,0.05770042443349754,0.1405362701833607,0.3766752809195402
240,16.0,0.18489559666666666,0.2265625,0.01022183390581607,18.088299846220732,0.00023894352084612416,5.4135641441700004e-05,3633.0,0.0526971452353427,0.920367550922103,0.15958382797687862
240,17.0,0.08854155333333333,0.171875,0.009678417361728999,9.148350399048697,0.00010533712380218182,1.81048181535e-05,1215.0,0.04929096177777778,0.7691100823045267,0.027060758913580247
240,18.0,0.13802065666666666,0.14453125,0.01059173695255727,13.03097473859969,0.00027929626979701617,4.0367038994100004e-05,2709.0,0.05540400868217054,0.044889431063122924,0.15769299100775194
240,19.0,0.10937485999999999,0.2265625,0.009637192960334703,11.34924458295804,9.391999663315862e-05,2.12787492372e-05,1428.0,0.05167698386554622,0.6819798231792717,0.24789305411764706
240,20.0,0.24218719,0.3515625,0.007041244504309132,34.39550918190459,0.00013487005056512,4.74152521518e-05,3182.0,0.07869625025769957,0.7442621582338153,0.1873509797611565
240,21.0,0.11718735,0.23828125,0.013224465790661598,8.86140520570225,0.00022931841396794757,5.4642278328300006e-05,3667.0,0.06654722447777474,0.7779232427733842,0.3559610467412054
240,22.0,0.0781249,0.16796875,0.009449573468484877,8.267558346474909,0.0001454900345213023,2.4437779236000002e-05,1640.0,0.07607164214634146,0.4527272294207317,0.4401856109268293
240,23.0,0.08333322666666666,0.1015625,0.006052018395658988,13.769493286147345,8.53900939008e-05,8.6724314118e-06,582.0,0.0816048437113402,0.047492482817869414,0.05595923711340206
240,24.0,0.09635404333333333,0.1640625,0.008445129898566809,11.409421109044779,9.936327241508572e-05,1.63017868806e-05,1094.0,0.08583551780621572,0.3757176930987203,0.16884311780621572
240,25.0,0.14062481999999998,0.19921875,0.0077175391039594485,18.22145869372441,0.00017741991345091764,3.53453733828e-05,2372.0,0.09864573450252952,0.18950088269392917,0.28293232269814506
240,26.0,0.12499984,0.2109375,0.00730730690877408,17.106143420623177,0.00011182657136213333,2.3588417396700003e-05,1583.0,0.09284784545799116,0.7485539718888187,0.4720467720530638
240,27.0,0.16666645333333333,0.26953125,0.009687232209553044,17.204754642814855,0.00015269767974511304,4.11567964938e-05,2762.0,0.095791979608979,0.7432001267197683,0.10674840295438089
240,28.0,0.14062481999999998,0.27734375,0.014910033882288608,9.431556032011837,0.000298834331813138,8.287983421380001e-05,5562.0,0.11376274364617044,0.38002292340884575,0.3484387851564186
240,29.0,0.11979151333333332,0.16796875,0.008692713622771351,13.78068098545529,0.00011169021552580465,1.87604658891e-05,1259.0,0.11322045826846704,0.5827169380460683,0.32646889467831613
240,30.0,0.08854155333333333,0.17578125,0.008498686544214696,10.418263207225374,6.552768641536e-05,1.15185386277e-05,773.0,0.10333596605433377,0.7602684346701164,0.030628357878395858
240,31.0,0.08072906333333332,0.13671875,0.006875075367422707,11.742280486969646,9.046235770148572e-05,1.2367900467000002e-05,830.0,0.11212556009638554,0.04874811746987952,0.4138308306506024
240,32.0,0.09114571666666667,0.15625,0.006750572157580162,13.501924657500311,7.247887695360001e-05,1.1324824524000002e-05,760.0,0.1350762372631579,0.45316611842105264,0.28238260357894734
240,33.0,0.14583314666666666,0.23828125,0.010357053261627744,14.08056355247005,0.00014176843317843934,3.37807594683e-05,2267.0,0.14360041259814735,0.8022320936259374,0.4587324907278342
240,34.0,0.4322911133333333,0.4921875,0.011335387149565395,38.13642248204179,0.0002383568079597714,0.00011731624141770001,7873.0,0.16123547650958972,0.36394560523307506,0.21485957316397816
240,35.0,0.11979151333333332,0.2109375,0.009149244705418004,13.09304944728335,0.0001347852799488,2.8431269989200003e-05,1908.0,0.15779633182389938,0.10789070689203355,0.2457819310691824
240,36.0,0.10156237,0.18359375,0.009401052531869899,10.80329778561496,0.00015510317341358297,2.8475973243900002e-05,1911.0,0.15853897142857143,0.7534442863683936,0.13950039510204082
240,37.0,0.16145812666666665,0.203125,0.009394647092964278,17.18618326680774,0.0002932900304256,5.95745374302e-05,3998.0,0.17403090609304653,0.0638102254252126,0.2964423845522761
240,38.0,0.14322898333333334,0.15234375,0.009825141533965447,14.577803570380306,0.0002340647132928,3.56582961657e-05,2393.0,0.18183522714584205,0.9557775935018805,0.28763262789803595
240,39.0,0.15364563666666667,0.2734375,0.011565309765834728,13.285042923844008,0.0002719320270665143,7.4356413651e-05,4990.0,0.1767315271503006,0.11273797595190381,0.1483537503486974
240,40.0,0.18749976,0.32421875,0.009847674422620351,19.04000395964639,0.0001357657593664771,4.4017804794600003e-05,2954.0,0.17162992411645225,0.8188420362220717,0.38362410784021667
240,41.0,0.09374988,0.1640625,0.009120319195059155,10.279232337700208,9.691097958582857e-05,1.5899457588300003e-05,1067.0,0.16961575017806937,0.5079406337863168,0.4329940737019682
240,42.0,0.17968726999999998,0.33203125,0.01136637915015896,15.808664098407016,0.00020940336833776942,6.952846214340001e-05,4666.0,0.17412403854264896,0.6284642225675097,0.017380089052721818
240,43.0,0.21614555666666666,0.234375,0.007136429015135626,30.287634923327108,0.00012410418229248,2.9086917724800002e-05,1952.0,0.1785543904918033,0.5353483606557377,0.3294739340163934
240,44.0,0.12239567666666666,0.203125,0.008670396313638017,14.116503126177237,0.00015412765230719998,3.13071793749e-05,2101.0,0.17681917936220848,0.5457278528081866,0.25447917212755833
240,45.0,0.08072906333333332,0.1328125,0.0059313189654652074,13.610642726073921,4.5327347196988236e-05,6.0200382996e-06,404.0,0.18728680396039604,0.3875019337871287,0.3932587782178218
240,46.0,0.08854155333333333,0.16796875,0.007422740518543421,11.928418232072056,5.633303165916279e-05,9.462188911500001e-06,635.0,0.18558023357480316,0.8137856791338582,0.4850258252598425
240,47.0,0.20312474,0.34765625,0.012742795564592232,15.94035931679015,0.00022253715502252585,7.73664328008e-05,5192.0,0.20178942166409863,0.6903710034668721,0.3375688795377504
240,48.0,0.10156237,0.203125,0.011048259088178029,9.192612989016054,0.00011832836895360001,2.40354499437e-05,1613.0,0.20266677425914448,0.2341376704897706,0.3659962829014259
240,49.0,0.09114571666666667,0.15234375,0.00614155627993099,14.84081762215665,5.2818614784e-05,8.046585846e-06,540.0,0.2013413537777778,0.8335648148148148,0.23296381333333332
240,50.0,0.17968726999999998,0.28515625,0.006711306662198536,26.773813065656697,0.00010837865234446028,3.09048500826e-05,2074.0,0.21080135282545806,0.2520397631388621,0.25203064246865964
240,51.0,0.11979151333333332,0.19921875,0.009743381576358621,12.294654827436494,0.00013179337584338823,2.6255711593800003e-05,1762.0,0.2105334777752554,0.34605561861521,0.1223559846538025
240,52.0,0.15104147333333331,0.28125,0.011899205935998452,12.693407790883784,0.00023375497450240002,6.57435865788e-05,4412.0,0.21797385834995467,0.7668291024478694,0.06481817396192202
240,53.0,0.2291663733333333,0.3828125,0.014317105351438169,16.006473914108156,0.00028411564064679184,0.0001087630186851,7299.0,0.23431124938758735,0.6345914251952323,0.08906992499794493
240,54.0,0.0781249,0.15625,0.007544807756857173,10.354790011580535,7.419548193408001e-05,1.15930440522e-05,778.0,0.2171276976863753,0.6976924003856041,0.446769923907455
240,55.0,0.11458318666666666,0.20703125,0.009666174374695411,11.854036791083367,0.00013509717183903395,2.7969336357300003e-05,1877.0,0.22363380083111348,0.8251281965903037,0.4182423862759723
240,56.0,0.12760400333333333,0.140625,0.00459967610823612,27.741954070384924,8.61481388352e-05,1.21145820237e-05,813.0,0.23945299247232474,0.23074261992619927,0.2896959834686347
240,57.0,0.08072906333333332,0.1328125,0.00676394017935154,11.935212493418714,4.947861414324706e-05,6.5713784409000005e-06,441.0,0.23192524952380952,0.12037627551020408,0.1897227994557823
240,58.0,0.10677069666666666,0.171875,0.005799342783702471,18.410826993485824,5.1064663308218184e-05,8.776739006100001e-06,589.0,0.23149943388794567,0.7302233658743633,0.14361566587436334
240,59.0,0.14062481999999998,0.28125,0.013025034036678252,10.796503072775328,0.00022337057400320003,6.282297393840001e-05,4216.0,0.25895749127134726,0.47240423387096775,0.08535449419354839
240,60.0,0.18489559666666666,0.3046875,0.008323880130201215,22.212669305005615,0.00012578655298559998,3.8325590362800004e-05,2572.0,0.2741126463452566,0.24205992418351477,0.4097808266874028
240,61.0,0.18229143333333334,0.29296875,0.007959221326383385,22.903174300364043,0.000115813616016384,3.3929770317300005e-05,2277.0,0.2594673172068511,0.398633069828722,0.3176809294334651
240,62.0,0.11718735,0.14453125,0.007382029346354023,15.87467950908089,0.0002212513085952,3.1977728195400005e-05,2146.0,0.2672752797763281,0.041252257106244174,0.2665954192730662
240,63.0,0.12239567666666666,0.14453125,0.009797572158401307,12.492449628116672,0.00025331522144380545,3.66119655993e-05,2457.0,0.26116481523809526,0.9456877035002035,0.26896219174603175
240,64.0,0.22395804666666666,0.28515625,0.006398514747371462,35.001567630780194,0.00010540006836006575,3.0055488243300003e-05,2017.0,0.27581114320277644,0.8870789693852256,0.0507365768567179
240,65.0,0.19270808666666667,0.23828125,0.008111939170854728,23.75610598253064,0.00015189921666979673,3.6194735222100004e-05,2429.0,0.27855559864965,0.2351839105599012,0.29395863146974066
240,66.0,0.10416653333333332,0.18359375,0.008778907979913014,11.865545643225373,9.528578000394894e-05,1.74938736726e-05,1174.0,0.27220736586030664,0.6980708315587735,0.12744191182282794
240,67.0,0.13281233,0.25390625,0.007276329411764706,18.2526549423756,0.00012870135802367998,3.2678079185700004e-05,2193.0,0.2792819101504788,0.5278193399452804,0.4865174717373461
240,68.0,0.09114571666666667,0.16015625,0.008020213940420856,11.364499419062112,7.787525033397074e-05,1.24722080613e-05,837.0,0.28217800372759855,0.06403076463560335,0.18157482265232974
240,69.0,0.09374988,0.19921875,0.007838094949345245,11.96079922556072,8.39977077594353e-05,1.67339183427e-05,1123.0,0.27898832185218164,0.5650844556990204,0.005701092929652716
240,70.0,0.08854155333333333,0.1640625,0.009833425036747353,9.004141792148204,0.00013533023391085712,2.2202616501000002e-05,1490.0,0.2841710950872483,0.9124161073825503,0.3620887857181208
240,71.0,0.10156237,0.203125,0.009244095544827566,10.98672871861738,0.00011502720552960001,2.33649011232e-05,1568.0,0.2964532230612245,0.401668626434949,0.11721834030612245
240,72.0,0.09374988,0.13671875,0.006473166398431587,14.482847223379748,9.482198939794287e-05,1.2963943863000002e-05,870.0,0.29908553103448277,0.7113999640804598,0.28525205351724137
240,73.0,0.11979151333333332,0.23046875,0.010829930247377191,11.06115280496332,0.00011088427651688136,2.55553606035e-05,1715.0,0.3007178434985423,0.6290543002915452,0.34407141327113705
240,74.0,0.11197902333333333,0.1953125,0.00628572963224969,17.814801126477267,5.5846882031616006e-05,1.09075941468e-05,732.0,0.3042571403278689,0.1215580174180328,0.46560299606557376
240,75.0,0.13281233,0.234375,0.01123171474053368,11.82475989358054,0.00018647416324992,4.3704882011700005e-05,2933.0,0.3200180127923628,0.5881616518922604,0.48086240583702694
240,76.0,0.20312474,0.296875,0.008497791406774232,23.903239121411467,0.0001516334399424,4.5016177482900004e-05,3021.0,0.32704771352532275,0.8698097691161867,0.06364546351539226
240,77.0,0.09374988,0.1796875,0.008931007733520407,10.497122250620407,0.00010440607103499131,1.87604658891e-05,1259.0,0.3162735772517871,0.22737539714058777,0.009374665734710089
240,78.0,0.12239567666666666,0.23046875,0.012883493226438893,9.500193349385404,0.0002575877304042305,5.936592224160001e-05,3984.0,0.31985918759036147,0.7191274865085341,0.3962701051807229
240,79.0,0.08593739,0.15625,0.005181041734333068,16.58689398900631,5.168888330112001e-05,8.0763880158e-06,542.0,0.31418926140221404,0.8052928966789668,0.16023151439114391
240,80.0,0.14843731,0.2421875,0.008385753873030545,17.70112887255012,0.00011419422379107096,2.76564135744e-05,1856.0,0.33848748206896556,0.1906085836476293,0.1305517603448276
240,81.0,0.09635404333333333,0.1953125,0.01017930916708151,9.465676083886823,0.000112685580274176,2.2008902397300002e-05,1477.0,0.32787158997968857,0.44884584461746785,0.1409340713337847
240,82.0,0.08854155333333333,0.171875,0.00975825907136651,9.073498939287159,0.00010464354603229091,1.7985609474300003e-05,1207.0,0.3318346025517813,0.29700121685998343,0.37020119343827673
240,83.0,0.08854155333333333,0.15234375,0.007240802549677912,12.228140834647103,6.00567212544e-05,9.1492661286e-06,614.0,0.330738923257329,0.5773552015472313,0.2287504323127036
240,84.0,0.20572890333333332,0.3203125,0.00848755570081116,24.238886975866528,0.00010481059677564879,3.35721442797e-05,2253.0,0.3403838240213049,0.2992641755437195,0.18442723536617842
240,85.0,0.09895820666666666,0.203125,0.00908806092909328,10.888814174856083,8.135533860480001e-05,1.65253031541e-05,1109.0,0.3444201197475203,0.422998619251578,0.4336507580883679
240,86.0,0.09895820666666666,0.171875,0.007103143098079107,13.931608205025151,5.834722989207273e-05,1.00284301377e-05,673.0,0.35232485491827636,0.6810398867013373,0.17627125658246656
240,87.0,0.12239567666666666,0.21875,0.008944387440267512,13.684075906153502,0.00010653849958217144,2.3305296783600003e-05,1564.0,0.3636149978516624,0.6133736612851662,0.3202916992327366
240,88.0,0.16406229,0.2890625,0.012930919636817535,12.687596443865754,0.00031507176098179466,9.107543090880001e-05,6112.0,0.36858748900523564,0.7073207675474477,0.4586294526439791
240,89.0,0.10416653333333332,0.171875,0.007996172791460053,13.02704882072879,9.554033780247273e-05,1.6420995559800003e-05,1102.0,0.36937540137931035,0.21928524841197822,0.01909165938294011
240,90.0,0.10156237,0.18359375,0.008353136861943203,12.158590440762081,8.716944439884255e-05,1.60037651826e-05,1074.0,0.37003258681564244,0.3941784508845438,0.29960024268156427
240,91.0,0.08854155333333333,0.16796875,0.008569007742420934,10.33276617256485,7.380957848885581e-05,1.23977026368e-05,832.0,0.37120548000000003,0.22487229567307693,0.349519275
240,92.0,0.15104147333333331,0.25,0.009074341052410484,16.644897129275417,0.000162123803712,4.0530950928000005e-05,2720.0,0.38508633035294115,0.48734489889705884,0.4127294408823529
240,93.0,0.08593739,0.171875,0.007938744994572295,10.825059887772593,8.903804620974546e-05,1.53034141923e-05,1027.0,0.37257618227848105,0.3929908106134372,0.26130349367088607
240,94.0,0.13541649333333333,0.22265625,0.009624978765555386,14.069277099908433,0.00020170945072774736,4.4911869888600006e-05,3014.0,0.38750445133377576,0.248773950729927,0.4301937964698076
240,95.0,0.09895820666666666,0.17578125,0.008421851392073016,11.75017250480222,8.909391775232e-05,1.5661040229900003e-05,1051.0,0.38369237526165556,0.7519140996669839,0.21589502294957186
240,96.0,0.08333322666666666,0.140625,0.005946612784703449,14.013561952617097,5.9339431424e-05,8.344607544e-06,560.0,0.3880082142857143,0.3531947544642857,0.025034813142857142
240,97.0,0.0781249,0.140625,0.00577925295388319,13.518165863895332,3.27426505536e-05,4.604435234100001e-06,309.0,0.3850617165048544,0.4948801577669903,0.07981876815533981
240,98.0,0.0781249,0.140625,0.007365230649954654,10.607257764626963,6.410777859200001e-05,9.015156364500001e-06,605.0,0.384964794446281,0.5905346074380166,0.3732234763636364
240,99.0,0.13281233,0.20703125,0.006800872384728547,19.528719624004697,6.556927200072454e-05,1.3574888343900001e-05,911.0,0.40005085909989024,0.5489631929198683,0.4691261316355653
240,100.0,0.13802065666666666,0.18359375,0.009501871539186977,14.52562856669354,0.0002452756619863149,4.50310785678e-05,3022.0,0.4129498032031767,0.6316142558735937,0.15857175756452682
240,101.0,0.09635404333333333,0.18359375,0.005829081724007141,16.52988376136469,3.8633757480306385e-05,7.0929164124000004e-06,476.0,0.3977594531092437,0.4685612526260504,0.32987622352941176
240,102.0,0.14843731,0.2109375,0.008354072050434433,17.768258294143017,9.374217321386666e-05,1.97737396623e-05,1327.0,0.40768399541823663,0.64254427279578,0.29858450785229845
240,103.0,0.17447894333333333,0.2265625,0.008748235580723475,19.944472427993762,0.0001419323198419862,3.2156541214200004e-05,2158.0,0.41613040771084336,0.3551302566033364,0.0606643778313253
240,104.0,0.09895820666666666,0.16015625,0.004768159700434096,20.753962300729448,2.9773094512390245e-05,4.768347168000001e-06,320.0,0.425975472,0.5716552734375,0.4185108915
240,105.0,0.13802065666666666,0.26953125,0.015058393034778133,9.165696256426623,0.00024292310094135652,6.54753670506e-05,4394.0,0.4333957278106509,0.7755470883591261,0.014280356449704143
240,106.0,0.09635404333333333,0.16015625,0.010116043336449065,9.524874511575149,0.00014086395341174633,2.25602425386e-05,1514.0,0.4380755277146631,0.22490350478863935,0.3710411984147952
240,107.0,0.15104147333333331,0.21875,0.0066208838983767265,22.812886564944126,0.00020136048898011428,4.4047606964400006e-05,2956.0,0.4505403828958051,0.6694091466508796,0.24221595215155617
240,108.0,0.13541649333333333,0.234375,0.01106694121015556,12.236126564860452,0.00018043425683712,4.22892789462e-05,2838.0,0.4550143335306554,0.4157472251585624,0.32987357192389005
240,109.0,0.4244786233333333,0.33203125,0.008359199011738205,50.77982025996383,0.0003226768577686589,0.00010713880043100001,7190.0,0.47428055739638386,0.41000195584144644,0.21952987306815022
240,110.0,0.09635404333333333,0.15625,0.005406785507790925,17.820947991092243,3.223402685568e-05,5.0365666962e-06,338.0,0.46151416615384616,0.08082932692307693,0.08121627692307692
240,111.0,0.0781249,0.1328125,0.004823116632001093,16.198011775549013,2.827349379614118e-05,3.7550733948000003e-06,252.0,0.46230040380952386,0.9258277529761905,0.3023615771428571
240,112.0,0.17187478,0.234375,0.009422370269420943,18.24114050769124,0.00023492057047680003,5.50595087055e-05,3695.0,0.4830195263220568,0.5347598105548038,0.0807640227767253
240,113.0,0.0781249,0.140625,0.006703795517176858,11.653830997652568,5.67963129344e-05,7.9869815064e-06,536.0,0.46706532716417914,0.8010873367537313,0.3676201817910448
240,114.0,0.24218719,0.31640625,0.0061440028002272915,39.418469990124436,6.202383427413332e-05,1.96247288133e-05,1317.0,0.479335985785877,0.31355293754745633,0.004281440728929385
240,115.0,0.19270808666666667,0.30859375,0.010734504626238078,17.952210500299675,0.00029797944682256205,9.195459491790001e-05,6171.0,0.48299445405930963,0.26381524975692755,0.1881274555177443
240,116.0,0.21093723,0.31640625,0.012083784423869247,17.456222537645832,0.00025120359302826666,7.94823868566e-05,5334.0,0.4826732933183352,0.5324795826302963,0.28515478767154107
240,117.0,0.13541649333333333,0.23046875,0.00930107271237189,14.559233920750678,0.00014288877615294915,3.2931397629000005e-05,2210.0,0.48335389552941177,0.37217901583710405,0.493868928
240,118.0,0.10677069666666666,0.20703125,0.009880559626051166,10.806138590080884,0.00010436382480905662,2.1606573105e-05,1450.0,0.4936450185931035,0.272901400862069,0.0714451296
240,119.0,0.08072906333333332,0.140625,0.006275058264592902,12.865069921158838,4.95908105472e-05,6.9737077332e-06,468.0,0.49470276,0.5396885016025641,0.46955842666666664
240,120.0,0.08333322666666666,0.15234375,0.006811650552345884,12.233925687507162,6.641451747839999e-05,1.01178366471e-05,679.0,0.49493614091310756,0.1092829528718704,0.26603277808541975
240,121.0,0.10416653333333332,0.1796875,0.008718717215228747,11.947460935123399,7.994237686873044e-05,1.4364645843600002e-05,964.0,0.49510781576763485,0.25004052126556015,0.40358469360995847
250,1.0,0.18489559666666666,0.2265625,0.008767486762445308,21.088779678419282,0.0001583091259776,3.58669113543e-05,2407.0,0.0070164639135853754,0.253133763502285,0.19645287524719568
250,2.0,0.09114571666666667,0.1640625,0.008221099808254684,11.086803322245109,4.841007696274285e-05,7.942278251700001e-06,533.0,0.002030072195121951,0.23955646106941839,0.41142307902439024
250,3.0,0.10677069666666666,0.1796875,0.007066751637295508,15.108879177693659,2.5873466372452177e-05,4.6491384888000005e-06,312.0,0.0012770400000000001,0.3316806891025641,0.49557915999999996
250,4.0,0.11718735,0.203125,0.007917602936720376,14.800862197383854,6.65367827904e-05,1.35152840043e-05,907.0,0.002726185137816979,0.39300664966923926,0.10066858531422271
250,5.0,0.09635404333333333,0.17578125,0.007205809467141991,13.371716775568563,6.671447504384e-05,1.1727153816300002e-05,787.0,0.0011515218297331639,0.5366155098475223,0.46740866683608645
250,6.0,0.21354139333333333,0.23828125,0.008058429810988749,26.499131759159958,0.00010493490554628197,2.5004020462200002e-05,1678.0,0.006506520143027414,0.8548797862038141,0.35675866841477955
250,7.0,0.10937485999999999,0.21484375,0.011735699070642012,9.31984190644525,0.00011575812979479272,2.4869910698100003e-05,1669.0,0.0203725980107849,0.5519561676153385,0.004852959041342121
250,8.0,0.09895820666666666,0.19921875,0.010704021755168283,9.244955674616984,0.00011436553442936472,2.2783758812100003e-05,1529.0,0.02063358231523872,0.5685880273054283,0.49218240784826683
250,9.0,0.16145812666666665,0.22265625,0.009230446563199638,17.491908496645788,0.0001590787539415579,3.54198788073e-05,2377.0,0.026867108859907448,0.8569937815523769,0.2854102390576357
250,10.0,0.08333322666666666,0.109375,0.005236741346912186,15.913183628174345,7.193392299154286e-05,7.8677728272e-06,528.0,0.023655686363636363,0.9535392992424242,0.3268294781818182
250,11.0,0.17447894333333333,0.3125,0.010279494806486609,16.973493991478346,0.00014357493322848003,4.4867166633900006e-05,3011.0,0.033250392294918635,0.17295048364330787,0.3791790151843241
250,12.0,0.10416653333333332,0.18359375,0.006996986914762726,14.887341451726254,5.600271567523404e-05,1.0281748581e-05,690.0,0.025410374260869565,0.48054234601449275,0.139192352
250,13.0,0.08593739,0.1484375,0.005412855705241168,15.87653443574866,2.9915104338189473e-05,4.4405233002e-06,298.0,0.03954084885906041,0.7544174706375839,0.0005833143624161075
250,14.0,0.18489559666666666,0.22265625,0.0072166755703277265,25.620605341729405,0.0001448239055656421,3.2245947723600004e-05,2164.0,0.043905487763401106,0.526213753465804,0.3358734614417745
250,15.0,0.10156237,0.2109375,0.010779446225328294,9.421854135823834,0.000154706374784,3.2633375931000004e-05,2190.0,0.05051178564383561,0.6487532106164383,0.40977706169863015
250,16.0,0.08333322666666666,0.1640625,0.009607794229921324,8.673502436921888,9.055318336182857e-05,1.4856381645300001e-05,997.0,0.04625779594784353,0.8311301090772317,0.17267970776328986
250,17.0,0.18749976,0.3671875,0.01031851207599465,18.171201295214455,0.00011890431661480851,4.3660178757000005e-05,2930.0,0.054044763522184305,0.32383745733788394,0.03571476565187714
250,18.0,0.10156237,0.1796875,0.010123440701627693,10.032396394999413,0.00011526960980034781,2.0712508011e-05,1390.0,0.04837414549640288,0.767283048561151,0.030078048
250,19.0,0.0781249,0.1484375,0.009369307423211974,8.338385802823547,0.00010661020405086316,1.58249521638e-05,1062.0,0.051018363389830505,0.0635225400188324,0.1725237609039548
250,20.0,0.10416653333333332,0.1796875,0.009065588473633533,11.490322292512232,8.699123789968696e-05,1.56312380601e-05,1049.0,0.051207492240228795,0.35385635128693993,0.24231721212583412
250,21.0,0.32552041666666665,0.4609375,0.006719524951919463,48.44396277949385,8.072246019319324e-05,3.72080089953e-05,2497.0,0.06723519782138566,0.49229387765318383,0.18060767365638766
250,22.0,0.10937485999999999,0.19140625,0.007070472267056205,15.469243901799262,5.5429602997812246e-05,1.0609572448800001e-05,712.0,0.06367116337078652,0.8271758690308989,0.30199569370786516
250,23.0,0.15364563666666667,0.234375,0.00890584872190586,17.252217218639927,0.00012149748584064001,2.8475973243900002e-05,1911.0,0.06690176979591836,0.22073889652014653,0.20713190204081633
250,24.0,0.12499984,0.25390625,0.01271535681587943,9.830619919678176,0.00021221345673216,5.38823229984e-05,3616.0,0.06714606185840709,0.7867161573561947,0.3576802237168142
250,25.0,0.11458318666666666,0.19140625,0.007006499052671603,16.353843168361763,8.080888751647347e-05,1.5467326126200003e-05,1038.0,0.07099534751445087,0.2257270592485549,0.38263088462427747
250,26.0,0.24479135333333332,0.24609375,0.007772996614115767,31.4925331227846,0.00018510269577874287,4.55526165393e-05,3057.0,0.10078022531894014,0.19277350139025187,0.2787562887536801
250,27.0,0.16406229,0.2890625,0.011278266449609763,14.54676485371355,0.00022321019716151354,6.4521697617e-05,4330.0,0.08747722265127021,0.5197351327944573,0.4421056270115474
250,28.0,0.21614555666666666,0.2734375,0.008275404362094903,26.11903264288947,0.00013525757338258285,3.69844927218e-05,2482.0,0.09708863516518937,0.7217969379532635,0.4712063317324738
250,29.0,0.08072906333333332,0.1484375,0.00921331902693003,8.762212954676448,0.00012759093159006314,1.8939278907900003e-05,1271.0,0.08025924821400472,0.06469438434303698,0.21916895357985838
250,30.0,0.16927061666666665,0.203125,0.007950151171319243,21.291496604155515,0.000181197192384,3.6805679703000004e-05,2470.0,0.08524617599999999,0.7196625126518219,0.17541310736842106
250,31.0,0.09635404333333333,0.16796875,0.006808898150519411,14.151194687202517,7.354343818180465e-05,1.23529993821e-05,829.0,0.09025817515078408,0.29357188630880576,0.009619528299155609
250,32.0,0.16666645333333333,0.203125,0.007044917436573142,23.657687238192086,0.0001237569488064,2.51381302263e-05,1687.0,0.10890467452282158,0.5947271413752223,0.33078466371072907
250,33.0,0.0781249,0.14453125,0.006878683839058954,11.357536096714682,5.959145217522162e-05,8.612827072200001e-06,578.0,0.09845684678200692,0.7829260380622838,0.1167648124567474
250,34.0,0.16927061666666665,0.3125,0.011930679724537282,14.187843490470668,0.00027098516955744,8.468286548670001e-05,5683.0,0.11898222828787612,0.37974482557628014,0.34503584906563434
250,35.0,0.10937485999999999,0.24609375,0.011082003750252244,9.869592400878807,0.00015628068622994287,3.84597001269e-05,2581.0,0.1419587549012011,0.7724022907787679,0.4599132211080976
250,36.0,0.11979151333333332,0.23828125,0.013287827182177222,9.015131796265985,0.00019936381339782295,4.75046586612e-05,3188.0,0.15319432727728985,0.7455129587515684,0.13468992436637392
250,37.0,0.19270808666666667,0.16015625,0.008615502009537507,22.36759813338045,0.00024962878930232196,3.99796107867e-05,2683.0,0.17924007180022364,0.9537626956764815,0.28874509686172195
250,38.0,0.08854155333333333,0.125,0.008326220384288081,10.634063145916107,0.0004284359930448,5.3554499130600006e-05,3594.0,0.16908780447412355,0.04322634077629382,0.29460483846410684
250,39.0,0.4479160933333333,0.48828125,0.009895662466642509,45.26388150800645,0.0002347705264859136,0.00011463404613570001,7693.0,0.1679198283946445,0.374706003022228,0.21699206360067594
250,40.0,0.16145812666666665,0.2734375,0.006763327837001274,23.872586182108538,8.904547740013713e-05,2.4348372726600003e-05,1634.0,0.17720918335373315,0.544890797123623,0.2518353406119951
250,41.0,0.22395804666666666,0.2890625,0.010780075612644035,20.775183283870895,0.00025780004526668106,7.452032558490001e-05,5001.0,0.17666538644271146,0.12280122100579884,0.1500246890461908
250,42.0,0.10156237,0.171875,0.009861776910033176,10.29858725527166,0.000152587109376,2.6225909424e-05,1760.0,0.17225075754545455,0.5308549360795455,0.012809581909090909
250,43.0,0.10937485999999999,0.19140625,0.009623808878268273,11.365028273470983,0.00012767492825338774,2.4437779236000002e-05,1640.0,0.17410397502439023,0.51787109375,0.4337808064390244
250,44.0,0.09114571666666667,0.16015625,0.00992557085494783,9.182919350299247,0.00013239722965978538,2.1204243812700002e-05,1423.0,0.17519060913562895,0.7438949402670415,0.02194137478566409
250,45.0,0.13281233,0.21875,0.00641841110200745,20.69240001757772,7.922268223405715e-05,1.73299617387e-05,1163.0,0.17278478445399828,0.8290016390799656,0.38164602964746347
250,46.0,0.11197902333333333,0.18359375,0.007987225343959042,14.019765126324643,6.428137799244255e-05,1.18016592408e-05,792.0,0.1802764284848485,0.546026672979798,0.3145090393939394
250,47.0,0.10677069666666666,0.1875,0.008350924099102376,12.785494802682164,0.0001004531803392,1.8834971313600002e-05,1264.0,0.20219582088607596,0.20985277393196203,0.3688198256962026
250,48.0,0.09114571666666667,0.1796875,0.00842016739589021,10.824691764578679,7.148374363158261e-05,1.2844735183800002e-05,862.0,0.18950248761020883,0.41683584686774944,0.39017537150812065
250,49.0,0.17708310666666666,0.29296875,0.014866721780160274,11.911375573260884,0.00028889826041856003,8.463816223200001e-05,5680.0,0.19758628445070425,0.7133403939260563,0.3324547221971831
250,50.0,0.20572890333333332,0.3203125,0.010308480640122433,19.95724787342569,0.00026163106802762923,8.38037014776e-05,5624.0,0.2128268744807966,0.7656875111130867,0.061660109530583214
250,51.0,0.10677069666666666,0.22265625,0.012558080023072571,8.502151321738687,0.0001899977208414316,4.2304180031100007e-05,2839.0,0.2058075261430081,0.1335733863156041,0.44557209704825645
250,52.0,0.0781249,0.12890625,0.006158911717487539,12.684854659983696,4.531374763287272e-05,5.8412252808e-06,392.0,0.2007378869387755,0.8776207748724489,0.23164401795918368
250,53.0,0.09374988,0.1796875,0.007732442120504616,12.124226543047428,6.675686035199999e-05,1.19953733445e-05,805.0,0.20603353699378882,0.7493934394409938,0.16304791334161492
250,54.0,0.10937485999999999,0.203125,0.010370718620945699,10.546507334515471,0.00011898860163840001,2.4169559707800003e-05,1622.0,0.20983998569667078,0.3543199946054254,0.1192029354377312
250,55.0,0.08854155333333333,0.12890625,0.007215443210228138,12.27111776139027,7.802749911272727e-05,1.0058232307500001e-05,675.0,0.21516148622222223,0.52828125,0.3392497102222223
250,56.0,0.11197902333333333,0.1875,0.005795678283776278,19.32112478478902,6.4372686768e-05,1.2069878769e-05,810.0,0.22579031703703703,0.7615644290123457,0.13081804859259258
250,57.0,0.2864579666666667,0.421875,0.009850878816146732,29.079432608299765,0.0002119265408,8.940650940000001e-05,6000.0,0.23320024936,0.6482135416666667,0.08922600856
250,58.0,0.13281233,0.2421875,0.009939358785513474,13.3622633880138,0.00012416160754869678,3.00703893282e-05,2018.0,0.22716392229930624,0.8145479744796829,0.4131187547274529
250,59.0,0.0781249,0.15234375,0.008121000927273343,9.620107262594628,0.00012206968750080001,1.8596553955200002e-05,1248.0,0.23317248000000002,0.9378568209134616,0.467567225
250,60.0,0.16927061666666665,0.32421875,0.010934436805548814,15.480506191299053,0.00020465975844919515,6.635453105970001e-05,4453.0,0.2534310264900067,0.4807573545924096,0.08850269632158096
250,61.0,0.13541649333333333,0.19921875,0.0077983683692628685,17.364721300814033,0.00010920449984752942,2.1755583954e-05,1460.0,0.24668975802739726,0.24645494434931506,0.05495089742465754
250,62.0,0.26562466,0.33984375,0.008068300763340997,32.922007717769766,0.0001602164648448,5.44485642246e-05,3654.0,0.27772308059113304,0.2669516711138478,0.41336763875205257
250,63.0,0.1562498,0.26171875,0.009124169918572901,17.124823561422538,0.00012002000991216718,3.1411486969200005e-05,2108.0,0.26020506056925996,0.40343334914611007,0.31700860941176473
250,64.0,0.11979151333333332,0.16015625,0.006956809778048674,17.219317065606734,8.931928353717073e-05,1.4305041504000001e-05,960.0,0.2626722605,0.80274658203125,0.167699766
250,65.0,0.10677069666666666,0.15234375,0.011053752141341246,9.659226595767622,0.0002260441088256,3.44364072039e-05,2311.0,0.26011146765902204,0.934310431090437,0.26374895293812206
250,66.0,0.21093723,0.32421875,0.008712876540348639,24.209826573711503,0.00018227725174253497,5.90977027134e-05,3966.0,0.28134580332829046,0.8600240717977812,0.054176180332829046
250,67.0,0.17447894333333333,0.23828125,0.010607143821299679,16.44919181570545,0.00022400287942001313,5.337568611180001e-05,3582.0,0.28423348596314907,0.23889957600502512,0.3032286957453937
250,68.0,0.10156237,0.17578125,0.007555243838300236,13.442632980969321,5.925466080768e-05,1.0415858345100001e-05,699.0,0.2667503677253219,0.5339435801144492,0.20907604738197424
250,69.0,0.08072906333333332,0.1328125,0.006161714938748064,13.101719916588001,4.6224918428611764e-05,6.1392469788e-06,412.0,0.27636648,0.044315078883495146,0.18100966252427184
250,70.0,0.08072906333333332,0.15234375,0.007333106177976789,11.008849643522623,6.211077849599999e-05,9.462188911500001e-06,635.0,0.277524510992126,0.538527312992126,0.47722872415748036
250,71.0,0.16927061666666665,0.21875,0.0071635213373338535,23.62952641524014,0.00015381325579062857,3.36466497042e-05,2258.0,0.2842965969884854,0.8897963490921169,0.37444977906111604
250,72.0,0.15885396333333332,0.19140625,0.006719243818012697,23.64164296397216,0.00010058293128254695,1.92522016908e-05,1292.0,0.2936921056346749,0.13927051083591332,0.3642069938080495
250,73.0,0.08593739,0.11328125,0.005566026521707896,15.439629988257893,9.405153724468967e-05,1.0654275703500001e-05,715.0,0.29085917672727274,0.7310697115384616,0.2743409716363637
250,74.0,0.10156237,0.171875,0.008996794306491036,11.288728689364882,0.0001249306958016,2.14724633409e-05,1441.0,0.30026136482997917,0.3801992973629424,0.11501315108952116
250,75.0,0.10937485999999999,0.21875,0.00834023053455624,13.114129105523523,8.712451468388572e-05,1.90584875871e-05,1279.0,0.3103964273338546,0.25527756059421425,0.011075824362783425
250,76.0,0.15364563666666667,0.25,0.006573939623247423,23.371926952801573,5.6743331299200003e-05,1.4185832824800001e-05,952.0,0.30841241949579834,0.609535024947479,0.3480882468907563
250,77.0,0.0781249,0.140625,0.005671385114824236,13.775276835951775,3.7510997721600004e-05,5.2749840546e-06,354.0,0.3071639823728814,0.7854321151129944,0.1725145654237288
250,78.0,0.17187478,0.2265625,0.011771202111526173,14.60129376520542,0.00030010990520805517,6.799365039870001e-05,4563.0,0.32217191658119654,0.7212839688801227,0.3954201230769231
250,79.0,0.12760400333333333,0.21484375,0.008308840260970477,15.357619032915323,8.61423590204509e-05,1.8507147445800003e-05,1242.0,0.31593681700483095,0.8819287188003221,0.21179086028985508
250,80.0,0.16145812666666665,0.2109375,0.0062459242141551415,25.850157819839378,7.07834646272e-05,1.4930887069800001e-05,1002.0,0.3190076507784431,0.5974925149700598,0.4823465695808383
250,81.0,0.10677069666666666,0.17578125,0.009571461066459012,11.155109541302954,0.00016513316059136004,2.90273133852e-05,1948.0,0.32369855852156054,0.9310089675308009,0.05751376928131417
250,82.0,0.08593739,0.16015625,0.007858027528888993,10.936254636938164,9.77860072891317e-05,1.5661040229900003e-05,1051.0,0.3309284017507136,0.44031725737392957,0.1355643681065652
250,83.0,0.10937485999999999,0.21484375,0.010490805002964601,10.425783337798357,0.0001418366539426909,3.0472718620500003e-05,2045.0,0.3354323625623472,0.5711395935207824,0.28876282280684595
250,84.0,0.09635404333333333,0.16015625,0.008070265086801753,11.939390131175784,8.587676948417561e-05,1.37537013627e-05,923.0,0.3337190129577465,0.7901459236186349,0.06495446535211268
250,85.0,0.09114571666666667,0.15234375,0.004322301664941672,21.087310357338666,2.16165071616e-05,3.2931397629000003e-06,221.0,0.33491147294117646,0.22939055429864252,0.17630222117647057
250,86.0,0.08593739,0.14453125,0.008005378571116268,10.734956409190392,7.887103964367568e-05,1.13993299485e-05,765.0,0.341926208,0.4000561683006536,0.35072673694117645
250,87.0,0.10937485999999999,0.19140625,0.006371560493611102,17.16610241865748,4.5542581114775514e-05,8.7171346665e-06,585.0,0.35088718933333335,0.6960536858974359,0.17238203733333332
250,88.0,0.12239567666666666,0.23046875,0.014092900890404282,8.684917152153158,0.00024860060828420336,5.7294671440500005e-05,3845.0,0.3564842751417425,0.1033271700260078,0.3767235763849155
250,89.0,0.08854155333333333,0.1640625,0.009369851596262442,9.449621738795932,9.899996977371429e-05,1.6242182541e-05,1090.0,0.35886340183486237,0.07850845756880734,0.2567958592293578
250,90.0,0.12239567666666666,0.20703125,0.009486111504503774,12.902618381468127,0.00015265908442759244,3.16052010729e-05,2121.0,0.362982885884017,0.6129957861857614,0.31879596311173974
250,91.0,0.17708310666666666,0.30859375,0.01363421223187168,12.9881436239281,0.00027494651923637474,8.48467774206e-05,5694.0,0.3719493052054795,0.7070058669213207,0.46324548821917805
250,92.0,0.1562498,0.2734375,0.008444033676884989,18.50416589736301,9.972657505645714e-05,2.7268985367e-05,1830.0,0.3724108891803279,0.2559447575136612,0.020678524590163935
250,93.0,0.10937485999999999,0.1875,0.009354468594332668,11.692257972437249,9.2585407512e-05,1.7359763908500002e-05,1165.0,0.37189248947639486,0.3925026824034335,0.2588294741974249
250,94.0,0.20572890333333332,0.3203125,0.008632219169466404,23.83267839874023,0.00011509161847445854,3.68652840426e-05,2474.0,0.3746658885691188,0.24652479537186742,0.43703309956346
250,95.0,0.08072906333333332,0.14453125,0.006144512988766686,13.138399004269514,5.3508587679827026e-05,7.733663063100001e-06,519.0,0.3745248721387283,0.38686175337186895,0.29410073433526013
250,96.0,0.18749976,0.23828125,0.009636258994871475,19.457733556122708,0.00023788580494520656,5.6683726959600006e-05,3804.0,0.3836807713564669,0.4763581509595163,0.4109474355835962
250,97.0,0.0781249,0.1328125,0.006780069597647382,11.522728325253265,5.104936379858824e-05,6.7799936295e-06,455.0,0.37910703085714287,0.5925394917582417,0.015307309714285714
250,98.0,0.0781249,0.16015625,0.008689366423034124,8.990862647120434,9.880945741299513e-05,1.58249521638e-05,1062.0,0.3806781685875706,0.3329912605932203,0.12092240406779661
250,99.0,0.18749976,0.23046875,0.008461515434119014,22.15912284978558,0.00022642375298082714,5.21835993198e-05,3502.0,0.4088953204797259,0.6346942372215877,0.15868458627070248
250,100.0,0.0781249,0.140625,0.006879825374189369,11.355651597364162,5.54187904192e-05,7.7932674027e-06,523.0,0.3951426906309751,0.49250119502868067,0.33409181919694075
250,101.0,0.11718735,0.171875,0.007299909658188231,16.053260312413894,0.00010464354603229091,1.7985609474300003e-05,1207.0,0.4015643846893124,0.7287308409279205,0.05391873365368682
250,102.0,0.14843731,0.18359375,0.008710625524755874,17.040947240601316,0.00015972948470849364,2.9325335083200002e-05,1968.0,0.41738114853658537,0.09560388084349593,0.47866326585365854
250,103.0,0.1562498,0.2109375,0.007812132961994339,20.000914060237832,0.00011818436758613333,2.4929515037700003e-05,1673.0,0.4141921928033473,0.565540010460251,0.48285959583980875
250,104.0,0.16406229,0.26171875,0.008410173193676724,19.507599453879493,0.00012144339712649553,3.17840140917e-05,2133.0,0.41948494199718706,0.34597141643225504,0.06266923859353024
250,105.0,0.13281233,0.21484375,0.007385918245527551,17.981830502987602,6.935777698909091e-05,1.4901084900000001e-05,1000.0,0.40902043728000004,0.64319140625,0.29934688991999997
250,106.0,0.09114571666666667,0.1640625,0.008085102329303245,11.27329166092588,9.073483468251428e-05,1.4886183815100002e-05,999.0,0.4091463812612613,0.7809958395895896,0.10203927831831831
250,107.0,0.08072906333333332,0.1484375,0.006330961701859771,12.751469229330278,8.141325375258947e-05,1.2084779853900002e-05,811.0,0.4181579345992602,0.6931354038224414,0.2706696793094944
250,108.0,0.08593739,0.15234375,0.006559430835935888,13.101348600124176,4.08855203328e-05,6.228653488200001e-06,418.0,0.4184629688038278,0.5228487589712919,0.002836229282296651
250,109.0,0.13802065666666666,0.25390625,0.014286372791392676,9.661000639002086,0.00024689768044032,6.268886417430001e-05,4207.0,0.431221226413121,0.7609647982529119,0.013225226869503209
250,110.0,0.13802065666666666,0.22265625,0.010372906099498043,13.305881239332306,0.00019193852179402105,4.27363114932e-05,2868.0,0.4291892669456067,0.7457232827754533,0.4435475591631799
250,111.0,0.14322898333333334,0.23046875,0.007418564816546723,19.306831830041915,6.924609921258305e-05,1.59590619279e-05,1071.0,0.43252580974789917,0.5463570845004668,0.41707227204481795
250,112.0,0.08854155333333333,0.16796875,0.007816004743243324,11.328236898765262,0.00010361729287858604,1.7404467163200002e-05,1168.0,0.43911923383561646,0.24290654430650685,0.37089046479452054
250,113.0,0.12760400333333333,0.2109375,0.008686445247233152,14.690014119870078,0.00011239170880426667,2.37076260759e-05,1591.0,0.44594234911376496,0.6748629989000628,0.23385144015084852
250,114.0,0.09895820666666666,0.15234375,0.006762507816840312,14.633359302038265,5.9078598758400004e-05,9.0002552796e-06,604.0,0.44934694569536426,0.9319251862582781,0.3715034725827815
250,115.0,0.08593739,0.1796875,0.008246642662731452,10.420894115901444,8.259606572744347e-05,1.4841480560400002e-05,996.0,0.46279531373493976,0.08649441516064257,0.41018461445783133
250,116.0,0.14583314666666666,0.25390625,0.009655756718209294,15.103233327290388,0.0001522936726272,3.8668315315500005e-05,2595.0,0.4576209082080925,0.42579479768786127,0.32884594885549134
250,117.0,0.08593739,0.18359375,0.010402864823605777,8.26093498831151,0.00018505245179642552,3.3974473572000005e-05,2280.0,0.46779365578947374,0.9089312637061403,0.05312400736842105
250,118.0,0.57031177,0.46484375,0.010084087450715193,56.55561524900816,0.0003403077212469782,0.0001581899172984,10616.0,0.4766863856518463,0.3316489408675584,0.20107201139412206
250,119.0,0.0781249,0.140625,0.005141299517176857,15.195555080770555,3.14710913088e-05,4.425622215300001e-06,297.0,0.46354048000000003,0.7693208122895623,0.36131404767676767
250,120.0,0.28124963999999997,0.26953125,0.008307142882395077,33.85636240783081,0.00015573836489572176,4.1976356163300003e-05,2817.0,0.4829191466666667,0.526298200656727,0.08322981333333333
250,121.0,0.08854155333333333,0.125,0.006841890892240924,12.941094023253756,8.02274411016e-05,1.00284301377e-05,673.0,0.474532705141159,0.946484955423477,0.4493801181575037
250,122.0,0.20572890333333332,0.30078125,0.010936881124604855,18.810564089473562,0.0002936806442795221,8.83336312872e-05,5928.0,0.48251849368421057,0.5490132896845479,0.29301346736842104
250,123.0,0.11718735,0.2109375,0.009158694956278902,12.795201779229494,9.720364004693332e-05,2.0503892822400003e-05,1376.0,0.482579614883721,0.3417088708212209,0.0033838939534883723
250,124.0,0.14062481999999998,0.25390625,0.00870173106984441,16.160556890494018,0.00013433534360064,3.4108583336100004e-05,2289.0,0.4871733173263434,0.3679912762123198,0.49487913939711664
250,125.0,0.0781249,0.1484375,0.009609328758293399,8.130110017577842,0.00012879556666408422,1.9118091926700002e-05,1283.0,0.48991191320342947,0.05464487529228371,0.21235422790335154
250,126.0,0.08593739,0.15234375,0.009869441056468715,8.707422184124011,8.402072240640001e-05,1.28000319291e-05,859.0,0.49400521089639116,0.8774328798020955,0.14146136661233993
250,127.0,0.08333322666666666,0.1484375,0.007148241403669233,11.657864076035715,7.639394094416843e-05,1.1339725608900001e-05,761.0,0.4927175091721419,0.945789873521682,0.346916202890933
250,128.0,0.12239567666666666,0.21875,0.010607270672599553,11.538847309971663,0.00011110248901440001,2.4303669471900003e-05,1631.0,0.4932699761128142,0.25527858675659104,0.0693914436787247
250,129.0,0.08854155333333333,0.16015625,0.00795010302911673,11.137157972551513,6.736162633428294e-05,1.07883854676e-05,724.0,0.494131266961326,0.3318262258287293,0.24312027712707182
250,130.0,0.0781249,0.15625,0.008390954912782298,9.310608960726153,7.58167199712e-05,1.1846362495500002e-05,795.0,0.4954881183396227,0.24516018081761007,0.4085558526792453
260,1.0,0.22395804666666666,0.26953125,0.009773075116498166,22.915821683248666,0.00018570293492535653,5.0052744179100004e-05,3359.0,0.008809681786245907,0.23661827366775826,0.19731279961893422
260,2.0,0.09635404333333333,0.16796875,0.006735518005469728,14.305364970457635,3.0872275617934886e-05,5.185577545200001e-06,348.0,0.0007408386206896551,0.22565328663793102,0.4134216248275862
260,3.0,0.13281233,0.22265625,0.010234407143094532,12.977041868967715,8.184826086265263e-05,1.8224026832700003e-05,1223.0,0.004310278724448079,0.2699528567048242,0.0056134233851185605
260,4.0,0.10156237,0.1796875,0.00911261408680534,11.14525086133712,5.390305494260869e-05,9.685705185e-06,650.0,0.0023467488,0.3546634615384615,0.49451496
260,5.0,0.2526038433333333,0.234375,0.007854780051690156,32.15925101288853,0.00015214206364032,3.56582961657e-05,2393.0,0.010669928023401588,0.5607713252193899,0.4778320730798162
260,6.0,0.10416653333333332,0.171875,0.005941451629060316,17.532168876683762,2.306146084887273e-05,3.9636885834e-06,266.0,0.0004992938345864662,0.5806949013157895,0.3100981840601504
260,7.0,0.10156237,0.16015625,0.011003143433259486,9.230305013838572,0.00012430266958922927,1.99078494264e-05,1336.0,0.003507136886227545,0.9121269180389222,0.35312731221556887
260,8.0,0.0781249,0.14453125,0.008638215573253201,9.044101682516557,0.0001201107989344865,1.7359763908500002e-05,1165.0,0.013462277768240345,0.7535709495708155,0.3689938246866953
260,9.0,0.17447894333333333,0.28125,0.011496196123389675,15.177102187596281,0.0001902570520032,5.3509795875900006e-05,3591.0,0.02779347956558062,0.23715647626009467,0.37621681657477024
260,10.0,0.09635404333333333,0.1796875,0.00737507743160414,13.064817858105597,6.451781037746087e-05,1.15930440522e-05,778.0,0.02209435619537275,0.5473871304627249,0.00373050940874036
260,11.0,0.08593739,0.16796875,0.005984401013476578,14.360232512238603,8.294706236427908e-05,1.3932514381500001e-05,935.0,0.022493257925133688,0.686129679144385,0.10139095033155081
260,12.0,0.08072906333333332,0.140625,0.0077018978101667974,10.481710524225328,0.0001023605192064,1.43944480134e-05,966.0,0.02347383354037267,0.9303830227743272,0.10496301416149069
260,13.0,0.08854155333333333,0.1640625,0.009764466430011613,9.067730834856077,0.00011071647995794287,1.8164422493100002e-05,1219.0,0.028849777456931913,0.47063743334700575,0.1419256518457752
260,14.0,0.11718735,0.22265625,0.012480929851604058,9.389312446535303,0.0002031817824848842,4.52396937564e-05,3036.0,0.04345434671936759,0.6656643712944664,0.40856298260869567
260,15.0,0.1901039233333333,0.21875,0.007197095712036138,26.413977379154627,9.625249354834286e-05,2.10552329637e-05,1413.0,0.04380628382165606,0.38096027954706296,0.25020669757961783
260,16.0,0.1562498,0.2421875,0.006808116106345799,22.95051928599758,8.410749133749677e-05,2.03697830583e-05,1367.0,0.04864226071689832,0.529895528529627,0.33945854256035113
260,17.0,0.27343714999999996,0.37109375,0.007668480758688726,35.657277967371,0.0001096217917359158,4.0679961777e-05,2730.0,0.051080169142857144,0.320713141025641,0.04123944914285715
260,18.0,0.09635404333333333,0.18359375,0.008867589924146884,10.865865940750883,8.798107795935319e-05,1.61527760316e-05,1084.0,0.044694736826568264,0.7974623789206642,0.17204392649446495
260,19.0,0.10156237,0.17578125,0.010282630284199207,9.877080785065832,0.00011427079079936,2.00866624452e-05,1348.0,0.04952926860534125,0.7616434068991098,0.030108185163204747
260,20.0,0.2526038433333333,0.390625,0.00686639131386189,36.78844268944823,7.488212392627199e-05,2.9250829658700003e-05,1963.0,0.06359032370860927,0.4986926101630158,0.18435343470198676
260,21.0,0.18229143333333334,0.28125,0.009148787517567357,19.925201343161618,0.0001193146424704,3.35572431948e-05,2252.0,0.0660626361634103,0.22893018705595028,0.20954236987566607
260,22.0,0.14583314666666666,0.24609375,0.010204723198403468,14.290749864678574,0.00014834857855999998,3.6507658005e-05,2450.0,0.06730132643265307,0.8046954719387756,0.361002742922449
260,23.0,0.08333322666666666,0.140625,0.005346542693824372,15.586376362976083,3.8994483507199996e-05,5.483599243200001e-06,368.0,0.06610886608695653,0.4240085767663043,0.38260453173913045
260,24.0,0.27343714999999996,0.359375,0.009953990377573212,27.470103910896494,0.0002493223610537739,8.960022350370001e-05,6013.0,0.08809081161483452,0.5175849461583236,0.4474005780009978
260,25.0,0.26302049666666666,0.26171875,0.007038385468621632,37.36943619232828,0.00015321339975030447,4.0098819465900005e-05,2691.0,0.09573844405797101,0.7384946348940914,0.46897161971014495
260,26.0,0.08072906333333332,0.171875,0.009734155472250365,8.293381337854283,0.00011383345148334545,1.95651244737e-05,1313.0,0.07767556752475248,0.0753105959634425,0.22268096792079206
260,27.0,0.09114571666666667,0.16015625,0.008106207551986436,11.243940656852697,8.91332016964683e-05,1.42752393342e-05,958.0,0.08424715841336118,0.12428235908141963,0.4723247629227557
260,28.0,0.1562498,0.203125,0.007248252071126459,21.55689378166411,8.238236722560001e-05,1.67339183427e-05,1123.0,0.09003657104185218,0.28897206144256454,0.006010670276046305
260,29.0,0.15885396333333332,0.1953125,0.00710346479894452,22.362884568237305,0.000133742601368064,2.61216018297e-05,1753.0,0.08793050970907017,0.7125062393040502,0.1738332507929264
260,30.0,0.08333322666666666,0.1796875,0.007433466874770447,11.210546582174697,8.06057990834087e-05,1.4483854522800002e-05,972.0,0.0900022612345679,0.6447723765432098,0.2770094824691358
260,31.0,0.09895820666666666,0.1796875,0.008171330024334891,12.110416097741862,0.00014139185950330437,2.5406349754500004e-05,1705.0,0.11344133348973608,0.21927006964809384,0.26623603031085047
260,32.0,0.17968726999999998,0.33984375,0.012122826934719035,14.82222512682967,0.00022129515546571033,7.520577549030001e-05,5047.0,0.12091465231622746,0.3737631885278383,0.34486905843471366
260,33.0,0.08593739,0.171875,0.010272919304240357,8.36543025939351,0.00012154950417338183,2.0891321029800003e-05,1402.0,0.11788792707560629,0.37236425641940085,0.24759069774607706
260,34.0,0.08854155333333333,0.15625,0.005957810146157447,14.861425785855083,4.405952783232e-05,6.884301223800001e-06,462.0,0.12114417038961038,0.24128280573593072,0.3017443574025974
260,35.0,0.17968726999999998,0.28125,0.009572982474253434,18.77024955214004,0.0001434212864864,4.03372368243e-05,2707.0,0.13794351923162174,0.7656726195973402,0.4591982091466568
260,36.0,0.15885396333333332,0.26953125,0.013022185980506617,12.198717140972152,0.00025116059344027826,6.76956287007e-05,4543.0,0.14940615642526964,0.7450172311798371,0.12879672068677087
260,37.0,0.21614555666666666,0.29296875,0.011269968853197879,19.178895654652575,0.00024190143073075202,7.08695597844e-05,4756.0,0.17557177180824224,0.42077770185029434,0.21927714378469304
260,38.0,0.09114571666666667,0.13671875,0.005054035191933874,18.034246538712903,5.645723046912e-05,7.7187619782e-06,518.0,0.1677156963706564,0.6401499155405406,0.23976621776061777
260,39.0,0.17968726999999998,0.3046875,0.009099742466384812,19.74641267747734,0.0001208470343808,3.68205807879e-05,2471.0,0.17496113774180494,0.5247353677660866,0.43604846510724404
260,40.0,0.08593739,0.1484375,0.007620247951497706,11.277505738262704,7.950591488538948e-05,1.18016592408e-05,792.0,0.17347010121212122,0.18699692234848486,0.21731665878787879
260,41.0,0.2526038433333333,0.3125,0.00966858855438383,26.126237755644315,0.00023193240625152002,7.247887695360001e-05,4864.0,0.17892329940789475,0.12038783023231908,0.14907838904605264
260,42.0,0.0781249,0.15625,0.008245092891366225,9.475320779200413,9.078933007872e-05,1.4185832824800001e-05,952.0,0.1750996699159664,0.46287421218487396,0.33758817529411767
260,43.0,0.11979151333333332,0.1953125,0.006477927646036644,18.492258617094116,8.224445195366401e-05,1.60633695222e-05,1078.0,0.1984681549536178,0.217481737012987,0.37268174827458256
260,44.0,0.19531225,0.33203125,0.013306729171345427,14.67770535381327,0.00027990758858179764,9.293806652130001e-05,6237.0,0.1970897556902357,0.7194145071749238,0.32922394474266475
260,45.0,0.24999968,0.3125,0.009233445059573483,27.07544999585974,0.00025691854541184,8.028704544120001e-05,5388.0,0.20784017006681516,0.771709847113957,0.058363416035634746
260,46.0,0.16666645333333333,0.27734375,0.012066276644485684,13.8125834707677,0.00019159353240662534,5.3137268753400004e-05,3566.0,0.20834959632080763,0.1448302983034212,0.45132298229949525
260,47.0,0.22135388333333333,0.1953125,0.0068734363741120436,32.204252907182735,0.00018630886054809602,3.63884493258e-05,2442.0,0.2185366922850123,0.7328233773546273,0.14809880314496315
260,48.0,0.09374988,0.1640625,0.007383921805942922,12.696488731035283,8.819171619291428e-05,1.44689534379e-05,971.0,0.21172947213182286,0.5271144438722966,0.3384972185375901
260,49.0,0.11718735,0.19921875,0.008238080597216951,14.225079327287606,0.00010950369025807059,2.18151882936e-05,1464.0,0.21039798426229508,0.3734097506830601,0.1163253724590164
260,50.0,0.16145812666666665,0.26171875,0.007214120606824687,22.380846601583617,5.4828875495928356e-05,1.43497447587e-05,963.0,0.2168287705919003,0.5188619548286605,0.07476007925233645
260,51.0,0.12760400333333333,0.24609375,0.01069215536294606,11.93435738649555,0.0001227357423433143,3.0204499092300004e-05,2027.0,0.2311195211840158,0.7848903089541194,0.40510040595954616
260,52.0,0.09895820666666666,0.1875,0.009896942029906885,9.998866959878283,0.0001424941078704,2.6717645225700002e-05,1793.0,0.2334844395761294,0.4847170419687674,0.28442786569994427
260,53.0,0.33333290666666665,0.3828125,0.007410257830054191,44.98263276545521,0.0001715047969159837,6.56541800694e-05,4406.0,0.2528182183931003,0.49767540002269633,0.09478527709487064
260,54.0,0.19270808666666667,0.3046875,0.006763151794327131,28.493828399402247,6.93488849664e-05,2.11297383882e-05,1418.0,0.23982743390691116,0.741895495416079,0.09008869303244006
260,55.0,0.12239567666666666,0.21484375,0.007896866396492268,15.499271549159543,0.00011124987429050183,2.39013401796e-05,1604.0,0.25316039461346634,0.26206943578553615,0.05961277795511222
260,56.0,0.10677069666666666,0.1328125,0.006584027129469025,16.216624653440224,0.00013912354090164704,1.8477345276e-05,1240.0,0.26775857612903226,0.03282825100806452,0.05694447367741936
260,57.0,0.30468711,0.33984375,0.007494166963568842,40.65656816577024,0.0001774044380848552,6.0289789505400006e-05,4046.0,0.28017810519031144,0.30071559873949577,0.4145779596243203
260,58.0,0.10937485999999999,0.19921875,0.010764301377744511,10.16088793520177,0.0001466780987678118,2.92210274889e-05,1961.0,0.2639500748597654,0.8034066643294238,0.1602803377052524
260,59.0,0.10677069666666666,0.18359375,0.010542457759441444,10.127685507778933,0.00017937101687285107,3.2931397629000005e-05,2210.0,0.2609509722352941,0.9194057550904977,0.25981445082352944
260,60.0,0.20572890333333332,0.26953125,0.011433385640097998,17.99369931263597,0.00028449755972786083,7.66809828954e-05,5146.0,0.28627782389428685,0.240243484016712,0.30640300617178395
260,61.0,0.12760400333333333,0.2265625,0.00986937368771755,12.929290892302182,0.00011582150845307587,2.6240810508900002e-05,1761.0,0.26345936245315166,0.3737644626632595,0.3175500282112436
260,62.0,0.28906213,0.35546875,0.010373133955458599,27.86642216722636,0.00022900642267062858,8.14046268087e-05,5463.0,0.28616264777594724,0.8392095117151748,0.058014063569467325
260,63.0,0.18489559666666666,0.23828125,0.009547025582481427,19.366827402866274,0.00018648145908165247,4.4435035171800006e-05,2982.0,0.28708244120724347,0.8731896587860496,0.3839826060362173
260,64.0,0.17447894333333333,0.1953125,0.007769546400032975,22.45677345238492,0.00015144270605568002,2.9578653526500003e-05,1985.0,0.2906429508513854,0.1421993073047859,0.3630048169269522
260,65.0,0.12760400333333333,0.22265625,0.009735646248790074,13.106885775476044,0.00011423955951966315,2.5436151924300002e-05,1707.0,0.3030642688224956,0.3921582088459285,0.11050059585237258
260,66.0,0.16666645333333333,0.2734375,0.007509712614440397,22.193452917605804,6.474053069238857e-05,1.7702488861200003e-05,1188.0,0.3047508375757576,0.7789746422558923,0.18011613454545455
260,67.0,0.09114571666666667,0.16015625,0.008508361685846426,10.712487319184685,8.680717868768781e-05,1.3902712211700001e-05,933.0,0.30472230739549844,0.1400472266881029,0.4707940285530547
260,68.0,0.10677069666666666,0.1484375,0.005335352195121951,20.011930377208433,4.2162227590736845e-05,6.258455658e-06,420.0,0.3075233942857143,0.3019066220238095,0.013527681142857144
260,69.0,0.08072906333333332,0.171875,0.009109759007880209,8.861822059562751,0.00013568115123490908,2.33201978685e-05,1565.0,0.31361491199999997,0.6114566693290735,0.10607500800000001
260,70.0,0.30208294666666663,0.2421875,0.009109963292100365,33.15962281962382,0.000289669399573471,7.01543077092e-05,4708.0,0.3194687021240442,0.7192544604927783,0.39471899734919286
260,71.0,0.12239567666666666,0.20703125,0.0072450624921088485,16.893667487337364,0.00010501160027338868,2.1740682869100003e-05,1459.0,0.3206409928992461,0.8942956434201508,0.21283117850582592
260,72.0,0.09895820666666666,0.203125,0.009275789973805917,10.668439771288122,0.00019462192364160002,3.9532578239700005e-05,2653.0,0.3371263278703355,0.5641711623633622,0.2841439908330192
260,73.0,0.09114571666666667,0.171875,0.009360229785598688,9.737551187781754,0.00010776464599679999,1.85220485307e-05,1243.0,0.329338771230893,0.9106213545856798,0.04316348061142398
260,74.0,0.16406229,0.26171875,0.008142421375120817,20.14907881103926,0.0001488863026187463,3.8966337013500006e-05,2615.0,0.3366573898279159,0.3490828154875717,0.36892308160611853
260,75.0,0.14843731,0.25390625,0.012757695107384781,11.635119725825488,0.00026462126006783997,6.71889918141e-05,4509.0,0.35416576,0.11720569278110446,0.3758523658815702
260,76.0,0.09374988,0.16796875,0.01019104152862466,9.199244231973225,0.00021229125159114422,3.56582961657e-05,2393.0,0.3532519098704555,0.9301233415169243,0.15014293730045966
260,77.0,0.10677069666666666,0.16796875,0.009067076537313421,11.775647445709426,0.00012428752339289304,2.0876419944900002e-05,1401.0,0.35757570398286936,0.07397617773019272,0.2516137161456103
260,78.0,0.09895820666666666,0.19140625,0.009946278957142833,9.94926917825894,0.00014721542032143675,2.81779515459e-05,1891.0,0.3625366677525119,0.6171420544685352,0.31454527653093606
260,79.0,0.17447894333333333,0.3125,0.014218898926798755,12.270918038842517,0.00026278361242848005,8.21198788839e-05,5511.0,0.3734194617310833,0.7024424163037561,0.46608580894937396
260,80.0,0.16406229,0.26171875,0.008569822792476024,19.144186988795195,0.00011757178390352239,3.0770740318500003e-05,2065.0,0.3744495181016949,0.27410525121065377,0.015605097762711866
260,81.0,0.10937485999999999,0.18359375,0.009053291697925113,12.081225663486261,0.00011224892141862128,2.06082004167e-05,1383.0,0.37168876286334057,0.3950396556399132,0.261129178308026
260,82.0,0.15104147333333331,0.21875,0.009349085157558633,16.155749015850812,0.00026280404820205715,5.74883855442e-05,3858.0,0.3808239748678071,0.4730673276308968,0.4117200247589425
260,83.0,0.13281233,0.23046875,0.008780646556523684,15.125575223310353,0.0001302162874081627,3.0010784988600003e-05,2014.0,0.3768251199205561,0.16174473994538233,0.43790909338629597
260,84.0,0.11718735,0.20703125,0.0054697944442365365,21.424452270501508,5.009463590834718e-05,1.0371155090400001e-05,696.0,0.3792616682758621,0.3562713272270115,0.1205293924137931
260,85.0,0.09374988,0.16796875,0.00834352946724584,11.236237657940027,7.478542628137676e-05,1.25616145707e-05,843.0,0.38336525153024914,0.7900077846975089,0.19992720170818506
260,86.0,0.11718735,0.21484375,0.009539291744888132,12.284701331500608,0.00015390490713879275,3.3065507393100005e-05,2219.0,0.39267129928796757,0.6218489465975665,0.15790873979269943
260,87.0,0.08333322666666666,0.1484375,0.008154688410867396,10.21905712002584,8.623179404867369e-05,1.28000319291e-05,859.0,0.3896735877066356,0.8127000873108265,0.2771361320605355
260,88.0,0.11197902333333333,0.1875,0.00761799526609399,14.699277096131466,0.00012699697957440002,2.38119336702e-05,1598.0,0.401220714893617,0.915284730913642,0.29502378713391736
260,89.0,0.08072906333333332,0.1484375,0.008452578515591416,9.550820874887172,9.335921823663159e-05,1.3858008957000001e-05,930.0,0.393480175483871,0.919573252688172,0.21317359741935482
260,90.0,0.10677069666666666,0.140625,0.0050602669973037594,21.09981483656037,7.470410563200001e-05,1.05052648545e-05,705.0,0.4074679285106383,0.7329731826241135,0.056465945872340426
260,91.0,0.10677069666666666,0.1796875,0.007798430289288232,13.691306161103315,0.00010365972104347827,1.8626356125e-05,1250.0,0.41578643558399997,0.690496875,0.29957735807999997
260,92.0,0.10416653333333332,0.19140625,0.008419879455158234,12.371499365055428,8.080888751647347e-05,1.5467326126200003e-05,1038.0,0.40932352462427746,0.7850282996146436,0.10413817572254336
260,93.0,0.17187478,0.19140625,0.006233039707379913,27.574793049449124,0.00010307414939480815,1.97290364076e-05,1324.0,0.41725222441087617,0.5698935517371602,0.4813245915407855
260,94.0,0.23697886333333332,0.234375,0.0078639529152841,30.134827342715848,0.00015029830273536002,3.52261647036e-05,2364.0,0.4222101805076142,0.3397545209390863,0.062380042030456856
260,95.0,0.11718735,0.19921875,0.009538366310206369,12.285893222050577,0.00011152322552922353,2.2217517585900003e-05,1491.0,0.41945577142857143,0.10494215291750503,0.4821914005633803
260,96.0,0.10677069666666666,0.2109375,0.010301370601994854,10.364707842468126,0.00016622105016746668,3.5062252769700005e-05,2353.0,0.42935852817679554,0.7477405838291543,0.4403086170165746
260,97.0,0.08072906333333332,0.140625,0.0070378516729296,11.470696895168972,6.1458696832e-05,8.642629242e-06,580.0,0.42962578593103445,0.6449420797413793,0.14964266648275862
260,98.0,0.0781249,0.17578125,0.008664457476075966,9.01670995739965,0.00010562418793472001,1.85667517854e-05,1246.0,0.4476265752808989,0.6467665278892456,0.23117824295345105
260,99.0,0.09374988,0.1796875,0.007513288132157024,12.477876310739186,0.0002336904751204174,4.19912572482e-05,2818.0,0.4614679179559972,0.9093189984031228,0.0488723575869411
260,100.0,0.14583314666666666,0.25,0.010550846520609693,13.82193802002529,0.00015765347824200001,3.9413369560500004e-05,2645.0,0.4595894425406427,0.42726547731569,0.3249578164990548
260,101.0,0.4869785433333333,0.5234375,0.01083482832887087,44.94566305547389,0.0003713047887296956,0.00019435485035070003,13043.0,0.48040103335735646,0.3594019541133175,0.20553731620026067
260,102.0,0.09635404333333333,0.1640625,0.005740233498758042,16.78573586844168,4.668438941622857e-05,7.659157638600001e-06,514.0,0.4670616691050584,0.9177711575875487,0.30315538272373543
260,103.0,0.24218719,0.34765625,0.010585473041717735,22.879203323793984,0.00022716620216089886,7.897574997000001e-05,5300.0,0.4834016221584906,0.5605395047169811,0.3003124682264151
260,104.0,0.15885396333333332,0.265625,0.00877146517624011,18.11031112152532,0.00011107443991341177,2.9504148102e-05,1980.0,0.48618286206060607,0.34041390467171717,0.0036132720000000003
260,105.0,0.12499984,0.21484375,0.007354979039002348,16.995268013293394,0.00010479960103051637,2.25155392839e-05,1511.0,0.4897445168497684,0.3764011829913964,0.49546944635340834
260,106.0,0.12499984,0.21875,0.011535914270715236,10.835711593082939,0.0001559249523936,3.4108583336100004e-05,2289.0,0.49160602086500654,0.25705991972477066,0.06660574364351245
260,107.0,0.12499984,0.21484375,0.007833931850046029,15.956207226804706,8.510199236561454e-05,1.82836311723e-05,1227.0,0.4937095780929095,0.47531453748981256,0.09131273740831296
260,108.0,0.10937485999999999,0.20703125,0.009884026048283949,11.065820695503884,0.00010839442769823396,2.2441033859400002e-05,1506.0,0.49223941258964143,0.8855671065737052,0.14178535872509962
260,109.0,0.09895820666666666,0.17578125,0.009427021478570483,10.497293009421755,8.22274978304e-05,1.4454052353000001e-05,970.0,0.4953092184742268,0.23302190721649485,0.413886263257732
260,110.0,0.09635404333333333,0.171875,0.006710827013476746,14.357998371860017,5.019769109585454e-05,8.6277281571e-06,579.0,0.4965343776165803,0.5242875647668394,0.46565214341968914
270,1.0,0.21093723,0.26171875,0.011323382504746682,18.628464587465505,0.00025285050475328956,6.617571804090001e-05,4441.0,0.0104160536095474,0.2180498480072056,0.20065592279216393
270,2.0,0.15885396333333332,0.26953125,0.010483329703342696,15.15300651878586,8.934085824333914e-05,2.40801531984e-05,1616.0,0.004121373267326733,0.2696013497834158,0.005558415148514852
270,3.0,0.12760400333333333,0.21875,0.008415391585706804,15.163168823903986,3.426398036434286e-05,7.4952457047e-06,503.0,0.0016890799204771372,0.3274027708747515,0.4957236004771372
270,4.0,0.10937485999999999,0.19140625,0.009903562551707087,11.0439914352989,6.593942940891429e-05,1.2621218910300001e-05,847.0,0.0026887106493506496,0.560323199527745,0.3128128060448642
270,5.0,0.2526038433333333,0.2890625,0.009452747984885995,26.722794655820906,0.0001964043536224865,5.6773133469000006e-05,3810.0,0.011407553637795276,0.574165436351706,0.4774409529448819
270,6.0,0.09114571666666667,0.17578125,0.009396570286988344,9.699891969400614,0.00012181537565184001,2.1412859001300003e-05,1437.0,0.016008244509394573,0.8832066588378567,0.28955649603340294
270,7.0,0.13281233,0.23046875,0.012721805269236086,10.439739265713118,0.00023993676393827798,5.5297926063900005e-05,3711.0,0.02614528219886823,0.24160014147130154,0.37709899925626517
270,8.0,0.16406229,0.27734375,0.006986920319700346,23.48134549887586,6.017519806377465e-05,1.6689215088e-05,1120.0,0.026353169142857142,0.7478794642857143,0.09196579414285713
270,9.0,0.0781249,0.1484375,0.007746030948689418,10.085797554580939,7.82008935552e-05,1.1607945137100002e-05,779.0,0.03510100128369705,0.22510329749679076,0.471551865673941
270,10.0,0.08072906333333332,0.15234375,0.008920669132059491,9.049664564197958,8.030385692160001e-05,1.22337907029e-05,821.0,0.035417844774665044,0.12768822320341047,0.3038564655785627
270,11.0,0.0781249,0.14453125,0.007425850709009102,10.520666663176819,7.51594613075027e-05,1.0862890892100001e-05,729.0,0.03503559703703704,0.49834962277091904,0.15133331028806585
270,12.0,0.13281233,0.25390625,0.010236120963577629,12.974869139645332,0.00016696551006719997,4.2393586540500006e-05,2845.0,0.03954227025659051,0.646052559314587,0.4063993056168717
270,13.0,0.10416653333333332,0.18359375,0.007528164500931157,13.836909823164596,8.335476666444256e-05,1.53034141923e-05,1027.0,0.04357720708860759,0.408878255842259,0.24665604455696202
270,14.0,0.12760400333333333,0.20703125,0.006612173745590023,19.298343970231965,7.686935510073964e-05,1.59143586732e-05,1068.0,0.048977958651685395,0.4792032420411985,0.03626439101123596
270,15.0,0.10156237,0.17578125,0.01168125462074982,8.694474463350128,0.00015614747526144,2.7447798385800004e-05,1842.0,0.04564490214983714,0.7828298893865364,0.171990135504886
270,16.0,0.09114571666666667,0.1796875,0.00942317923592643,9.672501645640807,0.0001306941762916174,2.3484109802400002e-05,1576.0,0.04605075258883249,0.2715711254758883,0.05598241736040609
270,17.0,0.11718735,0.2109375,0.008788318524129974,13.334444999716407,7.67174077696e-05,1.6182578201400003e-05,1086.0,0.05960253215469613,0.23834599447513813,0.21289547535911602
270,18.0,0.09895820666666666,0.1640625,0.006455471742167894,15.329353240021193,6.139814639177142e-05,1.00731333924e-05,676.0,0.05248576615384616,0.7541027181952663,0.03019535076923077
270,19.0,0.09895820666666666,0.18359375,0.008209971475920716,12.053416623541787,8.286778652813618e-05,1.5214007682900001e-05,1021.0,0.058151708991185116,0.3913327926052889,0.4259331958472086
270,20.0,0.11979151333333332,0.22265625,0.006942053771506937,17.255918389023044,0.00010266167797490527,2.28582642366e-05,1534.0,0.06236360542372882,0.4992207871577575,0.18688200813559322
270,21.0,0.10156237,0.21484375,0.009589044712187897,10.59150030564691,0.00010375923437568,2.22920230104e-05,1496.0,0.061367918181818186,0.8047867229278075,0.357364820855615
270,22.0,0.15104147333333331,0.1796875,0.008058996795122585,18.741969648721746,0.00016146038149732173,2.9012412300300003e-05,1947.0,0.08106200357473035,0.08049643682588598,0.060296937318952235
270,23.0,0.16666645333333333,0.203125,0.012094854575211084,13.779946860619827,0.00027861819298559995,5.6594320450200006e-05,3798.0,0.07151617832543443,0.07788638757240653,0.14259781573459715
270,24.0,0.10937485999999999,0.18359375,0.00952096955024856,11.487785925871867,9.341902281477446e-05,1.71511487199e-05,1151.0,0.07406753682015639,0.0955317387054735,0.22672142762814942
270,25.0,0.10156237,0.1640625,0.007095711687356541,14.313204154132757,0.00014486692824685715,2.3767230415500002e-05,1595.0,0.08170898949216301,0.1351048197492163,0.4697504627962382
270,26.0,0.13802065666666666,0.24609375,0.010077888489578133,13.695394308976352,9.651740172434285e-05,2.37523293306e-05,1594.0,0.08476467282308657,0.30973817832496864,0.003773908155583438
270,27.0,0.16145812666666665,0.296875,0.01018543864076838,15.851857967158338,0.00025116641293338945,7.456502883960001e-05,5004.0,0.09516581103117507,0.5359626361410871,0.455586707146283
270,28.0,0.10416653333333332,0.1953125,0.008245694320056122,12.632839551178554,9.6282466016256e-05,1.88051691438e-05,1262.0,0.10917043169572109,0.7260703496434231,0.4751745957527734
270,29.0,0.10416653333333332,0.16796875,0.0073493933348197345,14.173487332596046,0.00010343986600721861,1.73746649934e-05,1166.0,0.11210004267581475,0.29269068932247,0.11200958943396226
270,30.0,0.13802065666666666,0.2734375,0.0114797250684041,12.022993220155067,0.0001624507760892343,4.44201340869e-05,2981.0,0.12023645208990272,0.31677970899027175,0.2545332715732976
270,31.0,0.2604163333333333,0.41796875,0.009263743671795608,28.111349208225267,0.0001439595204813757,6.0170580826200004e-05,4038.0,0.12553124980683508,0.37973238608221893,0.3452301634472511
270,32.0,0.2682288233333333,0.375,0.010344385118628476,25.92989532556158,0.00024890772216960003,9.33403958136e-05,6264.0,0.1540994219157088,0.7616563896871009,0.1191877137164751
270,33.0,0.11979151333333332,0.21875,0.01002680964995413,11.94712151874563,0.0001429141765494857,3.12624761202e-05,2098.0,0.13653779691134416,0.777637928979981,0.45511792152526215
270,34.0,0.09114571666666667,0.1484375,0.00697476433054909,13.067927796134038,6.233986508058947e-05,9.253573722900001e-06,621.0,0.1406655265700483,0.12514467592592593,0.04057205797101449
270,35.0,0.18749976,0.32421875,0.011825862776503101,15.855059672478589,0.0002506197311528097,8.12556159597e-05,5453.0,0.1741217404291216,0.3986832076379974,0.21909794279845957
270,36.0,0.19531225,0.2890625,0.008055189209654109,24.246761300891492,0.00010815126874015135,3.12624761202e-05,2098.0,0.16894767283126788,0.09717029611534796,0.45225061475691136
270,37.0,0.16927061666666665,0.1484375,0.0067880935972515245,24.936399924597936,0.00011193067562778947,1.66147096635e-05,1115.0,0.1784731277488789,0.9504624439461884,0.0032283409506726458
270,38.0,0.12499984,0.203125,0.0060987087929421395,20.49611552934922,5.7513602764800004e-05,1.16824505616e-05,784.0,0.16426636040816328,0.15328045280612246,0.10124087204081633
270,39.0,0.20833306666666665,0.34375,0.008807843616071023,23.653129613534084,0.00010975868208523637,3.77295469668e-05,2532.0,0.1729051162085308,0.5134636033767772,0.4330603916587678
270,40.0,0.26562466,0.39453125,0.007621213286728048,34.85332977920611,0.00010193876440738219,4.02180281451e-05,2699.0,0.18416640746943314,0.16996746480177843,0.1426370989551686
270,41.0,0.08072906333333332,0.14453125,0.006474879632790183,12.468040784033109,4.5673033414572976e-05,6.601180610700001e-06,443.0,0.175088610744921,0.44808126410835214,0.3395342605869075
270,42.0,0.08593739,0.15234375,0.009348742360991508,9.19240114676619,0.00010827816030719999,1.64955009843e-05,1107.0,0.1804280611382114,0.08702080510388437,0.16692559739837398
270,43.0,0.13020816666666665,0.203125,0.00831877005366846,15.65233391795061,0.00011854844651520001,2.40801531984e-05,1616.0,0.19405141574257426,0.8748936417079208,0.48874652495049503
270,44.0,0.2838538033333333,0.4609375,0.011245600257706918,25.241320767986622,0.00021507670310985763,9.91369178397e-05,6653.0,0.19659137726739817,0.6994770921013077,0.3296419159597174
270,45.0,0.27083298666666666,0.3828125,0.00938728357788706,28.85104987183387,0.00018337700823222857,7.01990109639e-05,4711.0,0.20885656174909786,0.7813163341116536,0.05779054471662068
270,46.0,0.18229143333333334,0.33984375,0.015409646563999022,11.829695935999853,0.0002794799526329379,9.497951515260001e-05,6374.0,0.21055393521179794,0.17858622430969565,0.46265012611233136
270,47.0,0.09635404333333333,0.12109375,0.007357195449021896,13.096572464463092,0.00020919200478967742,2.533184433e-05,1700.0,0.22120347783529412,0.9441153492647059,0.13383352687058822
270,48.0,0.09114571666666667,0.171875,0.007315070979493686,12.459990739963446,6.805731867054545e-05,1.1697351646500001e-05,785.0,0.2120192621656051,0.13961982484076432,0.26099405717197455
270,49.0,0.16666645333333333,0.265625,0.009365159601972952,17.796434915879257,0.0001903972975081412,5.0574282150600004e-05,3394.0,0.23271188860341782,0.5688646324395993,0.23459422670595168
270,50.0,0.10416653333333332,0.1796875,0.009390944694703512,11.092231582631213,0.0001455382483450435,2.6151403999500003e-05,1755.0,0.23326707555555554,0.4938457086894587,0.2839547128888889
270,51.0,0.14583314666666666,0.234375,0.009216496920081975,15.823055975737207,0.00011037134244864,2.5868283386400003e-05,1736.0,0.23503931585253457,0.7630328341013825,0.39827334497695854
270,52.0,0.08854155333333333,0.15234375,0.007422237485939431,11.929226665283217,6.54363949824e-05,9.968825798100001e-06,669.0,0.24083224968609868,0.6383711696562033,0.17033892304932735
270,53.0,0.31770792666666664,0.265625,0.009113283133415138,34.862071332091695,0.00023566854650315295,6.259945766490001e-05,4201.0,0.2550288415900976,0.48019165823613424,0.09482883439181147
270,54.0,0.08333322666666666,0.140625,0.006903031214484469,12.071975930198679,4.51403531904e-05,6.347862167400001e-06,426.0,0.24361274929577464,0.826465302230047,0.08697802704225352
270,55.0,0.08333322666666666,0.15625,0.007004157313602237,11.897680611032479,6.790126367232e-05,1.0609572448800001e-05,712.0,0.25895298876404493,0.27691581811797755,0.06345171168539326
270,56.0,0.2916662933333333,0.3203125,0.010604033318713324,27.505222264684814,0.00027405203089451714,8.778229114590001e-05,5891.0,0.2684394518825327,0.7600437903157359,0.14738248161602446
270,57.0,0.10156237,0.21484375,0.010370557371381999,9.793337654181032,0.00010903042542685091,2.34245054628e-05,1572.0,0.26400665954198477,0.3433971453562341,0.3177423083969466
270,58.0,0.08072906333333332,0.09375,0.009661985211831895,8.355328802871066,0.0002379405236832,2.2306924095300003e-05,1497.0,0.2702990220440882,0.034937061623246495,0.06372102925851704
270,59.0,0.30729127333333334,0.28125,0.008704293857524715,35.30341212776097,0.00032848613824,9.238672638e-05,6200.0,0.2829182525419355,0.20975806451612902,0.3056837562580645
270,60.0,0.11979151333333332,0.16796875,0.0067740780153408625,17.683810706349767,6.981747388308837e-05,1.1727153816300002e-05,787.0,0.26309047562897075,0.23281150730622618,0.4112148978907243
270,61.0,0.10677069666666666,0.1953125,0.01085045688061755,9.840202845042764,0.00016105569394636802,3.1456190223900005e-05,2111.0,0.2660934018758882,0.9272597406442444,0.25112904238749406
270,62.0,0.27343714999999996,0.37109375,0.01090217227441998,25.080978645106526,0.0002363895560253979,8.772268680630001e-05,5887.0,0.28896322481399694,0.8252989903601156,0.06276658171564464
270,63.0,0.14322898333333334,0.2109375,0.0071463484871440806,20.04226124586494,0.00011006051685546667,2.3215890274200003e-05,1558.0,0.28576477309370985,0.35138448732349165,0.4158754096020539
270,64.0,0.16927061666666665,0.234375,0.005821239861896394,29.078103751513016,4.95908105472e-05,1.1622846222000001e-05,780.0,0.28586916,0.38837640224358977,0.20934191200000002
270,65.0,0.12239567666666666,0.171875,0.009294694267684865,13.168338101469704,0.00016827930641978185,2.8923005790900004e-05,1941.0,0.2924950652241113,0.17744558217413706,0.3630297651931994
270,66.0,0.1901039233333333,0.21484375,0.010692195731603252,17.77968979481336,0.00023484543288506183,5.04550734714e-05,3386.0,0.2895953205434141,0.8663372618871825,0.3893561447844064
270,67.0,0.0781249,0.140625,0.004607380953883188,16.956466326960623,2.25701765952e-05,3.1739310837000003e-06,213.0,0.28830985464788733,0.8786678403755869,0.4970094377464789
270,68.0,0.14322898333333334,0.24609375,0.00929093498545677,15.415992422456045,0.0001074770314057143,2.6449425697500003e-05,1775.0,0.30481766156619716,0.38202904929577464,0.1071784228056338
270,69.0,0.08333322666666666,0.125,0.006717327181174519,12.405712036806865,0.0001082414807136,1.3530185089200002e-05,908.0,0.30468672,0.2587288339757709,0.14879849022026434
270,70.0,0.19270808666666667,0.30078125,0.006842645964515517,28.162802469396947,7.76311689585039e-05,2.3350000038300003e-05,1567.0,0.3043639005488194,0.7713884014039566,0.18190439831525207
270,71.0,0.11458318666666666,0.19140625,0.007237617109988437,15.831617634004642,0.00010611032146912652,2.0310178718700002e-05,1363.0,0.31571188895084373,0.6110716250917094,0.10724677928099781
270,72.0,0.09895820666666666,0.1328125,0.006527316615544499,15.160626103382564,0.00011455252843595295,1.5214007682900001e-05,1021.0,0.32053740787463275,0.9628389752693438,0.4206094613124388
270,73.0,0.14843731,0.26171875,0.011419226535672355,12.998893535941235,0.00016146904559340898,4.22594767764e-05,2836.0,0.31402188981664314,0.7177885886812412,0.3943904362764457
270,74.0,0.08593739,0.14453125,0.006045328725133982,14.215503226930869,5.154969911351352e-05,7.4505424500000005e-06,500.0,0.32125699008,0.599640625,0.05294127072
270,75.0,0.13020816666666665,0.21484375,0.006564195104327212,19.83612074248548,0.00013406858291991274,2.8803797111700002e-05,1933.0,0.33674597736161405,0.5697527321520952,0.2803560787170202
270,76.0,0.09114571666666667,0.1796875,0.011027636450896734,8.26520869385887,0.0001488553594184348,2.67474473955e-05,1795.0,0.3268445671754875,0.33233591573816157,0.38801693842896934
270,77.0,0.09114571666666667,0.171875,0.007599643518450915,11.993420013106812,7.100502419258182e-05,1.2203988533100002e-05,819.0,0.3320852495238095,0.9004454746642246,0.03746699428571428
270,78.0,0.14583314666666666,0.1328125,0.006662036084494039,21.89017663925521,0.00017020194479661177,2.26049457933e-05,1517.0,0.3503217486090969,0.9390913398154251,0.1523382100461437
270,79.0,0.17187478,0.30859375,0.013873920027382384,12.388335788355262,0.0002145876943249823,6.622042129560001e-05,4444.0,0.3532558568856886,0.132047775090009,0.3746632650945095
270,80.0,0.09374988,0.1875,0.009416026202413993,9.956416643781777,0.00013852048523040002,2.5972590980700003e-05,1743.0,0.3559810522547332,0.08579406913367757,0.24983912123924268
270,81.0,0.12239567666666666,0.2109375,0.00838955049725005,14.589062513752777,0.00011069629647786667,2.3350000038300003e-05,1567.0,0.3612200089853223,0.6276025047862157,0.3125054320357371
270,82.0,0.19531225,0.3203125,0.013947857404104065,14.003028876860373,0.0002653527048416781,8.49957882696e-05,5704.0,0.3728497177279102,0.7017704133064516,0.46919085433380087
270,83.0,0.26302049666666666,0.25390625,0.009025691543251495,29.141312375485175,0.00029554949339136,7.50418635564e-05,5036.0,0.3782335556473391,0.4606815304805401,0.41811699517077044
270,84.0,0.08854155333333333,0.1640625,0.009443916728469434,9.37551186431132,9.073483468251428e-05,1.4886183815100002e-05,999.0,0.3671767846246246,0.5998967717717718,0.06975903375375375
270,85.0,0.1562498,0.26953125,0.009945336509144038,15.710861050939732,0.00014479189835353044,3.90259413531e-05,2619.0,0.3767694511798396,0.30509020618556704,0.016794296449026348
270,86.0,0.08072906333333332,0.16796875,0.005002316429147416,16.13833600428444,5.961542877946046e-05,1.0013529052800001e-05,672.0,0.37145901,0.3997163318452381,0.26365666785714287
270,87.0,0.14062481999999998,0.16796875,0.00429062186457545,32.7749273738236,6.476080804911629e-05,1.0877791977e-05,730.0,0.38808761950684934,0.6354398544520548,0.15338145665753425
270,88.0,0.10156237,0.1796875,0.007271728796134674,13.966743376621254,6.277632706393043e-05,1.12801212693e-05,757.0,0.3798728097225892,0.09017400099075297,0.15334701083223248
270,89.0,0.08593739,0.13671875,0.006134978035508138,14.00777468193203,9.144327483318857e-05,1.2502010231100001e-05,839.0,0.3759325335876043,0.45753873659118,0.1281912503456496
270,90.0,0.11197902333333333,0.19921875,0.01139520363524014,9.826855834943885,0.00017719552064301178,3.53006701281e-05,2369.0,0.38204148450823133,0.14904924282397636,0.4387116446770789
270,91.0,0.14062481999999998,0.2421875,0.011047558540945725,12.729040491507712,0.00018790364194931614,4.55079132846e-05,3054.0,0.3887482629469548,0.8850252742305174,0.20463888345776032
270,92.0,0.14322898333333334,0.23046875,0.010189584366514412,14.056410760385921,0.0001341602762522034,3.09197511675e-05,2075.0,0.39697940541686744,0.8967243975903615,0.2998392173493976
270,93.0,0.10937485999999999,0.17578125,0.007322350708229689,14.93712393167294,8.392291015680001e-05,1.4752074051e-05,990.0,0.40635746666666667,0.09444049873737374,0.23328341478787878
270,94.0,0.12239567666666666,0.24609375,0.009504992027057662,12.876988883130617,0.0001460476618313143,3.59414167788e-05,2412.0,0.4286126698507463,0.736376710199005,0.30799860258706463
270,95.0,0.15104147333333331,0.2109375,0.01062481621554666,14.215913976217614,0.00026971184425813335,5.689234214820001e-05,3818.0,0.4251688508328968,0.3114318687794657,0.06612370120481928
270,96.0,0.08072906333333332,0.12890625,0.006361536306945347,12.690183540286581,5.710456972101818e-05,7.361135940600001e-06,494.0,0.4185488715789474,0.5058751897773279,0.11401239157894737
270,97.0,0.14062481999999998,0.26953125,0.015354617278077047,9.158471191644791,0.0002891415152306087,7.793267402700001e-05,5230.0,0.4271574270286807,0.76539943833652,0.010299253629063098
270,98.0,0.10937485999999999,0.1875,0.007305986233544758,14.970581178734703,7.080995544480001e-05,1.32768666459e-05,891.0,0.4212601449158249,0.12547348484848486,0.48416770693602695
270,99.0,0.11718735,0.2109375,0.011330894476913675,10.342285883851922,0.00016862288429653335,3.55688896563e-05,2387.0,0.4304105354000838,0.7567978896103896,0.43840302645999163
270,100.0,0.10416653333333332,0.1796875,0.00978753839625902,10.64277136048301,0.00011186957095012174,2.01015635301e-05,1349.0,0.4275566449814678,0.1301253243143069,0.27495557159377315
270,101.0,0.14583314666666666,0.19921875,0.007696535488859342,18.947895046772498,0.00012259327071924707,2.44228781511e-05,1639.0,0.4330385211470409,0.2463153981086028,0.18515911262965223
270,102.0,0.10677069666666666,0.1875,0.00554215623552262,19.265190681979806,7.0333120728e-05,1.31874601365e-05,885.0,0.44019352352542374,0.47539724576271186,0.41688849844067793
270,103.0,0.08593739,0.19140625,0.007822708138319938,10.98563163554975,0.00021432260822047347,4.10226867297e-05,2753.0,0.4570556202542681,0.8946021953323647,0.04723882862332002
270,104.0,0.10156237,0.1875,0.008156862160895725,12.451156829263766,0.00011054618184480001,2.0727409095900002e-05,1391.0,0.45212551626168224,0.6433040528396837,0.22807414878504673
270,105.0,0.2942704566666667,0.38671875,0.010076990807644147,29.202215451406452,0.00022945864553890907,8.873596057950001e-05,5955.0,0.46036301122418133,0.35731593723761546,0.32221757090176323
270,106.0,0.08072906333333332,0.14453125,0.00855889967065287,9.432177784504319,8.598489812134053e-05,1.24275048066e-05,834.0,0.46068339798561153,0.603562462529976,0.10064891050359712
270,107.0,0.08854155333333333,0.16796875,0.006944226099513792,12.750384573384308,8.117279365060466e-05,1.36344926835e-05,915.0,0.46359811304918036,0.07013319672131148,0.4071646851147541
270,108.0,0.23697886333333332,0.2890625,0.012851139615789844,18.44029949236283,0.00046245235074732975,0.0001336776326379,8971.0,0.4844055463694126,0.4764000842994092,0.21760839642403298
270,109.0,0.19531225,0.2578125,0.008373662856910793,23.324589649415916,0.00012732931892247271,3.28270900347e-05,2203.0,0.4852027056196096,0.3553322174307762,0.0039213117385383574
270,110.0,0.2942704566666667,0.35546875,0.010001275905618126,29.423291532369678,0.00025172681093485716,8.94810148245e-05,6005.0,0.48311114354038304,0.1850378590757702,0.19441691486427976
270,111.0,0.11718735,0.2109375,0.008788977907254952,13.333444598064867,0.00013337243634346666,2.81332482912e-05,1888.0,0.49323004194915254,0.3661426608845339,0.4916969255084746
270,112.0,0.13541649333333333,0.22265625,0.008627557507464023,15.695808833053787,0.0001448239055656421,3.2245947723600004e-05,2164.0,0.48842170048059147,0.5797766722504621,0.3115804032532348
270,113.0,0.14843731,0.2578125,0.009078470575366432,16.350475420691513,0.00013183757442676366,3.39893746569e-05,2281.0,0.4886550401402893,0.8802334502411223,0.13935823733450242
270,114.0,0.13020816666666665,0.2421875,0.01240132958397972,10.499532794844201,0.00017793625819169034,4.3093937530800005e-05,2892.0,0.49203428564315355,0.2527770573997234,0.06456574390041493
270,115.0,0.10677069666666666,0.1796875,0.009139187091139065,11.682734536662085,9.263032672445218e-05,1.6644511833300002e-05,1117.0,0.49065451831692036,0.23282229185317815,0.4176319601790511
270,116.0,0.09374988,0.18359375,0.009388927573915667,9.985153177712869,0.00010762261012371065,1.97588385774e-05,1326.0,0.4943161129411765,0.45028221625188536,0.09365107294117647
270,117.0,0.09114571666666667,0.15625,0.0045455153792273864,20.05178930494763,2.498613916032e-05,3.9040842438e-06,262.0,0.49719576916030533,0.9467288883587787,0.35272452641221375
280,1.0,0.16927061666666665,0.28515625,0.01394838250558486,12.135501489071697,0.00026864737304863566,7.660647747090001e-05,5141.0,0.007794624205407509,0.1956240274265707,0.20140424515074887
280,2.0,0.16927061666666665,0.28515625,0.009189167141592595,18.420670128036214,8.585637695368768e-05,2.4482482490700002e-05,1643.0,0.0034378716007303716,0.27774079427875836,0.006535760048691418
280,3.0,0.16666645333333333,0.25,0.006355588734332485,26.22360575866273,2.48550096132e-05,6.2137524033e-06,417.0,0.0014472759712230215,0.30742281175059955,0.4961674198561151
280,4.0,0.12499984,0.203125,0.007517203321959323,16.628503267278848,3.2278042368e-05,6.556477356e-06,440.0,0.0008877818181818181,0.50029296875,0.23262546981818183
280,5.0,0.10416653333333332,0.1875,0.009744044561467692,10.690276781497323,7.7883003744e-05,1.4603063202000002e-05,980.0,0.00401585387755102,0.5330277423469387,0.3164213838367347
280,6.0,0.21614555666666666,0.3515625,0.011886113211135732,18.184712935778414,0.00021167222895104,7.44160179906e-05,4994.0,0.014284683219863838,0.5574509724169002,0.480864870804966
280,7.0,0.10416653333333332,0.16796875,0.00638521571541239,16.31370622012035,0.00011177892896148837,1.8775366974e-05,1260.0,0.009858605714285713,0.7436755952380952,0.37104939733333336
280,8.0,0.19270808666666667,0.265625,0.01049476773871064,18.36230124044101,0.0002164268632252235,5.74883855442e-05,3858.0,0.025428528895800932,0.2338991219543805,0.37800060777604977
280,9.0,0.09895820666666666,0.171875,0.006575904500805563,15.048607633298818,5.34054882816e-05,9.179068298400001e-06,616.0,0.023947914545454547,0.7950677252435064,0.08744016779220778
280,10.0,0.15885396333333332,0.28125,0.006794689051558542,23.379136576808612,7.76710772032e-05,2.18449904634e-05,1466.0,0.03406635634379263,0.6035049667462483,0.4067485643656208
280,11.0,0.10937485999999999,0.1875,0.00627733218021948,17.423780813233275,5.69817486576e-05,1.06840778733e-05,717.0,0.04236390828451883,0.8199365847280334,0.4949456689539749
280,12.0,0.13020816666666665,0.2109375,0.011645383876575297,11.181096994885719,0.00016749260941226665,3.5330472297900004e-05,2371.0,0.04498024651202025,0.7817772037115142,0.1758722366596373
280,13.0,0.09374988,0.171875,0.009902882561254243,9.466928383741852,7.455961026327274e-05,1.2814933014000001e-05,860.0,0.045628062697674415,0.7808366642441861,0.0027729761860465114
280,14.0,0.11718735,0.2109375,0.012268943840995035,9.551543435094564,0.00021185589861973336,4.46883536151e-05,2999.0,0.05658056434811604,0.37675449108036013,0.41651602795598536
280,15.0,0.11458318666666666,0.203125,0.007605153573310126,15.066518455168366,0.00010284958045439999,2.0891321029800003e-05,1402.0,0.052372035149786014,0.49003098252496435,0.039625210613409415
280,16.0,0.09374988,0.17578125,0.009450407072735286,9.920194895145974,0.00010816730642432,1.90137843324e-05,1276.0,0.05532717517241379,0.8119305936520376,0.12890438934169277
280,17.0,0.17968726999999998,0.25390625,0.007215800862192663,24.901916423646767,0.00010387660907519999,2.6374920273e-05,1770.0,0.06858540881355933,0.4703831214689266,0.1832203113220339
280,18.0,0.13020816666666665,0.22265625,0.013053313784601159,9.975104315677426,0.00031400820929482106,6.99158903508e-05,4692.0,0.06996099150895141,0.08750765931372549,0.14311640818414323
280,19.0,0.13020816666666665,0.1796875,0.008209266696230597,15.861120302798009,0.00013940159285926956,2.5048723716900002e-05,1681.0,0.0655509364425937,0.7862298297144557,0.35775325763236165
280,20.0,0.15885396333333332,0.1953125,0.010129716024809205,15.681975974871946,0.00024680964941568,4.82050096515e-05,3235.0,0.07887042695517774,0.08904197256568779,0.0634875693106646
280,21.0,0.08333322666666666,0.140625,0.00659178,12.641991490411794,0.0001367985820864,1.92373006059e-05,1291.0,0.0811550861037955,0.13921802381874515,0.46115114807126256
280,22.0,0.14322898333333334,0.26171875,0.00595557624242738,24.049559186728825,4.805355235572537e-05,1.2576515655600001e-05,844.0,0.08210972018957347,0.330365077014218,0.4956643672037915
280,23.0,0.14322898333333334,0.234375,0.008139818726024739,17.596090054855853,5.868245914752e-05,1.37537013627e-05,923.0,0.08594997633802817,0.2988048483206934,0.002448277183098592
280,24.0,0.08333322666666666,0.1328125,0.006898903337049334,12.079199054600515,0.0001056890125236706,1.40368219758e-05,942.0,0.08977717197452229,0.9549205480360934,0.06217432
280,25.0,0.11197902333333333,0.1875,0.008465272704454975,13.228046779213942,7.6690916952e-05,1.4379546928500001e-05,965.0,0.10030940965803109,0.7205229922279792,0.07317217343005182
280,26.0,0.09635404333333333,0.18359375,0.007777409942436161,12.388962912652104,0.00010445723923771916,1.9177696266300003e-05,1287.0,0.10798462060606061,0.30635380244755245,0.11051897212121213
280,27.0,0.11458318666666666,0.22265625,0.011562554615162013,9.909850416309677,0.00015800796720909474,3.51814614489e-05,2361.0,0.1086128294790343,0.5370704944938586,0.4609917452604828
280,28.0,0.13802065666666666,0.23828125,0.01122559299181792,12.295177347625803,0.0001766008183925508,4.20806637576e-05,2824.0,0.12119925705382437,0.31295231719192634,0.25261643014164303
280,29.0,0.10156237,0.17578125,0.009679880974465746,10.492109383153386,0.00012817317187584,2.25304403688e-05,1512.0,0.12439126761904762,0.5511636078042328,0.342192566031746
280,30.0,0.09635404333333333,0.2109375,0.01145194699907038,8.413769583561201,0.0001691880217386667,3.56880983355e-05,2395.0,0.13198442855949896,0.2782293841336117,0.3519717959749478
280,31.0,0.11718735,0.2109375,0.007487652742061984,15.650745839440253,6.223576081493333e-05,1.3127855796900002e-05,881.0,0.13926344172531216,0.797593288876277,0.4482731855618615
280,32.0,0.27864547666666667,0.33984375,0.011301581727593999,24.65544057309469,0.00027325369702046895,9.286356109680001e-05,6232.0,0.1702746438254172,0.3819970264361361,0.2196091011296534
280,33.0,0.31770792666666664,0.40234375,0.008923304084113237,35.60429227468597,0.00021769588080391457,8.758857704220001e-05,5878.0,0.1595344833480776,0.7631993769139163,0.11127500807077237
280,34.0,0.08593739,0.15234375,0.008982623477785995,9.567070267669902,7.609793018880001e-05,1.15930440522e-05,778.0,0.1543893661696658,0.5407394762210797,0.20223578529562983
280,35.0,0.13281233,0.19921875,0.00845778230606571,15.702973331998665,0.00015124075252856474,3.0129993667800002e-05,2022.0,0.1682803169139466,0.057550537833827894,0.4500241554896142
280,36.0,0.17968726999999998,0.1953125,0.007757178659670217,23.163997876470088,0.000107497618555392,2.09956286241e-05,1409.0,0.18779477518807666,0.9219886666075231,0.003854951540099361
280,37.0,0.10937485999999999,0.18359375,0.007120177939160167,15.361253740366617,5.2431528008987234e-05,9.6261008454e-06,646.0,0.16228129411764708,0.15123718072755418,0.10219715517027864
280,38.0,0.10416653333333332,0.1796875,0.011121240862903892,9.366448817846589,0.0001559042204493913,2.8014039612000003e-05,1880.0,0.17307032655319152,0.5507022938829788,0.426270517787234
280,39.0,0.14843731,0.1953125,0.008163156663768965,18.183812477692403,0.000163115619922944,3.18585195162e-05,2138.0,0.18420716991580915,0.5165768972170253,0.37610440725912064
280,40.0,0.16145812666666665,0.22265625,0.007572040238391178,21.32293563999489,0.00010968871590669474,2.44228781511e-05,1639.0,0.19293584302623554,0.8935517083587553,0.49229706377059185
280,41.0,0.28906213,0.359375,0.011207946405407319,25.7908201506514,0.00033001108791401744,0.00011859773471910002,7959.0,0.20112939699962307,0.7230964945344892,0.3333707620354316
280,42.0,0.08593739,0.15234375,0.005237041598716753,16.409529766014746,4.66564430592e-05,7.107817497300001e-06,477.0,0.2043119114465409,0.5516574947589099,0.05533430540880503
280,43.0,0.17968726999999998,0.25390625,0.009283361950397227,19.355840153610657,0.0002221316188416,5.64006063465e-05,3785.0,0.20977953644385733,0.7983879623513871,0.06089761077939234
280,44.0,0.08854155333333333,0.14453125,0.00791269251777911,11.189813471759253,9.495454576709189e-05,1.3723899192900002e-05,921.0,0.20180331413680783,0.39632956704668837,0.27077750306188925
280,45.0,0.24479135333333332,0.3828125,0.013900834365287546,17.60983167633547,0.00028388208894876735,0.0001086736121757,7293.0,0.2107883268449198,0.18660873440285206,0.46627961497326204
280,46.0,0.09895820666666666,0.1796875,0.00969067516474082,10.211693714254567,9.926454887123479e-05,1.7836598625300002e-05,1197.0,0.20386036731829574,0.6936808166248956,0.16987901634085215
280,47.0,0.16927061666666665,0.27734375,0.010009530930052845,16.91094396426157,0.000193903830189431,5.3778015404100005e-05,3609.0,0.22841059218620116,0.5611459632169576,0.22892092528678304
280,48.0,0.09895820666666666,0.1796875,0.00953917076584286,10.37387935448317,0.00011858672087373913,2.1308551407000003e-05,1430.0,0.21962083200000002,0.9128469187062938,0.19704932072727271
280,49.0,0.10156237,0.17578125,0.008049927186724194,12.61655759663205,8.104070920192e-05,1.4245437164400002e-05,956.0,0.23674633757322178,0.2650611270920502,0.19844598125523014
280,50.0,0.12499984,0.1875,0.007841576064995736,15.940652614209894,0.0001075262286384,2.0161167869700002e-05,1353.0,0.23862131725055433,0.732717803030303,0.3912086368070954
280,51.0,0.10156237,0.171875,0.0067853848815585495,14.967812699325012,7.074493252887274e-05,1.21592852784e-05,816.0,0.23861094705882355,0.6047267539828431,0.16818134411764707
280,52.0,0.20312474,0.29296875,0.011394459761668184,17.82662313515967,0.000290474993882112,8.510009586390001e-05,5711.0,0.25296443623883735,0.46814877538959904,0.09773192236736124
280,53.0,0.08333322666666666,0.13671875,0.005674458297353302,14.685670825272467,4.773796707620572e-05,6.526675186200001e-06,438.0,0.2598140109589041,0.2693796375570776,0.06579963178082192
280,54.0,0.27343714999999996,0.3515625,0.012226182668253175,22.36488341614705,0.00036574282411264,0.0001285814616021,8629.0,0.2698492519643064,0.7486514406362267,0.14976055175802527
280,55.0,0.10937485999999999,0.1015625,0.008766356075701432,12.476661802862994,0.00020071073617919998,2.03846841432e-05,1368.0,0.2688952249122807,0.034890693530701754,0.06632327228070176
280,56.0,0.10416653333333332,0.171875,0.009757155781663519,10.675911675930395,0.00014556463445585454,2.5018921547100003e-05,1679.0,0.2678345213103038,0.3382849724538416,0.31552252273972603
280,57.0,0.08593739,0.16015625,0.005429680428236403,15.827338484433245,6.605905344936585e-05,1.0579770279000001e-05,710.0,0.26436717092957746,0.5244113116197183,0.46346987425352115
280,58.0,0.24999968,0.36328125,0.00961837726597869,25.99187712092327,0.00020787942750472257,7.551869827320001e-05,5068.0,0.29071774986582477,0.825021119031176,0.0657736668350434
280,59.0,0.08854155333333333,0.15234375,0.005934825598339327,14.918981504377967,4.499363481600001e-05,6.854499054e-06,460.0,0.2664565189565217,0.211328125,0.4115563513043478
280,60.0,0.08072906333333332,0.140625,0.009712344119363208,8.312006076101259,0.0001212219813376,1.70468411256e-05,1144.0,0.26968592181818185,0.9508099322552448,0.24147153272727273
280,61.0,0.24479135333333332,0.23828125,0.009988877028410666,24.506393725449854,0.00021950030897940984,5.2302807999000005e-05,3510.0,0.28915412977777777,0.876551371082621,0.39525194844444445
280,62.0,0.10937485999999999,0.18359375,0.007549498604158416,14.487698552557399,8.72506077548936e-05,1.60186662675e-05,1075.0,0.28482303538604653,0.4430087209302326,0.2174994432
280,63.0,0.09635404333333333,0.203125,0.01060505482394048,9.085671402265456,0.00016689215088,3.38999681475e-05,2275.0,0.29299976502857145,0.18137190934065933,0.3691508406857143
280,64.0,0.13281233,0.2265625,0.00731894183224955,18.1463841418697,0.00010595596258824827,2.4005647773900002e-05,1611.0,0.29649355739292366,0.20389121663563003,0.3169134209310987
280,65.0,0.08593739,0.140625,0.007502395318423029,11.454660325479047,8.02141956928e-05,1.12801212693e-05,757.0,0.3010720289564069,0.07234560766182299,0.023654166657859976
280,66.0,0.14583314666666666,0.2109375,0.008522689230141819,17.111165587371765,0.00014841922074026667,3.13071793749e-05,2101.0,0.3121161988386483,0.35128361494526417,0.1124396589052832
280,67.0,0.20312474,0.2734375,0.008479839509781952,23.953842494977017,0.00017242343359488002,4.71470326236e-05,3164.0,0.30847690862199745,0.6960075754582806,0.38706467954487994
280,68.0,0.10937485999999999,0.19921875,0.008686133206438287,12.59189300930013,0.00012289246112978826,2.4482482490700002e-05,1643.0,0.31325286894704807,0.6119997717589775,0.1099667186366403
280,69.0,0.21093723,0.328125,0.00714882611776586,29.506554856019044,9.323254034194287e-05,3.0591927299700004e-05,2053.0,0.31529141003409644,0.68823254079396,0.19089488545543107
280,70.0,0.09635404333333333,0.1484375,0.008425629516030635,11.435827216234674,0.00023801581337532632,3.5330472297900004e-05,2371.0,0.3189384825980599,0.0516610211935892,0.4176727761788275
280,71.0,0.08072906333333332,0.125,0.0060519609612124095,13.339323212878194,5.71009573368e-05,7.1376196671e-06,479.0,0.30932283156576196,0.4741323068893528,0.350338351565762
280,72.0,0.12499984,0.16796875,0.007351156516560399,17.00410537014213,0.00013883652684502327,2.33201978685e-05,1565.0,0.321331296,0.09136132188498403,0.134856384
280,73.0,0.11458318666666666,0.16015625,0.010543503594254567,10.867657571540645,0.00019957277415336586,3.19628271105e-05,2145.0,0.32435905454545455,0.9411294434731935,0.4349739374545455
280,74.0,0.10156237,0.17578125,0.006850297299241234,14.825979890135491,4.95908105472e-05,8.7171346665e-06,585.0,0.32422459733333336,0.616806891025641,0.052003072000000004
280,75.0,0.10677069666666666,0.1953125,0.01036739730630824,10.298698266507063,0.000129622749414912,2.53169432451e-05,1699.0,0.32430758648616836,0.34941509711595053,0.39486361539729253
280,76.0,0.18229143333333334,0.30078125,0.008784635789945547,20.751165750317725,0.00016437793146414545,4.9441799698200004e-05,3318.0,0.3496290825316456,0.1193890333031947,0.3779469679566004
280,77.0,0.11197902333333333,0.19921875,0.006484991629981024,17.26741216066319,4.9890000957741175e-05,9.939023628300001e-06,667.0,0.35622331970015,0.6363322245127436,0.31351821913043476
280,78.0,0.12760400333333333,0.1953125,0.007246608460691394,17.608789549692148,0.000114592919141376,2.23814295198e-05,1502.0,0.359440397656458,0.10309431175099867,0.25049219121171773
280,79.0,0.2604163333333333,0.24609375,0.008684718682864833,29.98558074738117,0.0002772604658066286,6.82320677571e-05,4579.0,0.3786903045730509,0.4608939929569775,0.419776203433064
280,80.0,0.16406229,0.33203125,0.015675193196852746,10.466364780303971,0.0002626742209346259,8.72160499197e-05,5853.0,0.3715145911635059,0.7046099489577994,0.4656968205843157
280,81.0,0.08593739,0.1640625,0.007709637520275244,11.146748439728452,7.320548223634286e-05,1.2010274429400001e-05,806.0,0.3765935225806452,0.10139772022332506,0.15423832258064515
280,82.0,0.24479135333333332,0.29296875,0.009704254546517027,25.22515790985634,0.00021469006289203202,6.28974793629e-05,4221.0,0.3841806936744847,0.3337395981402511,0.013022650859985786
280,83.0,0.13802065666666666,0.25,0.01338283949910191,10.313256515997887,0.0002119530316176,5.2988257904400007e-05,3556.0,0.38760644058492694,0.8810779756046119,0.2035644263217098
280,84.0,0.14583314666666666,0.25,0.011906124128293163,12.248582754157209,0.0001671305682384,4.1782642059600007e-05,2804.0,0.38647605791726103,0.1584455242510699,0.4350985763195435
280,85.0,0.21874971999999998,0.25390625,0.008201944562233573,26.67047044029636,0.00021532388626944,5.46720804981e-05,3669.0,0.3955645578413737,0.8682031888798037,0.2933832176614881
280,86.0,0.08854155333333333,0.171875,0.009776529584320686,9.056542259671948,9.44132739264e-05,1.6227281456100003e-05,1089.0,0.4063206999449036,0.7209631829660239,0.4062740689807163
280,87.0,0.19270808666666667,0.21484375,0.009518905518481507,20.2447735501222,0.00021813020863069093,4.6863912010500007e-05,3145.0,0.426080114518283,0.2824001391096979,0.0690870399491256
280,88.0,0.09114571666666667,0.1640625,0.005003159862050531,18.217630293610256,3.387797130788571e-05,5.5581046677e-06,373.0,0.4052436006434317,0.10738522117962467,0.22860929243967829
280,89.0,0.18749976,0.3125,0.005913205086763499,31.708651610902454,5.5646611450560006e-05,1.73895660783e-05,1167.0,0.43030229388174807,0.38431541880891174,0.4146940701285347
280,90.0,0.09635404333333333,0.16015625,0.00656671228718422,14.67310263027369,5.117250619317073e-05,8.195596695e-06,550.0,0.41714736960000004,0.5112713068181818,0.06066745832727273
280,91.0,0.16927061666666665,0.24609375,0.009189185679802533,18.42063296628305,0.0002064770011794286,5.081269950900001e-05,3410.0,0.43057418181818186,0.7533117210410557,0.30833808070381236
280,92.0,0.09114571666666667,0.109375,0.006318540920334297,14.425120896715566,8.828254185325713e-05,9.655903015200001e-06,648.0,0.41821483407407406,0.7795018325617284,0.08507826888888889
280,93.0,0.16666645333333333,0.30078125,0.01469159768968797,11.344338230165157,0.00030903843775567793,9.295296760620001e-05,6238.0,0.4227906778326387,0.7682318802100032,0.010330433036229561
280,94.0,0.10156237,0.17578125,0.00717802862557563,14.14906171286763,6.459520963584e-05,1.13546266938e-05,762.0,0.42249932850393707,0.1393690534776903,0.4797037014173228
280,95.0,0.13541649333333333,0.18359375,0.009372539624873917,14.44821774601513,0.00016435579600340426,3.01746969225e-05,2025.0,0.43281042749629633,0.7709355709876543,0.43376335715555553
280,96.0,0.08333322666666666,0.16015625,0.010354087544335639,8.048340938768224,0.00011462641387270244,1.8358136596800002e-05,1232.0,0.42479725870129875,0.14516855215097402,0.28037893675324677
280,97.0,0.08854155333333333,0.16015625,0.006343412464360713,13.958031868617661,6.615209436971708e-05,1.05946713639e-05,711.0,0.4248956246413502,0.5833772855133614,0.48508798109704643
280,98.0,0.09114571666666667,0.17578125,0.010748174336112849,8.480111488369303,0.00013046197851648004,2.2932769661100003e-05,1539.0,0.43076639033138403,0.6168220029239766,0.15039150908382065
280,99.0,0.10677069666666666,0.17578125,0.005483632035237246,19.470798912211713,5.264255273472001e-05,9.253573722900001e-06,621.0,0.4350614114009662,0.26053618156199676,0.18639872772946858
280,100.0,0.14843731,0.18359375,0.006762958248089854,21.948577021294636,0.0001275076323562213,2.3409604377900003e-05,1571.0,0.4503564019859962,0.8933824992043284,0.04613391276893698
280,101.0,0.11197902333333333,0.203125,0.008173317952955212,13.700558815633162,0.0001330002063936,2.7015666923700003e-05,1813.0,0.45395011856591283,0.665924055432984,0.22900089610590182
280,102.0,0.3619787033333333,0.4140625,0.010681468383613552,33.88847771984656,0.0002588222855264604,0.0001071686026008,7192.0,0.46212062983314794,0.3402983566810345,0.32353601172413793
280,103.0,0.10416653333333332,0.16796875,0.008487662114113063,12.272700295188228,0.00010716583030593488,1.80005105592e-05,1208.0,0.4569136688741722,0.5988979718543046,0.10193410887417219
280,104.0,0.2604163333333333,0.3203125,0.012065840765308112,21.582941329881155,0.00043501282310212685,0.00013934004489990002,9351.0,0.48354643582932305,0.4784819972462838,0.2208226588129612
280,105.0,0.30989543666666663,0.35546875,0.01136456485718886,27.26857038178956,0.0002641769129910857,9.390663703980001e-05,6302.0,0.4868146951190099,0.16220049190733102,0.1948561067089813
280,106.0,0.09374988,0.1953125,0.009441449052094037,9.92960714851361,9.956308886784e-05,1.9445915794500002e-05,1305.0,0.47743382326436784,0.8039331896551725,0.4434061325977012
280,107.0,0.2838538033333333,0.3203125,0.007533961165378488,37.6765684216363,0.00013765404165962927,4.4092310219100005e-05,2959.0,0.48571896397431563,0.1502407908077053,0.4327107987293004
280,108.0,0.14322898333333334,0.265625,0.009412042778723272,15.217629870649834,9.923771929637647e-05,2.63600191881e-05,1769.0,0.4897826547880158,0.35323629169022047,0.0037616053363482196
280,109.0,0.16927061666666665,0.26171875,0.008889453576004843,19.0417347049965,8.22717809881791e-05,2.15320676805e-05,1445.0,0.49323646438754326,0.36128892733564016,0.49420288708650517
280,110.0,0.16406229,0.27734375,0.008003306069007723,20.499314731360887,0.00010224410885300283,2.83567645647e-05,1903.0,0.4875872222806096,0.8759852863899107,0.1343865615133999
280,111.0,0.08333322666666666,0.16796875,0.010159897667808232,8.202171851662353,0.00012437623682857673,2.0891321029800003e-05,1402.0,0.49101046733238235,0.4279349812767475,0.10225600159771754
280,112.0,0.11197902333333333,0.20703125,0.011289071599905349,9.919241130003304,0.00019699571620854342,4.0784269371300006e-05,2737.0,0.4922925662257947,0.23260669757033248,0.06494248879795396
280,113.0,0.08593739,0.13671875,0.004829413521284239,17.794580981987956,2.3542011160868575e-05,3.2186343384e-06,216.0,0.4963818311111111,0.5414315682870371,0.3172644511111111
280,114.0,0.09114571666666667,0.1640625,0.005400072817614162,16.878608816044874,4.314218866285715e-05,7.0780153275e-06,475.0,0.4967585967157895,0.6163569078947368,0.47856785381052636
290,1.0,0.13802065666666666,0.1953125,0.006582171813317929,20.968862646126137,6.0043027539456e-05,1.1727153816300002e-05,787.0,0.009931875781448538,0.10308628494282084,0.43091485540025415
290,2.0,0.21354139333333333,0.3359375,0.012937765663048158,16.50527601865859,0.0002545188469765954,8.550242515620001e-05,5738.0,0.005389971279191356,0.1854944558208435,0.2056331057232485
290,3.0,0.11197902333333333,0.22265625,0.009496715450664104,11.791342376748021,0.00013498605246113683,3.0055488243300003e-05,2017.0,0.003974991373326723,0.1802433223847298,0.07761933215666833
290,4.0,0.14322898333333334,0.2265625,0.0068747555375733215,20.834047487293034,2.933355637142069e-05,6.645883865400001e-06,446.0,0.001826123408071749,0.28566423766816146,0.4960224129147982
290,5.0,0.16666645333333333,0.27734375,0.007864113238743647,21.19329265405639,6.549425574976903e-05,1.8164422493100002e-05,1219.0,0.004572768236259229,0.27535377358490565,0.004744206989335521
290,6.0,0.11197902333333333,0.203125,0.00740820927589542,15.115531859728488,4.26950469504e-05,8.6724314118e-06,582.0,0.0011007274226804123,0.4814486683848797,0.24183115711340208
290,7.0,0.25781217,0.39453125,0.01043717750802698,24.70133039336764,0.00018457752562388912,7.28216019063e-05,4887.0,0.015316825046040516,0.544345169582566,0.48050988356046653
290,8.0,0.08333322666666666,0.1484375,0.00667903278470345,12.4768404876705,6.876458547536843e-05,1.0207243156500002e-05,685.0,0.006190107328467154,0.5038834397810219,0.3171353651386862
290,9.0,0.0781249,0.13671875,0.006625809797958062,11.790996479264539,7.934529687552e-05,1.0847989807200002e-05,728.0,0.015675934285714288,0.7884239783653846,0.08959669714285715
290,10.0,0.11718735,0.21484375,0.011254565676373075,10.412427575593934,0.00019503406889332363,4.19018507388e-05,2812.0,0.030993625092460883,0.2090705014224751,0.3747996995163585
290,11.0,0.14062481999999998,0.2109375,0.007783716210187714,18.06653996659632,9.225868742826668e-05,1.9460816879400003e-05,1306.0,0.03871095803981623,0.8239076856814701,0.4930611061562022
290,12.0,0.12760400333333333,0.234375,0.010028691806189068,12.723893185608146,0.00013345014274176,3.1277377205100006e-05,2099.0,0.04046373335874225,0.780204115054788,0.18045749419723678
290,13.0,0.13281233,0.2109375,0.007205179763321988,18.432896105671364,5.2840350839466666e-05,1.11460115052e-05,748.0,0.041796245775401066,0.7811977774064172,0.0016423963636363638
290,14.0,0.14843731,0.26953125,0.012036388362935815,12.332379574681188,0.00025386956748354783,6.84257818608e-05,4592.0,0.055270914146341464,0.3662330547691638,0.4109586502787456
290,15.0,0.09114571666666667,0.17578125,0.007541463830853244,12.085944945300415,0.00010664143533056001,1.8745564804200003e-05,1258.0,0.055432588616852144,0.8058860790937997,0.13186199351351352
290,16.0,0.13541649333333333,0.16015625,0.006565002974430925,20.627026958060387,7.173454959079024e-05,1.1488736457900002e-05,771.0,0.06205145836575876,0.8419666018158236,0.2960433407003891
290,17.0,0.13281233,0.24609375,0.013414149458622382,9.900913241624169,0.00022651919689508572,5.57449586109e-05,3741.0,0.07079054986367281,0.10448409516172147,0.14447501690457096
290,18.0,0.09374988,0.1875,0.010192662775310054,9.197780998611345,0.0001504413531504,2.8207753715700004e-05,1893.0,0.0665206052614897,0.7908618924986793,0.3581720806339144
290,19.0,0.13281233,0.203125,0.011060764108348333,12.007518531179707,0.0002794251440448,5.67582323841e-05,3809.0,0.07890368928327646,0.07925205926752428,0.06262854389078498
290,20.0,0.14322898333333334,0.19921875,0.006343909577108849,22.577399881321764,0.00010359467964988235,2.0638002586500002e-05,1385.0,0.07255452996389893,0.21931125902527077,0.3758324652129964
290,21.0,0.10937485999999999,0.20703125,0.007013952799663913,15.593897353463927,6.376989571091321e-05,1.3202361221400002e-05,886.0,0.08078774465011287,0.33190780191873587,0.4927020753047404
290,22.0,0.10416653333333332,0.1953125,0.006597282836118176,15.789308404825743,3.7917896679935994e-05,7.405839195300001e-06,497.0,0.08469152740442656,0.27511946680080485,0.0024246982696177065
290,23.0,0.13020816666666665,0.21484375,0.008277485591756471,15.73040088361382,0.00010160914328901819,2.1830089378500003e-05,1465.0,0.09877054492832765,0.34276877133105804,0.10683233103071672
290,24.0,0.12499984,0.2109375,0.008865194995435062,14.10006661606044,0.00010250180356693333,2.16214741899e-05,1451.0,0.09662761703652654,0.735675288594073,0.0741929850310131
290,25.0,0.08333322666666666,0.1640625,0.005961556288302531,13.978434931526014,5.4132093564342854e-05,8.8810466004e-06,596.0,0.11114760241610738,0.6698235633389261,0.1857299146308725
290,26.0,0.10416653333333332,0.21875,0.012033514891430886,8.656368008279172,0.00015183779767817144,3.32145182421e-05,2229.0,0.11665445125168236,0.5302808854867653,0.46487322810228804
290,27.0,0.11458318666666666,0.2265625,0.011481113106166008,9.980146141503388,0.0001391699669998345,3.15306956484e-05,2116.0,0.12037994200378073,0.30650770912098296,0.25346070215500943
290,28.0,0.11979151333333332,0.21484375,0.010253589900924022,11.68288516420362,0.00017741719353809454,3.81169751742e-05,2558.0,0.1295304908209539,0.2715927971071149,0.35171659740422206
290,29.0,0.09114571666666667,0.1640625,0.008833677221170034,10.317981332647593,0.00014132472749348572,2.31860881044e-05,1556.0,0.1204633203084833,0.5459737508033419,0.34055458889460155
290,30.0,0.09374988,0.15625,0.008707709434437815,10.766307799526691,0.00010919515014720001,1.70617422105e-05,1145.0,0.12726836960698693,0.06588769104803494,0.21528329166812227
290,31.0,0.12499984,0.234375,0.014198212966309404,8.803913583815731,0.00021158745833472004,4.95908105472e-05,3328.0,0.141789,0.8047344501201923,0.27741933375
290,32.0,0.31510376333333334,0.41796875,0.009232945704417773,34.128194123633016,0.00019034172358842617,7.955689228110001e-05,5339.0,0.15572867044764938,0.7368677128207529,0.11080471551976025
290,33.0,0.3619787033333333,0.42578125,0.0117006908783993,30.93652392796599,0.00029576001406802203,0.0001259290684899,8451.0,0.16572515555555556,0.4040849455685718,0.2154417777777778
290,34.0,0.08072906333333332,0.1484375,0.00650296960098311,12.414184332205524,4.015450246736843e-05,5.96043396e-06,400.0,0.14973594480000002,0.305615234375,0.2851506372
290,35.0,0.08333322666666666,0.140625,0.008024745493736229,10.384532036774624,6.633300727040001e-05,9.328079147400002e-06,626.0,0.15199079999999998,0.535524410942492,0.263718
290,36.0,0.11718735,0.1953125,0.006844630008625092,17.12106422879385,4.6844242578432e-05,9.1492661286e-06,614.0,0.16117693368078176,0.15637723941368079,0.10497860951140066
290,37.0,0.08072906333333332,0.1484375,0.008438810673143629,9.566402951810757,8.803874665970526e-05,1.30682514573e-05,877.0,0.17282105486887114,0.7414169398517674,0.025096589828962373
290,38.0,0.13020816666666665,0.24609375,0.009400066335476189,13.851834872191949,0.0001599137126436571,3.9353765220900006e-05,2641.0,0.18065731392654297,0.5191659172661871,0.37415596661870504
290,39.0,0.08333322666666666,0.16015625,0.007915212005345555,10.528236844494803,5.81505752195122e-05,9.3131780625e-06,625.0,0.173083931904,0.65566875,0.248127489792
290,40.0,0.09895820666666666,0.15234375,0.005498061724086992,17.998744218008877,3.8440214092800005e-05,5.8561263657e-06,393.0,0.1824104745038168,0.43275882633587787,0.3300524311450382
290,41.0,0.12760400333333333,0.1953125,0.0076108848404296625,16.7659879250163,0.00013061456562585603,2.55106573488e-05,1712.0,0.18938875289719626,0.8996673298773364,0.4885617877570093
290,42.0,0.31510376333333334,0.45703125,0.010825965602542715,29.10629637132085,0.0002791561603584,0.0001275830889138,8562.0,0.2030945969446391,0.7274927550513899,0.3274708388507358
290,43.0,0.08072906333333332,0.14453125,0.007317404126755531,11.032472982892068,6.381852750252974e-05,9.223771553100001e-06,619.0,0.1888089623263328,0.8093762621163166,0.40477544297253637
290,44.0,0.11197902333333333,0.1796875,0.0089180066624331,12.556508149409936,0.00010200116550678261,1.8328334427e-05,1230.0,0.19586935375609757,0.6689024390243903,0.17215244292682927
290,45.0,0.25520800666666665,0.40625,0.014076181228770798,18.130485997511748,0.0002763073785888,0.0001122498725517,7533.0,0.21044355931501393,0.19474468588211868,0.46963915099960174
290,46.0,0.0781249,0.16796875,0.007968167050576016,9.804626271527827,0.0001123112095755907,1.88647734834e-05,1266.0,0.2018810244549763,0.5289482128751974,0.0572328955450237
290,47.0,0.24218719,0.23828125,0.00958724315643859,25.261400597454568,0.0002403246972672,5.72648692707e-05,3843.0,0.21349588771272446,0.7900494811995836,0.05847162529274005
290,48.0,0.09374988,0.14453125,0.0046439757278438866,20.187418172300905,2.319736460108108e-05,3.3527441025000004e-06,225.0,0.2008849024,0.8537326388888888,0.0020920085333333335
290,49.0,0.13020816666666665,0.21875,0.00878747366469932,14.817474468200523,0.00011505340523931428,2.5167932396100004e-05,1689.0,0.20967188404973358,0.397415260509177,0.267364666714032
290,50.0,0.1562498,0.2578125,0.0076742408091644435,20.360294117094845,0.00015391646676829094,3.96815890887e-05,2663.0,0.23031560687945926,0.5464144057453999,0.22792976408561771
290,51.0,0.09895820666666666,0.171875,0.007554428643702171,13.09936347723189,7.707382967912727e-05,1.3247064476100002e-05,889.0,0.2200105096062992,0.9067509139482565,0.18847937547806523
290,52.0,0.09635404333333333,0.1796875,0.007778335511460821,12.387488710324021,9.876698221022609e-05,1.7747192115900003e-05,1191.0,0.2338643913350126,0.5822870749370277,0.1624008620654912
290,53.0,0.17447894333333333,0.22265625,0.0076092977255787266,22.929703847284184,9.770928933726316e-05,2.1755583954e-05,1460.0,0.23453626816438358,0.729543022260274,0.3857157826849315
290,54.0,0.11718735,0.2265625,0.011034205083335786,10.620370848189157,0.00014219540106504827,3.22161455538e-05,2162.0,0.23829870771507863,0.2862186343663275,0.19449714604995375
290,55.0,0.15104147333333331,0.33203125,0.015405526381586236,9.8043695224766,0.00028726767268111064,9.53818444449e-05,6401.0,0.25014154933291677,0.4596870850257772,0.10049551487580066
290,56.0,0.2864579666666667,0.36328125,0.010083989603488455,28.40720567260099,0.00038634892021842583,0.00014035331867310002,9419.0,0.27317842994797753,0.7364058850461832,0.15129847501433275
290,57.0,0.08854155333333333,0.16015625,0.007038648469823924,12.579340154992602,5.3033324600195124e-05,8.493618393000001e-06,570.0,0.26533991831578946,0.20370751096491227,0.4070199284210526
290,58.0,0.11458318666666666,0.19921875,0.01094727122386524,10.466826328087436,0.0001486976340389647,2.9623356781200003e-05,1988.0,0.27256339774647886,0.35800152477364183,0.3145820040241449
290,59.0,0.5911450766666666,0.42578125,0.00815380921937618,72.4992528966594,0.0002590481155048514,0.0001102978304298,7402.0,0.2988780218535531,0.785027484125912,0.3928684256579303
290,60.0,0.09114571666666667,0.19140625,0.009473145484270102,9.621483890225441,0.00015266495994200818,2.92210274889e-05,1961.0,0.28087578688424275,0.7658660281744009,0.2911851928607853
290,61.0,0.09895820666666666,0.1796875,0.006275273734352884,15.769544223216485,0.00011634767089920001,2.09062221147e-05,1403.0,0.29060699392729866,0.17554737615823235,0.3656148761225944
290,62.0,0.15104147333333331,0.20703125,0.007826037360805182,19.299866122514064,0.00011969451079824906,2.4780504188700003e-05,1663.0,0.31416340387251956,0.6102957757065545,0.10796772194828623
290,63.0,0.09635404333333333,0.19921875,0.011140893264268389,8.648682026455157,0.00019365099322277648,3.8578908806100005e-05,2589.0,0.30264910813441487,0.7659177047122441,0.06673876672074161
290,64.0,0.16145812666666665,0.265625,0.013455057354066395,11.999809619382312,0.0002104243556137412,5.589396945990001e-05,3751.0,0.31320890476139696,0.6800363653025859,0.1930173052945881
290,65.0,0.08333322666666666,0.12890625,0.005489556594706605,15.180320164113455,4.542934392785454e-05,5.8561263657e-06,393.0,0.3145318363358779,0.494533237913486,0.35597972641221376
290,66.0,0.11458318666666666,0.19140625,0.007765874477330146,14.754704959647967,0.00010649957429916736,2.03846841432e-05,1368.0,0.3339107063157895,0.10756750274122807,0.12885737754385967
290,67.0,0.37499952,0.44140625,0.012305869906075382,30.47322317415882,0.00033889867058089915,0.00014959199131110002,10039.0,0.3508921422930571,0.805269215683833,0.4519429018189063
290,68.0,0.0781249,0.17578125,0.009499284903613734,8.224292753897673,0.00010113134526976001,1.77769942857e-05,1193.0,0.32456008435875944,0.16154455678960603,0.06344611272422464
290,69.0,0.12239567666666666,0.2109375,0.008537324333866692,14.336538226752793,9.755685094826667e-05,2.05783982469e-05,1381.0,0.32632095362780594,0.3762191120564808,0.39725979944967416
290,70.0,0.12239567666666666,0.12890625,0.007176393051702889,17.05531954351683,0.00012831188742981817,1.6540204239e-05,1110.0,0.3521053063783784,0.3693306587837838,0.43791061881081084
290,71.0,0.09374988,0.16796875,0.007273513687304485,12.889214763372923,9.634279115252093e-05,1.6182578201400003e-05,1086.0,0.3570810523756906,0.836272013121547,0.3548132030939226
290,72.0,0.10937485999999999,0.125,0.006793493105540981,16.099944211438224,0.0001173013403328,1.4662667541600001e-05,984.0,0.37510423853658537,0.46453013846544716,0.13381849317073172
290,73.0,0.17708310666666666,0.171875,0.00939071456512354,18.857255796522768,0.0002047788365602909,3.5196362533800004e-05,2362.0,0.3733295441151566,0.10616003386960203,0.1654405097375106
290,74.0,0.16145812666666665,0.24609375,0.009946534206532623,16.23260155890533,0.0002569760683300572,6.32402043156e-05,4244.0,0.3852045982280867,0.4832235582587182,0.41869434740810557
290,75.0,0.18229143333333334,0.30859375,0.0087091409525695,20.931046394369243,0.00020777921887497723,6.41193683247e-05,4303.0,0.3878688435045317,0.36725195357889845,0.013811186465256796
290,76.0,0.09374988,0.16015625,0.0062957643115655725,14.890944984674489,5.396373380370732e-05,8.642629242e-06,580.0,0.3824175285517242,0.2898572198275862,0.2729215804137931
290,77.0,0.14322898333333334,0.26171875,0.010828843595274579,13.226618527931706,0.00017473501443094925,4.57314295581e-05,3069.0,0.38799756590420337,0.8801154182958618,0.2013533711827957
290,78.0,0.13281233,0.2578125,0.008999645234875259,14.757507272100918,0.00013102840036189093,3.37807594683e-05,2267.0,0.3887923576885752,0.1706033579620644,0.4339837809263344
290,79.0,0.15104147333333331,0.2578125,0.009938988747020873,15.196865312741872,0.00011865959679883636,3.0591927299700004e-05,2053.0,0.3907058160350706,0.8622005144909888,0.2998852603604481
290,80.0,0.08593739,0.16015625,0.009511734534760816,9.03488103940876,9.499477967859512e-05,1.5214007682900001e-05,1021.0,0.4057056827424094,0.7252004774730656,0.40025378068560236
290,81.0,0.0781249,0.12890625,0.004499513114824236,17.36296750477452,2.4044029356218183e-05,3.0994256592e-06,208.0,0.40167603,0.85400390625,0.26993433
290,82.0,0.10416653333333332,0.16796875,0.005926287503528043,17.577030016063315,4.249373569250233e-05,7.1376196671e-06,479.0,0.4110481713569938,0.8606308716075156,0.49563987807933196
290,83.0,0.20052057666666664,0.328125,0.014655643739771948,13.682140493255936,0.00028396642706194285,9.317648387970001e-05,6253.0,0.41786585413721417,0.7693101061490485,0.010987510353430355
290,84.0,0.24739551666666665,0.26953125,0.0071515868796190665,34.59309392880428,0.00017138407212521738,4.619336319e-05,3100.0,0.4277950237935484,0.7512373991935484,0.3047509839483871
290,85.0,0.08333322666666666,0.14453125,0.00800926751799541,10.404600230849029,6.856109982097298e-05,9.9092214585e-06,665.0,0.41306285233082707,0.5180862312030076,0.06082280012030075
290,86.0,0.09635404333333333,0.17578125,0.008639783839293973,11.152367365386217,0.00011223629600768,1.97290364076e-05,1324.0,0.4238417916616314,0.1364620704305136,0.2829191680966767
290,87.0,0.10416653333333332,0.1875,0.012453035641113497,8.364750277388525,0.0002306290580256,4.32429483798e-05,2902.0,0.4288774233494142,0.2535468534631289,0.07431951382494831
290,88.0,0.09895820666666666,0.1875,0.008258839223280499,11.982096271800216,9.0598596192e-05,1.6987236786000003e-05,1140.0,0.4281290437894737,0.35430030153508774,0.40519530315789476
290,89.0,0.08333322666666666,0.14453125,0.005194853545147721,16.041496828049073,3.185771405215135e-05,4.604435234100001e-06,309.0,0.4277775254368932,0.6020808050161812,0.49233161786407764
290,90.0,0.13020816666666665,0.23046875,0.010911964886963412,11.932604990529901,0.00017877260907823728,4.12014997485e-05,2765.0,0.43377912234358046,0.6132035488245932,0.1445591349005425
290,91.0,0.44531192999999997,0.41796875,0.011155038497573258,39.92025039598708,0.0002684178379653981,0.00011219026821210001,7529.0,0.4639836437667685,0.3113767391087794,0.32259529208128573
290,92.0,0.12239567666666666,0.21875,0.011981424277294069,10.215453007420665,0.00018337700823222857,4.01137205508e-05,2692.0,0.4529859897771174,0.658100099832838,0.22751308653789004
290,93.0,0.3124996,0.35546875,0.010204761002155619,30.622921980631258,0.0002825376695588572,0.00010043331222600001,6740.0,0.48859035482492585,0.13300549425074185,0.19666440519881304
290,94.0,0.09635404333333333,0.1640625,0.009887781512548844,9.744758539723788,0.00011634767089920001,1.90882897569e-05,1281.0,0.4672912022482436,0.4524205942622951,0.2756887580327869
290,95.0,0.2942704566666667,0.3359375,0.010472152717955983,28.100283159745988,0.0003160859713410977,0.00010618513099740001,7126.0,0.4859058875329778,0.4742322349494808,0.22697825304518665
290,96.0,0.09374988,0.18359375,0.0073109842787575435,12.823154369568991,7.734867831666383e-05,1.4200733909700002e-05,953.0,0.47478441217208817,0.8152011739244491,0.4429319556768101
290,97.0,0.08333322666666666,0.15625,0.008563588543295114,9.731110532150993,8.01082324224e-05,1.2516911316e-05,840.0,0.47881666857142857,0.11363467261904762,0.007319549714285715
290,98.0,0.08593739,0.1484375,0.005134717395008229,16.73653745453352,4.276454512774737e-05,6.347862167400001e-06,426.0,0.48391986591549296,0.0913200557511737,0.2750552304225352
290,99.0,0.19270808666666667,0.31640625,0.009249578033026288,20.834257084873332,0.00012206968750080001,3.8623612060800005e-05,2592.0,0.4857768114814815,0.16589656876929013,0.4256023296296296
290,100.0,0.10937485999999999,0.19140625,0.011092012042085129,9.86068709491224,0.00014635906409534696,2.8014039612000003e-05,1880.0,0.4845960832340426,0.4072930518617021,0.1073436829787234
290,101.0,0.17447894333333333,0.265625,0.007063423197218502,24.701754158244576,6.73178423717647e-05,1.7881301880000002e-05,1200.0,0.48209023720000005,0.8649479166666667,0.1274508456
290,102.0,0.14322898333333334,0.234375,0.009043097872338231,15.838486473916632,8.608456087296001e-05,2.0176068954600003e-05,1354.0,0.4936647835745938,0.622129454394387,0.4779085577548006
290,103.0,0.18749976,0.25,0.010472577800990722,17.903878449321446,0.0001520506703196,3.8012667579900005e-05,2551.0,0.49426568881223054,0.21678079674637396,0.06384428481379852
290,104.0,0.11458318666666666,0.19140625,0.007485218064300429,15.307928998508828,5.293838488555102e-05,1.0132737732000001e-05,680.0,0.49325183929411764,0.34413488051470587,0.001686002117647059
290,105.0,0.12499984,0.2421875,0.012480489224761153,10.015620201169813,0.00010699555774389678,2.5912986641100002e-05,1739.0,0.4931218058194365,0.32853157346175965,0.49374851137435305
300,1.0,0.22395804666666666,0.359375,0.01309505600074329,17.102488653271475,0.00021768541419130437,7.8230695725e-05,5250.0,0.004568812708571428,0.1923452380952381,0.20944775250285713
300,2.0,0.09895820666666666,0.15625,0.009634238293737806,10.271513289326554,0.00025138726269696,3.9279259796400004e-05,2636.0,0.014544668285280728,0.05255210309180577,0.33101605201820944
300,3.0,0.10677069666666666,0.17578125,0.006776962882172759,15.754947831798505,4.0605125217279994e-05,7.1376196671e-06,479.0,0.0022630096033402925,0.06516668841336117,0.431500885177453
300,4.0,0.13020816666666665,0.23828125,0.012260449029042187,10.620179273877607,0.00015027328845513446,3.5807307014700004e-05,2403.0,0.0037079206991260925,0.16057889877236786,0.08063305148564295
300,5.0,0.08333322666666666,0.16796875,0.00793095783960789,10.507334467281279,4.568741937711628e-05,7.6740587235e-06,515.0,0.0025030275728155343,0.27004702669902914,0.49508368403883496
300,6.0,0.10677069666666666,0.16015625,0.004909182548178986,21.749180361254282,2.0375961556917074e-05,3.2633375931000003e-06,219.0,0.0016588142465753424,0.6827554223744292,0.4808956010958904
300,7.0,0.09635404333333333,0.140625,0.0070653959402767275,13.637458416740827,0.00010712886637439999,1.5064996833900001e-05,1011.0,0.01065619181008902,0.48779828140454995,0.3109556363204748
300,8.0,0.10937485999999999,0.19921875,0.008116102094619366,13.476279465793182,7.300246017204706e-05,1.4543458862400001e-05,976.0,0.012773324754098361,0.7736496221823771,0.0922368924590164
300,9.0,0.1562498,0.25,0.007497783042464862,20.83946669502904,0.0001035923422248,2.58980855562e-05,1738.0,0.021748406996547755,0.48450760572497126,0.48076082513233603
300,10.0,0.09635404333333333,0.1875,0.011376444568027187,8.469609530215669,0.0001582296535248,2.9668060035900003e-05,1991.0,0.029189873792064287,0.18120801418884983,0.3710584658965344
300,11.0,0.12239567666666666,0.21875,0.009134701718905604,13.39897901793015,7.731534336685714e-05,1.69127313615e-05,1135.0,0.03940139968281939,0.7871592786343612,0.0041557575330396475
300,12.0,0.12499984,0.22265625,0.009258056998148466,13.501735842088564,0.00011945964484042105,2.65984365465e-05,1785.0,0.0382942822184874,0.7619332107843138,0.18254833344537816
300,13.0,0.10677069666666666,0.18359375,0.009337349777809006,11.43479672577075,0.00010486305601797447,1.92522016908e-05,1292.0,0.04055142724458204,0.8368475474071208,0.4928166200619195
300,14.0,0.23697886333333332,0.30859375,0.011195447063695642,21.167431902009824,0.00025398993522713926,7.837970657400001e-05,5260.0,0.05302498010646388,0.3660431024239544,0.40613125295817487
300,15.0,0.11979151333333332,0.2421875,0.013643924276393223,8.77984302072074,0.0002197746591496258,5.32266752628e-05,3572.0,0.053380541187010085,0.2813670125279955,0.07051408407614781
300,16.0,0.10937485999999999,0.20703125,0.009832169813344952,11.124183377259035,0.00012199771244920754,2.5257338905500003e-05,1695.0,0.05884595001769912,0.4921367994100295,0.048331365946902655
300,17.0,0.12760400333333333,0.21875,0.00980423210001787,13.015196094052154,0.00010701533429897143,2.3409604377900003e-05,1571.0,0.06221265303628262,0.8470296586569064,0.2967188357988542
300,18.0,0.13020816666666665,0.21484375,0.009923176499528273,13.121621556651387,0.00014426417613730912,3.0994256592e-05,2080.0,0.067134744,0.785479266826923,0.354574851
300,19.0,0.08333322666666666,0.1484375,0.004546209148676651,18.33026680941945,2.6200812859957892e-05,3.8891831589000005e-06,261.0,0.06791020689655172,0.8333482998084292,0.1364939034482759
300,20.0,0.13020816666666665,0.2421875,0.010622997392646,12.257196519393489,0.00019479467269532902,4.7176834793400005e-05,3166.0,0.07348876184459886,0.1097772228363866,0.14571780447252053
300,21.0,0.10937485999999999,0.203125,0.009881899515232412,11.068202002196498,0.0001356411371328,2.75521059801e-05,1849.0,0.08111204897782585,0.09124231003244997,0.0523708688372093
300,22.0,0.09895820666666666,0.1953125,0.011112205106598456,8.905361781695788,0.00013267449160243202,2.5912986641100002e-05,1739.0,0.09479539238642898,0.35823839131684876,0.10364115036227717
300,23.0,0.11979151333333332,0.22265625,0.011335469705690618,10.56784733615368,0.00020947265453810526,4.6640395737e-05,3130.0,0.09673435200000001,0.8916446186102236,0.172171584
300,24.0,0.16145812666666665,0.25,0.007878625834304553,20.49318371785815,0.00011235418014600001,2.8088545036500002e-05,1885.0,0.09416317903448276,0.7557630139257294,0.07905007117241379
300,25.0,0.11197902333333333,0.2109375,0.007409404368902145,15.113093814034247,7.890731535786667e-05,1.6644511833300002e-05,1117.0,0.10564857969561325,0.7162495803491495,0.19469651366159357
300,26.0,0.14583314666666666,0.23828125,0.013004652114416365,11.213921401634625,0.00020786866867451804,4.9531206207600004e-05,3324.0,0.11766020288808664,0.773524462244284,0.4773433506137184
300,27.0,0.13802065666666666,0.22265625,0.006276492603144675,21.990093097140747,7.301427031983159e-05,1.62570836259e-05,1091.0,0.11803038929422548,0.33473447525206235,0.2505113602933089
300,28.0,0.13541649333333333,0.23828125,0.01045748697239471,12.949238539890207,0.0001810408531325902,4.3138640785500005e-05,2895.0,0.1197023058238342,0.512683506044905,0.46526691664248704
300,29.0,0.08333322666666666,0.15234375,0.007870113636026799,10.588567144087284,7.35548116992e-05,1.1205615844800002e-05,752.0,0.11453282680851065,0.5491294049202128,0.3327602227659574
300,30.0,0.08593739,0.1875,0.006784275778396189,12.66714278827794,0.0001110230165616,2.08168156053e-05,1397.0,0.12721983358625627,0.26861690229062274,0.3525891899785254
300,31.0,0.10416653333333332,0.18359375,0.010438841838576622,9.978744284484423,0.00012872508269698725,2.3633120651400002e-05,1586.0,0.12214512000000001,0.07792796343001261,0.2654457560655738
300,32.0,0.08072906333333332,0.1328125,0.005614444949829907,14.378814656608052,5.127375660649412e-05,6.8097957993000006e-06,457.0,0.13306858713347922,0.05426012035010941,0.21456967772428884
300,33.0,0.1562498,0.26953125,0.008878127687401238,17.599408963415875,0.00018094840905349564,4.87712508777e-05,3273.0,0.14152451930339138,0.8057317923159181,0.2771073289092576
300,34.0,0.40364531666666664,0.44921875,0.011132831158309058,36.257202766019084,0.00032404858075959657,0.0001455686983881,9769.0,0.16450592547036544,0.3994675440167878,0.2134586820350087
300,35.0,0.13020816666666665,0.2421875,0.009353719965459169,13.92046877044547,0.00014680356571416774,3.55539885714e-05,2386.0,0.1462531618440905,0.6332807261106455,0.11825134752724224
300,36.0,0.14322898333333334,0.23046875,0.007175388401790342,19.96114709241329,8.372894349233898e-05,1.92969049455e-05,1295.0,0.1622627964787645,0.18768701737451737,0.04955796917374518
300,37.0,0.11979151333333332,0.17578125,0.008380292879174047,14.294430404816573,0.00013826087521792002,2.4303669471900003e-05,1631.0,0.17038247690987127,0.8122125996321276,0.10191669954629062
300,38.0,0.08854155333333333,0.1640625,0.006699627667266889,13.215891648118085,4.305136300251429e-05,7.063114242600001e-06,474.0,0.1727893124050633,0.6548572652953587,0.25093059443037974
300,39.0,0.16927061666666665,0.265625,0.014738762929777844,11.484723478703653,0.0003452283349632,9.17012764746e-05,6154.0,0.18393572661683458,0.5443905894540136,0.4351852230614235
300,40.0,0.09114571666666667,0.140625,0.005696595970286651,16.000031798302214,6.08229172096e-05,8.5532227326e-06,574.0,0.18312711721254354,0.4964476263066202,0.3107400309407666
300,41.0,0.18749976,0.3125,0.010331797758718366,18.147834905283595,0.00016503249548448,5.1572654838900004e-05,3461.0,0.1826672268592892,0.49583416100837907,0.37120905042473273
300,42.0,0.09374988,0.1484375,0.005451661465490357,17.19657036546519,3.1922829461557894e-05,4.7385449982e-06,318.0,0.18122865358490567,0.9102176690251572,0.4779432045283019
300,43.0,0.21093723,0.30859375,0.011408492566835998,18.489491820609636,0.0003986096797148355,0.00012300845584950002,8255.0,0.20388632692913386,0.7418505829800122,0.3228047176062992
300,44.0,0.09114571666666667,0.16015625,0.006706055101844513,13.591554987610655,4.800911490122927e-05,7.6889598084e-06,516.0,0.18652296000000002,0.918930171996124,0.1546106446511628
300,45.0,0.10416653333333332,0.171875,0.007376819529343583,14.12079188313862,9.978850164305456e-05,1.71511487199e-05,1151.0,0.1878830170634231,0.6604650847089487,0.1718592879930495
300,46.0,0.29687462,0.41015625,0.011814287341763435,25.1284407947782,0.00023149644308187429,9.494971298280001e-05,6372.0,0.2074573902824859,0.18797755316227244,0.47283557792843695
300,47.0,0.14843731,0.27734375,0.010534267669927504,14.090899780698427,0.00012738874518679436,3.5330472297900004e-05,2371.0,0.20603562554196542,0.7858531474061577,0.06009859799240826
300,48.0,0.12760400333333333,0.22265625,0.011173983125714923,11.4197419038226,0.00014315080129616845,3.18734206011e-05,2139.0,0.21768385279102384,0.3895146680691912,0.264570603085554
300,49.0,0.11197902333333333,0.203125,0.00952956219939252,11.75069966388085,0.0001318264593984,2.6777249565300003e-05,1797.0,0.23086269676126878,0.7687160893155259,0.0530722590984975
300,50.0,0.16145812666666665,0.25390625,0.00923723786148763,17.47904829211189,0.00010792603620863999,2.7403095131100004e-05,1839.0,0.2337658422185971,0.5444407626427407,0.22946451758564437
300,51.0,0.13281233,0.24609375,0.008420378802993863,15.772726276017252,0.00010541831643794286,2.59427888109e-05,1741.0,0.23086192514646756,0.7283596891154509,0.38534575209649624
300,52.0,0.13802065666666666,0.265625,0.012068930672098122,11.436030284418932,0.00014725778018823528,3.91153478625e-05,2625.0,0.23885206710857143,0.29580357142857144,0.1978544042057143
300,53.0,0.20833306666666665,0.34765625,0.014050949676997864,14.826974080457973,0.0003103604660088809,0.0001078987557609,7241.0,0.2528973466427289,0.45416670263085207,0.09935638233393178
300,54.0,0.13281233,0.25,0.013911680442096216,9.546821503900775,0.0002835378434772,7.08844608693e-05,4757.0,0.2646902548328779,0.13026362465839816,0.28954788446499896
300,55.0,0.41927029666666665,0.3203125,0.008905935405316935,47.077626053334946,0.0002702838736202927,8.6575303269e-05,5810.0,0.27595064360757315,0.7106517588209983,0.1518125550981067
300,56.0,0.08072906333333332,0.140625,0.009410993371401897,8.578165996657972,9.197611870720001e-05,1.2934141693200001e-05,868.0,0.2661171002764977,0.12175079205069124,0.22521633732718896
300,57.0,0.08593739,0.19921875,0.010417452354857712,8.249367222680597,0.00011862899777957647,2.3633120651400002e-05,1586.0,0.2706585914754099,0.38766945145018916,0.31627367213114754
300,58.0,0.10156237,0.16796875,0.007403091079499468,13.718914019745757,0.00012464237713562793,2.0936024284500003e-05,1405.0,0.28109636669039145,0.18140291370106762,0.46633276970818505
300,59.0,0.30208294666666663,0.296875,0.010265630002342506,29.42663495545179,0.0003454291074755369,0.0001025492662818,6882.0,0.2908253007846556,0.8243322707788434,0.3991408746294682
300,60.0,0.13020816666666665,0.25,0.01053206138395268,12.363027703680128,0.0002042640718092,5.10660179523e-05,3427.0,0.2818231906623869,0.7637260176539247,0.29281754079953315
300,61.0,0.14583314666666666,0.16015625,0.006420451257727162,22.713846864136393,0.00010271717606774635,1.64507977296e-05,1104.0,0.30059472130434783,0.4224729676177536,0.23037616521739132
300,62.0,0.09635404333333333,0.1640625,0.007892568636303556,12.208198341175308,8.147061732754286e-05,1.3366273155300002e-05,897.0,0.2935101704347826,0.32993659420289856,0.020145224347826087
300,63.0,0.14062481999999998,0.2265625,0.007902459723306245,17.795069500356163,0.00012075428138548966,2.73583918764e-05,1836.0,0.3120098562091503,0.6806491693899782,0.38429444444444444
300,64.0,0.20052057666666664,0.3046875,0.010710865261919535,18.721230429401423,0.0002358253337856,7.185303138780001e-05,4822.0,0.3106692132393198,0.7509696767420158,0.06242207163832435
300,65.0,0.12760400333333333,0.26171875,0.013491349849153712,9.458208760433093,0.0002714114740281313,7.103347171830001e-05,4767.0,0.31095866482064194,0.6872140169393749,0.1939369904090623
300,66.0,0.10937485999999999,0.23046875,0.011288866861367056,9.688736818599962,0.00020146670882017625,4.6431780548400006e-05,3116.0,0.3182520033889602,0.3570984435173299,0.11000403080872914
300,67.0,0.09635404333333333,0.16015625,0.009122998335515681,10.561664026423049,8.95984062982244e-05,1.43497447587e-05,963.0,0.3143387429283489,0.2899346118899273,0.17078138068535825
300,68.0,0.4869785433333333,0.515625,0.011795222826079447,41.28608255340586,0.00036233658662050905,0.0001868298024762,12538.0,0.35063161703620993,0.8027325056827245,0.4512154277237199
300,69.0,0.10937485999999999,0.18359375,0.0070108077501895225,15.600892778302653,0.00010048023479121701,1.8447543106200002e-05,1238.0,0.32321611773828757,0.6272749646607432,0.10442565906300486
300,70.0,0.11197902333333333,0.203125,0.010210887385158,10.966629942085158,0.00010130903752319999,2.05783982469e-05,1381.0,0.3276235050543085,0.39015545800144824,0.3989951204055033
300,71.0,0.38802033666666663,0.37890625,0.0077153595624690355,50.29193176610606,0.0001957283616918433,7.416269954730001e-05,4977.0,0.36629182148282097,0.4041732594936709,0.42198262288125377
300,72.0,0.11458318666666666,0.1875,0.009205689705073414,12.446996405225118,8.72607531744e-05,1.6361391220200002e-05,1098.0,0.3414313464480874,0.13114398337887068,0.1204637455737705
300,73.0,0.08593739,0.171875,0.007605497968294241,11.299377155612339,8.444309348421819e-05,1.45136566926e-05,974.0,0.36071359145790555,0.8260234856262834,0.36049100796714584
300,74.0,0.12239567666666666,0.1875,0.012515165581103828,9.7797888388682,0.000248351415,4.6565890312500006e-05,3125.0,0.372183422208,0.10098125,0.16095021296640002
300,75.0,0.17187478,0.28515625,0.011124171944623914,15.450568442810127,0.0002206242382826959,6.291238044780001e-05,4222.0,0.3895655588441497,0.40713635421601135,0.014091423098057793
300,76.0,0.08072906333333332,0.1640625,0.007050239589901266,11.450541829666228,0.00011807335844571428,1.937141037e-05,1300.0,0.388813608,0.2539302884615385,0.114527952
300,77.0,0.08593739,0.14453125,0.008457402508875424,10.161203739542373,6.97982925996973e-05,1.0088034477300002e-05,677.0,0.3836856638109306,0.30885916728212703,0.2644126355096012
300,78.0,0.14322898333333334,0.26171875,0.00998633728653739,14.34249407201785,0.00012076017126361791,3.16052010729e-05,2121.0,0.3871266168033946,0.8728304750117869,0.3015420218387553
300,79.0,0.0781249,0.13671875,0.005887120792942141,13.270476816725274,3.193430217654858e-05,4.366017875700001e-06,293.0,0.38545789761092153,0.8421235068259386,0.16735505365187714
300,80.0,0.0781249,0.13671875,0.006695683454659892,11.667950035127275,5.013576450925714e-05,6.854499054e-06,460.0,0.39033952382608694,0.21754415760869567,0.4262217349565217
300,81.0,0.1562498,0.2421875,0.009006888520836798,17.34781102691869,0.0001162246167787355,2.8148149376100003e-05,1889.0,0.4034645491159343,0.18736145116463737,0.3408416697935416
300,82.0,0.12239567666666666,0.2109375,0.00895474411234962,13.668249492229373,9.409538411520001e-05,1.98482450868e-05,1332.0,0.40307587315315313,0.8812142220345346,0.49349418522522526
300,83.0,0.08333322666666666,0.1328125,0.008851880405384066,9.414183523760677,0.00010703536937110588,1.4215634994600001e-05,954.0,0.4048445152201258,0.5174102463312369,0.42094240050314463
300,84.0,0.10156237,0.17578125,0.009519316812127436,10.669081826398653,9.536694336e-05,1.67637205125e-05,1125.0,0.40715694378666667,0.7409340277777777,0.3948948224
300,85.0,0.23697886333333332,0.36328125,0.01295689231061085,18.28979184609438,0.0002250659863296,8.17622528463e-05,5487.0,0.4146850715363587,0.7791235249225442,0.010574327654455987
300,86.0,0.14322898333333334,0.21484375,0.013081176202719768,10.949243486495805,0.00028949936115246544,6.21971283726e-05,4174.0,0.42471469420220415,0.24733281923814088,0.07584693987541927
300,87.0,0.1562498,0.23828125,0.006046070041599235,25.843200446726986,7.441748367108198e-05,1.7732291031e-05,1190.0,0.41504784766386554,0.7427258403361344,0.29947730581512605
300,88.0,0.0781249,0.140625,0.00791765640854308,9.867174826594386,5.9339431424e-05,8.344607544e-06,560.0,0.4234922194285714,0.16045619419642856,0.2892012685714286
300,89.0,0.12239567666666666,0.234375,0.011945624328735326,10.246067790047823,0.00028304908789248003,6.63396299748e-05,4452.0,0.4336623942857143,0.7795530800763701,0.0769832864690027
300,90.0,0.12239567666666666,0.20703125,0.006155610496770156,19.883596717317896,4.5488232606430186e-05,9.417485656800001e-06,632.0,0.43019322227848106,0.3460492484177215,0.40564942632911394
300,91.0,0.10416653333333332,0.203125,0.010703363280728382,9.73213097614721,0.0001785562616448,3.62692406466e-05,2434.0,0.43878598126540674,0.5886802203163517,0.13705221179950697
300,92.0,0.08072906333333332,0.12890625,0.005828863657831916,13.84988019489223,3.884035511389091e-05,5.006764526400001e-06,336.0,0.43430762142857143,0.42444428943452384,0.4365571971428571
300,93.0,0.43749943999999996,0.453125,0.011181872075621142,39.12577760157369,0.00029573617987464833,0.0001340054565057,8993.0,0.4607636601089736,0.30280973743467143,0.32161477351718004
300,94.0,0.16145812666666665,0.26953125,0.012643536595715725,12.770012997896245,0.00021975860861217392,5.92318124775e-05,3975.0,0.44817053113962263,0.6420499213836478,0.22367818131320755
300,95.0,0.1562498,0.24609375,0.006532393122935386,23.919227924511045,5.104402111268572e-05,1.25616145707e-05,843.0,0.44031155814946615,0.6304585557532622,0.2756077056227758
300,96.0,0.09114571666666667,0.13671875,0.006949395984191481,13.11563146984362,0.00010724693973284571,1.4662667541600001e-05,984.0,0.4541043697560976,0.1986351943597561,0.20080217268292683
300,97.0,0.0781249,0.1484375,0.00852487190603512,9.164348844314253,7.810050729903157e-05,1.15930440522e-05,778.0,0.45758739701799483,0.8414906008997429,0.30326832308483287
300,98.0,0.12239567666666666,0.1875,0.007880851801712468,15.53076745334441,0.00011634767089920001,2.18151882936e-05,1464.0,0.4590739186885246,0.5808679132513661,0.09480236360655739
300,99.0,0.10156237,0.12109375,0.007420056037333905,13.68754757228118,0.00011776279328454194,1.4260338249300001e-05,957.0,0.4715223528526646,0.8020098615464994,0.13101822846394984
300,100.0,0.45312441999999997,0.48046875,0.009023632808226732,50.215299051939716,0.0001746688211393561,8.392291015680001e-05,5632.0,0.4848315225,0.46707083962180396,0.22863641642045457
300,101.0,0.20833306666666665,0.32421875,0.010406184951058184,20.02011953914789,0.00018411565065067952,5.9693746109400004e-05,4006.0,0.4846848160559161,0.1702066041562656,0.42261645663504743
300,102.0,0.17447894333333333,0.29296875,0.014527444602392773,12.010298308389034,0.000395302338023424,0.00011581123184280001,7772.0,0.4910724690478641,0.10995550936052496,0.19916194832732886
300,103.0,0.10156237,0.1640625,0.007976799753165068,12.732220081079715,7.811006789485713e-05,1.2814933014000001e-05,860.0,0.4830156602790698,0.06535701308139535,0.28116070827906975
300,104.0,0.09895820666666666,0.1875,0.009518134476958427,10.396806948486118,0.0001342289727792,2.5167932396100004e-05,1689.0,0.4852283222735347,0.3912193790704559,0.10784367744227354
300,105.0,0.18489559666666666,0.25390625,0.00896834505891539,20.616467748736184,0.0001097453440512,2.7865028763000003e-05,1870.0,0.4925893973903744,0.6142985461229946,0.47625525638502675
300,106.0,0.0781249,0.13671875,0.006703795517176858,11.653830997652568,4.534016964315429e-05,6.1988513184e-06,416.0,0.4871532,0.11266150841346154,0.010606005
300,107.0,0.14322898333333334,0.2421875,0.01140295659869449,12.560688282347005,0.00013874352082374195,3.36019464495e-05,2255.0,0.4918735675742794,0.326553838691796,0.4911633421197339
300,108.0,0.21093723,0.28515625,0.010019100064869406,21.053510658070213,0.00015034010742286027,4.2870421257300006e-05,2877.0,0.49497844805005214,0.20015288277719848,0.06711075103232535
