frame,event,worms_before,worms_after
10,appear,[],[np.int32(1)]
10,appear,[],[np.int32(2)]
10,appear,[],[np.int32(3)]
10,appear,[],[np.int32(4)]
10,appear,[],[np.int32(5)]
10,appear,[],[np.int32(6)]
20,appear,[],[np.int32(1)]
20,appear,[],[np.int32(2)]
20,appear,[],[np.int32(3)]
20,appear,[],[np.int32(4)]
20,appear,[],[np.int32(5)]
20,appear,[],[np.int32(6)]
20,appear,[],[np.int32(7)]
20,appear,[],[np.int32(8)]
20,appear,[],[np.int32(9)]
20,appear,[],[np.int32(10)]
20,appear,[],[np.int32(11)]
20,appear,[],[np.int32(12)]
20,appear,[],[np.int32(13)]
20,appear,[],[np.int32(14)]
20,appear,[],[np.int32(15)]
20,appear,[],[np.int32(16)]
20,appear,[],[np.int32(17)]
20,appear,[],[np.int32(18)]
20,appear,[],[np.int32(19)]
20,appear,[],[np.int32(20)]
20,appear,[],[np.int32(21)]
20,appear,[],[np.int32(22)]
20,appear,[],[np.int32(23)]
20,appear,[],[np.int32(24)]
20,appear,[],[np.int32(25)]
20,appear,[],[np.int32(26)]
20,appear,[],[np.int32(27)]
20,appear,[],[np.int32(28)]
20,appear,[],[np.int32(29)]
20,appear,[],[np.int32(30)]
20,appear,[],[np.int32(31)]
20,appear,[],[np.int32(32)]
20,appear,[],[np.int32(33)]
20,appear,[],[np.int32(34)]
20,appear,[],[np.int32(35)]
20,appear,[],[np.int32(36)]
20,appear,[],[np.int32(37)]
20,appear,[],[np.int32(38)]
20,appear,[],[np.int32(39)]
20,appear,[],[np.int32(40)]
20,appear,[],[np.int32(41)]
20,appear,[],[np.int32(42)]
20,appear,[],[np.int32(43)]
20,appear,[],[np.int32(44)]
20,appear,[],[np.int32(45)]
20,appear,[],[np.int32(46)]
20,appear,[],[np.int32(47)]
20,appear,[],[np.int32(48)]
20,appear,[],[np.int32(49)]
20,appear,[],[np.int32(50)]
20,appear,[],[np.int32(51)]
20,appear,[],[np.int32(52)]
20,appear,[],[np.int32(53)]
20,appear,[],[np.int32(54)]
20,appear,[],[np.int32(55)]
20,appear,[],[np.int32(56)]
20,appear,[],[np.int32(57)]
20,appear,[],[np.int32(58)]
20,appear,[],[np.int32(59)]
20,appear,[],[np.int32(60)]
20,appear,[],[np.int32(61)]
20,appear,[],[np.int32(62)]
20,appear,[],[np.int32(63)]
20,appear,[],[np.int32(64)]
20,appear,[],[np.int32(65)]
20,appear,[],[np.int32(66)]
20,appear,[],[np.int32(67)]
20,appear,[],[np.int32(68)]
20,appear,[],[np.int32(69)]
20,appear,[],[np.int32(70)]
20,appear,[],[np.int32(71)]
20,appear,[],[np.int32(72)]
20,appear,[],[np.int32(73)]
20,appear,[],[np.int32(74)]
20,appear,[],[np.int32(75)]
20,appear,[],[np.int32(76)]
20,appear,[],[np.int32(77)]
20,appear,[],[np.int32(78)]
20,appear,[],[np.int32(79)]
20,appear,[],[np.int32(80)]
20,appear,[],[np.int32(81)]
20,appear,[],[np.int32(82)]
20,appear,[],[np.int32(83)]
20,appear,[],[np.int32(84)]
20,appear,[],[np.int32(85)]
20,appear,[],[np.int32(86)]
20,appear,[],[np.int32(87)]
20,appear,[],[np.int32(88)]
20,appear,[],[np.int32(89)]
20,appear,[],[np.int32(90)]
20,appear,[],[np.int32(91)]
20,appear,[],[np.int32(92)]
20,appear,[],[np.int32(93)]
20,appear,[],[np.int32(94)]
20,appear,[],[np.int32(95)]
20,appear,[],[np.int32(96)]
20,appear,[],[np.int32(97)]
20,appear,[],[np.int32(98)]
20,appear,[],[np.int32(99)]
20,appear,[],[np.int32(100)]
20,appear,[],[np.int32(101)]
20,appear,[],[np.int32(102)]
20,appear,[],[np.int32(103)]
20,appear,[],[np.int32(104)]
20,appear,[],[np.int32(105)]
20,appear,[],[np.int32(106)]
20,appear,[],[np.int32(107)]
20,appear,[],[np.int32(108)]
20,appear,[],[np.int32(109)]
20,appear,[],[np.int32(110)]
20,appear,[],[np.int32(111)]
20,appear,[],[np.int32(112)]
20,appear,[],[np.int32(113)]
20,appear,[],[np.int32(114)]
20,appear,[],[np.int32(115)]
20,appear,[],[np.int32(116)]
20,appear,[],[np.int32(117)]
20,appear,[],[np.int32(118)]
20,appear,[],[np.int32(120)]
20,appear,[],[np.int32(121)]
20,appear,[],[np.int32(122)]
20,appear,[],[np.int32(123)]
20,appear,[],[np.int32(124)]
20,appear,[],[np.int32(125)]
20,appear,[],[np.int32(126)]
20,appear,[],[np.int32(127)]
20,appear,[],[np.int32(128)]
20,appear,[],[np.int32(129)]
20,appear,[],[np.int32(131)]
20,appear,[],[np.int32(132)]
20,appear,[],[np.int32(133)]
20,appear,[],[np.int32(134)]
20,appear,[],[np.int32(135)]
20,appear,[],[np.int32(136)]
20,appear,[],[np.int32(138)]
20,appear,[],[np.int32(139)]
20,appear,[],[np.int32(140)]
20,appear,[],[np.int32(141)]
20,appear,[],[np.int32(142)]
20,disappear,[np.int32(1)],[]
20,disappear,[np.int32(2)],[]
20,disappear,[np.int32(3)],[]
30,appear,[],[np.int32(1)]
30,appear,[],[np.int32(3)]
30,appear,[],[np.int32(4)]
30,appear,[],[np.int32(5)]
30,appear,[],[np.int32(7)]
30,appear,[],[np.int32(9)]
30,appear,[],[np.int32(13)]
30,appear,[],[np.int32(14)]
30,appear,[],[np.int32(15)]
30,appear,[],[np.int32(17)]
30,appear,[],[np.int32(18)]
30,appear,[],[np.int32(19)]
30,appear,[],[np.int32(20)]
30,appear,[],[np.int32(23)]
30,appear,[],[np.int32(26)]
30,appear,[],[np.int32(27)]
30,appear,[],[np.int32(29)]
30,appear,[],[np.int32(30)]
30,appear,[],[np.int32(31)]
30,appear,[],[np.int32(33)]
30,appear,[],[np.int32(34)]
30,appear,[],[np.int32(35)]
30,appear,[],[np.int32(38)]
30,appear,[],[np.int32(40)]
30,appear,[],[np.int32(42)]
30,appear,[],[np.int32(43)]
30,appear,[],[np.int32(44)]
30,appear,[],[np.int32(46)]
30,appear,[],[np.int32(47)]
30,appear,[],[np.int32(48)]
30,merge,"[np.int64(35), np.int64(45)]",[np.int32(50)]
30,appear,[],[np.int32(51)]
30,appear,[],[np.int32(52)]
30,appear,[],[np.int32(53)]
30,appear,[],[np.int32(55)]
30,appear,[],[np.int32(57)]
30,appear,[],[np.int32(58)]
30,appear,[],[np.int32(59)]
30,appear,[],[np.int32(60)]
30,appear,[],[np.int32(63)]
30,appear,[],[np.int32(64)]
30,appear,[],[np.int32(65)]
30,appear,[],[np.int32(67)]
30,appear,[],[np.int32(68)]
30,appear,[],[np.int32(69)]
30,appear,[],[np.int32(71)]
30,appear,[],[np.int32(72)]
30,appear,[],[np.int32(73)]
30,appear,[],[np.int32(74)]
30,appear,[],[np.int32(76)]
30,appear,[],[np.int32(77)]
30,appear,[],[np.int32(78)]
30,appear,[],[np.int32(79)]
30,appear,[],[np.int32(81)]
30,appear,[],[np.int32(82)]
30,appear,[],[np.int32(83)]
30,appear,[],[np.int32(84)]
30,appear,[],[np.int32(86)]
30,appear,[],[np.int32(87)]
30,appear,[],[np.int32(88)]
30,appear,[],[np.int32(89)]
30,appear,[],[np.int32(90)]
30,appear,[],[np.int32(91)]
30,appear,[],[np.int32(92)]
30,appear,[],[np.int32(93)]
30,appear,[],[np.int32(96)]
30,appear,[],[np.int32(97)]
30,appear,[],[np.int32(98)]
30,appear,[],[np.int32(99)]
30,appear,[],[np.int32(101)]
30,appear,[],[np.int32(102)]
30,appear,[],[np.int32(104)]
30,appear,[],[np.int32(105)]
30,appear,[],[np.int32(106)]
30,appear,[],[np.int32(107)]
30,appear,[],[np.int32(108)]
30,appear,[],[np.int32(109)]
30,appear,[],[np.int32(110)]
30,appear,[],[np.int32(111)]
30,appear,[],[np.int32(114)]
30,appear,[],[np.int32(115)]
30,appear,[],[np.int32(116)]
30,appear,[],[np.int32(117)]
30,appear,[],[np.int32(118)]
30,appear,[],[np.int32(123)]
30,appear,[],[np.int32(125)]
30,appear,[],[np.int32(127)]
30,appear,[],[np.int32(130)]
30,appear,[],[np.int32(131)]
30,appear,[],[np.int32(133)]
30,appear,[],[np.int32(135)]
30,appear,[],[np.int32(137)]
30,appear,[],[np.int32(140)]
30,appear,[],[np.int32(141)]
30,appear,[],[np.int32(142)]
30,appear,[],[np.int32(143)]
30,appear,[],[np.int32(144)]
30,appear,[],[np.int32(145)]
30,appear,[],[np.int32(146)]
30,appear,[],[np.int32(147)]
30,appear,[],[np.int32(148)]
30,appear,[],[np.int32(150)]
30,appear,[],[np.int32(151)]
30,appear,[],[np.int32(152)]
30,appear,[],[np.int32(153)]
30,appear,[],[np.int32(154)]
30,appear,[],[np.int32(156)]
30,appear,[],[np.int32(160)]
30,appear,[],[np.int32(162)]
30,appear,[],[np.int32(163)]
30,appear,[],[np.int32(165)]
30,appear,[],[np.int32(168)]
30,appear,[],[np.int32(169)]
30,appear,[],[np.int32(171)]
30,appear,[],[np.int32(173)]
30,appear,[],[np.int32(174)]
30,appear,[],[np.int32(175)]
30,appear,[],[np.int32(176)]
30,appear,[],[np.int32(177)]
30,appear,[],[np.int32(179)]
30,appear,[],[np.int32(180)]
30,appear,[],[np.int32(181)]
30,appear,[],[np.int32(182)]
30,appear,[],[np.int32(183)]
30,appear,[],[np.int32(184)]
30,appear,[],[np.int32(185)]
30,appear,[],[np.int32(187)]
30,appear,[],[np.int32(188)]
30,appear,[],[np.int32(189)]
30,appear,[],[np.int32(192)]
30,appear,[],[np.int32(193)]
30,appear,[],[np.int32(194)]
30,appear,[],[np.int32(195)]
30,appear,[],[np.int32(199)]
30,appear,[],[np.int32(200)]
30,appear,[],[np.int32(202)]
30,appear,[],[np.int32(203)]
30,appear,[],[np.int32(204)]
30,appear,[],[np.int32(207)]
30,appear,[],[np.int32(209)]
30,appear,[],[np.int32(210)]
30,appear,[],[np.int32(213)]
30,appear,[],[np.int32(214)]
30,appear,[],[np.int32(215)]
30,disappear,[np.int32(3)],[]
30,disappear,[np.int32(4)],[]
30,disappear,[np.int32(7)],[]
30,disappear,[np.int32(10)],[]
30,disappear,[np.int32(13)],[]
30,disappear,[np.int32(14)],[]
30,disappear,[np.int32(16)],[]
30,disappear,[np.int32(20)],[]
30,disappear,[np.int32(21)],[]
30,disappear,[np.int32(22)],[]
30,disappear,[np.int32(23)],[]
30,disappear,[np.int32(25)],[]
30,disappear,[np.int32(27)],[]
30,disappear,[np.int32(28)],[]
30,disappear,[np.int32(29)],[]
30,disappear,[np.int32(33)],[]
30,disappear,[np.int32(39)],[]
30,disappear,[np.int32(40)],[]
30,disappear,[np.int32(41)],[]
30,disappear,[np.int32(42)],[]
30,disappear,[np.int32(44)],[]
30,disappear,[np.int32(48)],[]
30,disappear,[np.int32(49)],[]
30,disappear,[np.int32(50)],[]
30,disappear,[np.int32(52)],[]
30,disappear,[np.int32(54)],[]
30,disappear,[np.int32(55)],[]
30,disappear,[np.int32(58)],[]
30,disappear,[np.int32(59)],[]
30,disappear,[np.int32(60)],[]
30,disappear,[np.int32(61)],[]
30,disappear,[np.int32(62)],[]
30,disappear,[np.int32(65)],[]
30,disappear,[np.int32(66)],[]
30,disappear,[np.int32(67)],[]
30,disappear,[np.int32(68)],[]
30,disappear,[np.int32(69)],[]
30,disappear,[np.int32(71)],[]
30,disappear,[np.int32(73)],[]
30,disappear,[np.int32(77)],[]
30,disappear,[np.int32(79)],[]
30,disappear,[np.int32(81)],[]
30,split,[np.int32(82)],"[np.int64(122), np.int64(128)]"
30,disappear,[np.int32(85)],[]
30,disappear,[np.int32(87)],[]
30,disappear,[np.int32(90)],[]
30,disappear,[np.int32(92)],[]
30,disappear,[np.int32(94)],[]
30,disappear,[np.int32(96)],[]
30,disappear,[np.int32(99)],[]
30,disappear,[np.int32(101)],[]
30,disappear,[np.int32(108)],[]
30,disappear,[np.int32(110)],[]
30,disappear,[np.int32(111)],[]
30,disappear,[np.int32(112)],[]
30,disappear,[np.int32(113)],[]
30,disappear,[np.int32(114)],[]
30,disappear,[np.int32(115)],[]
30,disappear,[np.int32(117)],[]
30,disappear,[np.int32(118)],[]
30,disappear,[np.int32(119)],[]
30,disappear,[np.int32(120)],[]
30,disappear,[np.int32(122)],[]
30,disappear,[np.int32(123)],[]
30,disappear,[np.int32(125)],[]
30,disappear,[np.int32(130)],[]
30,disappear,[np.int32(131)],[]
30,disappear,[np.int32(132)],[]
30,disappear,[np.int32(133)],[]
30,disappear,[np.int32(134)],[]
30,disappear,[np.int32(135)],[]
40,appear,[],[np.int32(1)]
40,appear,[],[np.int32(2)]
40,appear,[],[np.int32(3)]
40,appear,[],[np.int32(4)]
40,appear,[],[np.int32(5)]
40,appear,[],[np.int32(6)]
40,appear,[],[np.int32(7)]
40,appear,[],[np.int32(8)]
40,appear,[],[np.int32(10)]
40,appear,[],[np.int32(14)]
40,appear,[],[np.int32(16)]
40,appear,[],[np.int32(17)]
40,appear,[],[np.int32(19)]
40,appear,[],[np.int32(20)]
40,appear,[],[np.int32(22)]
40,appear,[],[np.int32(23)]
40,appear,[],[np.int32(24)]
40,appear,[],[np.int32(25)]
40,appear,[],[np.int32(26)]
40,appear,[],[np.int32(27)]
40,appear,[],[np.int32(29)]
40,appear,[],[np.int32(31)]
40,appear,[],[np.int32(32)]
40,appear,[],[np.int32(33)]
40,appear,[],[np.int32(34)]
40,appear,[],[np.int32(36)]
40,appear,[],[np.int32(37)]
40,appear,[],[np.int32(39)]
40,appear,[],[np.int32(42)]
40,appear,[],[np.int32(44)]
40,appear,[],[np.int32(45)]
40,appear,[],[np.int32(46)]
40,appear,[],[np.int32(47)]
40,appear,[],[np.int32(50)]
40,appear,[],[np.int32(51)]
40,appear,[],[np.int32(52)]
40,appear,[],[np.int32(55)]
40,appear,[],[np.int32(56)]
40,appear,[],[np.int32(58)]
40,appear,[],[np.int32(59)]
40,appear,[],[np.int32(64)]
40,appear,[],[np.int32(65)]
40,appear,[],[np.int32(66)]
40,appear,[],[np.int32(70)]
40,appear,[],[np.int32(73)]
40,appear,[],[np.int32(80)]
40,appear,[],[np.int32(83)]
40,appear,[],[np.int32(84)]
40,appear,[],[np.int32(87)]
40,appear,[],[np.int32(91)]
40,appear,[],[np.int32(92)]
40,appear,[],[np.int32(93)]
40,appear,[],[np.int32(94)]
40,appear,[],[np.int32(95)]
40,appear,[],[np.int32(96)]
40,appear,[],[np.int32(99)]
40,appear,[],[np.int32(100)]
40,appear,[],[np.int32(101)]
40,appear,[],[np.int32(102)]
40,appear,[],[np.int32(105)]
40,appear,[],[np.int32(106)]
40,appear,[],[np.int32(107)]
40,appear,[],[np.int32(109)]
40,appear,[],[np.int32(111)]
40,appear,[],[np.int32(112)]
40,appear,[],[np.int32(113)]
40,appear,[],[np.int32(115)]
40,appear,[],[np.int32(116)]
40,appear,[],[np.int32(119)]
40,appear,[],[np.int32(121)]
40,appear,[],[np.int32(124)]
40,appear,[],[np.int32(125)]
40,appear,[],[np.int32(126)]
40,appear,[],[np.int32(127)]
40,appear,[],[np.int32(128)]
40,appear,[],[np.int32(129)]
40,appear,[],[np.int32(131)]
40,appear,[],[np.int32(132)]
40,appear,[],[np.int32(133)]
40,appear,[],[np.int32(134)]
40,appear,[],[np.int32(137)]
40,appear,[],[np.int32(141)]
40,appear,[],[np.int32(143)]
40,appear,[],[np.int32(144)]
40,appear,[],[np.int32(145)]
40,merge,"[np.int64(110), np.int64(117)]",[np.int32(147)]
40,appear,[],[np.int32(148)]
40,appear,[],[np.int32(150)]
40,appear,[],[np.int32(151)]
40,appear,[],[np.int32(153)]
40,appear,[],[np.int32(154)]
40,appear,[],[np.int32(155)]
40,merge,"[np.int64(122), np.int64(128)]",[np.int32(157)]
40,appear,[],[np.int32(158)]
40,appear,[],[np.int32(160)]
40,appear,[],[np.int32(161)]
40,appear,[],[np.int32(162)]
40,appear,[],[np.int32(163)]
40,appear,[],[np.int32(164)]
40,appear,[],[np.int32(165)]
40,appear,[],[np.int32(166)]
40,appear,[],[np.int32(168)]
40,appear,[],[np.int32(169)]
40,appear,[],[np.int32(170)]
40,appear,[],[np.int32(171)]
40,appear,[],[np.int32(172)]
40,appear,[],[np.int32(173)]
40,appear,[],[np.int32(174)]
40,appear,[],[np.int32(176)]
40,appear,[],[np.int32(177)]
40,appear,[],[np.int32(178)]
40,appear,[],[np.int32(180)]
40,appear,[],[np.int32(182)]
40,appear,[],[np.int32(183)]
40,appear,[],[np.int32(184)]
40,appear,[],[np.int32(187)]
40,appear,[],[np.int32(191)]
40,appear,[],[np.int32(194)]
40,appear,[],[np.int32(195)]
40,appear,[],[np.int32(196)]
40,appear,[],[np.int32(197)]
40,appear,[],[np.int32(199)]
40,appear,[],[np.int32(200)]
40,appear,[],[np.int32(204)]
40,appear,[],[np.int32(205)]
40,appear,[],[np.int32(210)]
40,appear,[],[np.int32(211)]
40,appear,[],[np.int32(213)]
40,appear,[],[np.int32(214)]
40,appear,[],[np.int32(216)]
40,appear,[],[np.int32(219)]
40,appear,[],[np.int32(222)]
40,appear,[],[np.int32(223)]
40,appear,[],[np.int32(224)]
40,appear,[],[np.int32(227)]
40,appear,[],[np.int32(228)]
40,appear,[],[np.int32(230)]
40,appear,[],[np.int32(231)]
40,appear,[],[np.int32(233)]
40,appear,[],[np.int32(234)]
40,appear,[],[np.int32(235)]
40,appear,[],[np.int32(236)]
40,appear,[],[np.int32(238)]
40,appear,[],[np.int32(239)]
40,appear,[],[np.int32(241)]
40,appear,[],[np.int32(242)]
40,appear,[],[np.int32(244)]
40,appear,[],[np.int32(245)]
40,appear,[],[np.int32(248)]
40,appear,[],[np.int32(249)]
40,appear,[],[np.int32(258)]
40,appear,[],[np.int32(259)]
40,appear,[],[np.int32(263)]
40,appear,[],[np.int32(266)]
40,appear,[],[np.int32(267)]
40,appear,[],[np.int32(268)]
40,appear,[],[np.int32(269)]
40,appear,[],[np.int32(270)]
40,appear,[],[np.int32(271)]
40,appear,[],[np.int32(273)]
40,appear,[],[np.int32(274)]
40,appear,[],[np.int32(276)]
40,appear,[],[np.int32(277)]
40,appear,[],[np.int32(278)]
40,appear,[],[np.int32(280)]
40,appear,[],[np.int32(284)]
40,appear,[],[np.int32(285)]
40,appear,[],[np.int32(287)]
40,appear,[],[np.int32(288)]
40,appear,[],[np.int32(289)]
40,disappear,[np.int32(1)],[]
40,disappear,[np.int32(2)],[]
40,disappear,[np.int32(4)],[]
40,disappear,[np.int32(5)],[]
40,disappear,[np.int32(8)],[]
40,disappear,[np.int32(11)],[]
40,disappear,[np.int32(12)],[]
40,disappear,[np.int32(15)],[]
40,disappear,[np.int32(16)],[]
40,disappear,[np.int32(17)],[]
40,disappear,[np.int32(18)],[]
40,disappear,[np.int32(19)],[]
40,disappear,[np.int32(20)],[]
40,disappear,[np.int32(23)],[]
40,disappear,[np.int32(24)],[]
40,disappear,[np.int32(25)],[]
40,disappear,[np.int32(28)],[]
40,disappear,[np.int32(30)],[]
40,disappear,[np.int32(31)],[]
40,disappear,[np.int32(33)],[]
40,disappear,[np.int32(35)],[]
40,disappear,[np.int32(37)],[]
40,disappear,[np.int32(38)],[]
40,disappear,[np.int32(40)],[]
40,disappear,[np.int32(42)],[]
40,disappear,[np.int32(44)],[]
40,disappear,[np.int32(45)],[]
40,disappear,[np.int32(46)],[]
40,disappear,[np.int32(47)],[]
40,disappear,[np.int32(49)],[]
40,disappear,[np.int32(51)],[]
40,split,[np.int32(54)],"[np.int64(62), np.int64(75)]"
40,disappear,[np.int32(59)],[]
40,disappear,[np.int32(61)],[]
40,disappear,[np.int32(62)],[]
40,disappear,[np.int32(63)],[]
40,disappear,[np.int32(65)],[]
40,split,[np.int32(67)],"[np.int64(71), np.int64(89)]"
40,disappear,[np.int32(72)],[]
40,disappear,[np.int32(74)],[]
40,disappear,[np.int32(75)],[]
40,disappear,[np.int32(79)],[]
40,disappear,[np.int32(82)],[]
40,disappear,[np.int32(87)],[]
40,disappear,[np.int32(90)],[]
40,disappear,[np.int32(93)],[]
40,disappear,[np.int32(95)],[]
40,disappear,[np.int32(97)],[]
40,disappear,[np.int32(99)],[]
40,disappear,[np.int32(102)],[]
40,disappear,[np.int32(104)],[]
40,disappear,[np.int32(105)],[]
40,disappear,[np.int32(107)],[]
40,disappear,[np.int32(113)],[]
40,disappear,[np.int32(114)],[]
40,disappear,[np.int32(116)],[]
40,disappear,[np.int32(118)],[]
40,disappear,[np.int32(121)],[]
40,disappear,[np.int32(124)],[]
40,disappear,[np.int32(125)],[]
40,disappear,[np.int32(126)],[]
40,disappear,[np.int32(127)],[]
40,disappear,[np.int32(129)],[]
40,disappear,[np.int32(130)],[]
40,disappear,[np.int32(133)],[]
40,disappear,[np.int32(135)],[]
40,disappear,[np.int32(136)],[]
40,disappear,[np.int32(138)],[]
40,disappear,[np.int32(144)],[]
40,disappear,[np.int32(147)],[]
40,disappear,[np.int32(148)],[]
40,disappear,[np.int32(154)],[]
40,disappear,[np.int32(159)],[]
40,disappear,[np.int32(160)],[]
40,disappear,[np.int32(163)],[]
40,disappear,[np.int32(168)],[]
40,disappear,[np.int32(170)],[]
40,disappear,[np.int32(172)],[]
40,disappear,[np.int32(173)],[]
40,disappear,[np.int32(177)],[]
40,disappear,[np.int32(180)],[]
40,disappear,[np.int32(181)],[]
40,disappear,[np.int32(184)],[]
40,disappear,[np.int32(185)],[]
40,disappear,[np.int32(187)],[]
40,split,[np.int32(189)],"[np.int64(253), np.int64(264)]"
40,disappear,[np.int32(190)],[]
40,disappear,[np.int32(191)],[]
40,disappear,[np.int32(194)],[]
40,disappear,[np.int32(199)],[]
40,disappear,[np.int32(202)],[]
40,disappear,[np.int32(205)],[]
40,disappear,[np.int32(206)],[]
40,disappear,[np.int32(207)],[]
40,disappear,[np.int32(209)],[]
40,disappear,[np.int32(211)],[]
40,disappear,[np.int32(214)],[]
40,disappear,[np.int32(215)],[]
50,appear,[],[np.int32(1)]
50,appear,[],[np.int32(3)]
50,appear,[],[np.int32(4)]
50,appear,[],[np.int32(5)]
50,appear,[],[np.int32(7)]
50,appear,[],[np.int32(8)]
50,appear,[],[np.int32(12)]
50,appear,[],[np.int32(14)]
50,appear,[],[np.int32(16)]
50,appear,[],[np.int32(18)]
50,appear,[],[np.int32(19)]
50,appear,[],[np.int32(20)]
50,appear,[],[np.int32(21)]
50,appear,[],[np.int32(22)]
50,appear,[],[np.int32(23)]
50,appear,[],[np.int32(24)]
50,appear,[],[np.int32(27)]
50,appear,[],[np.int32(30)]
50,appear,[],[np.int32(33)]
50,appear,[],[np.int32(35)]
50,appear,[],[np.int32(36)]
50,appear,[],[np.int32(37)]
50,appear,[],[np.int32(38)]
50,appear,[],[np.int32(39)]
50,appear,[],[np.int32(41)]
50,appear,[],[np.int32(43)]
50,appear,[],[np.int32(46)]
50,appear,[],[np.int32(47)]
50,appear,[],[np.int32(48)]
50,appear,[],[np.int32(55)]
50,appear,[],[np.int32(57)]
50,appear,[],[np.int32(59)]
50,appear,[],[np.int32(60)]
50,appear,[],[np.int32(62)]
50,appear,[],[np.int32(64)]
50,appear,[],[np.int32(75)]
50,appear,[],[np.int32(78)]
50,appear,[],[np.int32(80)]
50,appear,[],[np.int32(81)]
50,appear,[],[np.int32(82)]
50,appear,[],[np.int32(87)]
50,appear,[],[np.int32(88)]
50,merge,"[np.int64(81), np.int64(88)]",[np.int32(93)]
50,appear,[],[np.int32(94)]
50,appear,[],[np.int32(98)]
50,appear,[],[np.int32(99)]
50,appear,[],[np.int32(100)]
50,appear,[],[np.int32(101)]
50,appear,[],[np.int32(103)]
50,appear,[],[np.int32(106)]
50,appear,[],[np.int32(107)]
50,appear,[],[np.int32(110)]
50,appear,[],[np.int32(111)]
50,appear,[],[np.int32(112)]
50,appear,[],[np.int32(113)]
50,appear,[],[np.int32(117)]
50,appear,[],[np.int32(121)]
50,appear,[],[np.int32(123)]
50,appear,[],[np.int32(125)]
50,appear,[],[np.int32(127)]
50,appear,[],[np.int32(130)]
50,appear,[],[np.int32(131)]
50,appear,[],[np.int32(132)]
50,appear,[],[np.int32(134)]
50,appear,[],[np.int32(140)]
50,appear,[],[np.int32(144)]
50,appear,[],[np.int32(146)]
50,merge,"[np.int64(132), np.int64(137)]",[np.int32(148)]
50,appear,[],[np.int32(150)]
50,appear,[],[np.int32(152)]
50,appear,[],[np.int32(154)]
50,appear,[],[np.int32(155)]
50,appear,[],[np.int32(156)]
50,appear,[],[np.int32(157)]
50,appear,[],[np.int32(160)]
50,appear,[],[np.int32(162)]
50,appear,[],[np.int32(163)]
50,appear,[],[np.int32(167)]
50,appear,[],[np.int32(168)]
50,appear,[],[np.int32(169)]
50,appear,[],[np.int32(171)]
50,appear,[],[np.int32(172)]
50,appear,[],[np.int32(173)]
50,appear,[],[np.int32(177)]
50,appear,[],[np.int32(179)]
50,appear,[],[np.int32(183)]
50,appear,[],[np.int32(185)]
50,appear,[],[np.int32(186)]
50,appear,[],[np.int32(187)]
50,appear,[],[np.int32(188)]
50,appear,[],[np.int32(190)]
50,appear,[],[np.int32(195)]
50,appear,[],[np.int32(197)]
50,appear,[],[np.int32(198)]
50,appear,[],[np.int32(199)]
50,appear,[],[np.int32(202)]
50,appear,[],[np.int32(203)]
50,appear,[],[np.int32(205)]
50,appear,[],[np.int32(215)]
50,appear,[],[np.int32(217)]
50,appear,[],[np.int32(218)]
50,appear,[],[np.int32(219)]
50,appear,[],[np.int32(220)]
50,appear,[],[np.int32(221)]
50,appear,[],[np.int32(227)]
50,appear,[],[np.int32(231)]
50,appear,[],[np.int32(235)]
50,appear,[],[np.int32(236)]
50,appear,[],[np.int32(238)]
50,merge,"[np.int64(213), np.int64(234)]",[np.int32(246)]
50,appear,[],[np.int32(248)]
50,appear,[],[np.int32(254)]
50,appear,[],[np.int32(255)]
50,appear,[],[np.int32(256)]
50,appear,[],[np.int32(260)]
50,appear,[],[np.int32(262)]
50,appear,[],[np.int32(263)]
50,appear,[],[np.int32(265)]
50,appear,[],[np.int32(266)]
50,appear,[],[np.int32(269)]
50,appear,[],[np.int32(270)]
50,appear,[],[np.int32(274)]
50,appear,[],[np.int32(279)]
50,appear,[],[np.int32(280)]
50,appear,[],[np.int32(281)]
50,appear,[],[np.int32(282)]
50,appear,[],[np.int32(285)]
50,appear,[],[np.int32(287)]
50,appear,[],[np.int32(289)]
50,appear,[],[np.int32(291)]
50,appear,[],[np.int32(294)]
50,appear,[],[np.int32(298)]
50,appear,[],[np.int32(303)]
50,appear,[],[np.int32(304)]
50,appear,[],[np.int32(305)]
50,appear,[],[np.int32(306)]
50,appear,[],[np.int32(307)]
50,appear,[],[np.int32(310)]
50,appear,[],[np.int32(311)]
50,appear,[],[np.int32(312)]
50,appear,[],[np.int32(317)]
50,appear,[],[np.int32(318)]
50,appear,[],[np.int32(321)]
50,appear,[],[np.int32(322)]
50,appear,[],[np.int32(323)]
50,appear,[],[np.int32(324)]
50,appear,[],[np.int32(327)]
50,disappear,[np.int32(3)],[]
50,disappear,[np.int32(5)],[]
50,disappear,[np.int32(7)],[]
50,disappear,[np.int32(8)],[]
50,disappear,[np.int32(10)],[]
50,disappear,[np.int32(11)],[]
50,disappear,[np.int32(12)],[]
50,disappear,[np.int32(16)],[]
50,disappear,[np.int32(17)],[]
50,disappear,[np.int32(18)],[]
50,disappear,[np.int32(21)],[]
50,disappear,[np.int32(26)],[]
50,disappear,[np.int32(28)],[]
50,disappear,[np.int32(29)],[]
50,disappear,[np.int32(32)],[]
50,disappear,[np.int32(34)],[]
50,disappear,[np.int32(36)],[]
50,disappear,[np.int32(39)],[]
50,disappear,[np.int32(41)],[]
50,disappear,[np.int32(42)],[]
50,disappear,[np.int32(45)],[]
50,disappear,[np.int32(46)],[]
50,split,[np.int32(47)],"[np.int64(56), np.int64(58)]"
50,disappear,[np.int32(49)],[]
50,disappear,[np.int32(50)],[]
50,disappear,[np.int32(51)],[]
50,disappear,[np.int32(54)],[]
50,disappear,[np.int32(55)],[]
50,disappear,[np.int32(65)],[]
50,disappear,[np.int32(69)],[]
50,disappear,[np.int32(73)],[]
50,disappear,[np.int32(80)],[]
50,disappear,[np.int32(84)],[]
50,disappear,[np.int32(87)],[]
50,disappear,[np.int32(89)],[]
50,disappear,[np.int32(91)],[]
50,disappear,[np.int32(93)],[]
50,disappear,[np.int32(94)],[]
50,disappear,[np.int32(96)],[]
50,disappear,[np.int32(100)],[]
50,disappear,[np.int32(102)],[]
50,disappear,[np.int32(103)],[]
50,disappear,[np.int32(107)],[]
50,disappear,[np.int32(108)],[]
50,disappear,[np.int32(112)],[]
50,disappear,[np.int32(116)],[]
50,split,[np.int32(119)],"[np.int64(133), np.int64(137)]"
50,disappear,[np.int32(121)],[]
50,disappear,[np.int32(125)],[]
50,disappear,[np.int32(127)],[]
50,disappear,[np.int32(129)],[]
50,disappear,[np.int32(133)],[]
50,disappear,[np.int32(139)],[]
50,disappear,[np.int32(141)],[]
50,disappear,[np.int32(142)],[]
50,disappear,[np.int32(143)],[]
50,disappear,[np.int32(144)],[]
50,disappear,[np.int32(145)],[]
50,disappear,[np.int32(148)],[]
50,disappear,[np.int32(149)],[]
50,disappear,[np.int32(151)],[]
50,disappear,[np.int32(152)],[]
50,disappear,[np.int32(156)],[]
50,disappear,[np.int32(158)],[]
50,disappear,[np.int32(160)],[]
50,disappear,[np.int32(162)],[]
50,disappear,[np.int32(163)],[]
50,disappear,[np.int32(166)],[]
50,disappear,[np.int32(168)],[]
50,disappear,[np.int32(169)],[]
50,disappear,[np.int32(171)],[]
50,disappear,[np.int32(172)],[]
50,disappear,[np.int32(173)],[]
50,disappear,[np.int32(174)],[]
50,disappear,[np.int32(176)],[]
50,disappear,[np.int32(177)],[]
50,disappear,[np.int32(178)],[]
50,disappear,[np.int32(179)],[]
50,disappear,[np.int32(181)],[]
50,disappear,[np.int32(185)],[]
50,disappear,[np.int32(195)],[]
50,disappear,[np.int32(196)],[]
50,disappear,[np.int32(197)],[]
50,disappear,[np.int32(198)],[]
50,disappear,[np.int32(200)],[]
50,disappear,[np.int32(203)],[]
50,split,[np.int32(206)],"[np.int64(216), np.int64(237)]"
50,split,[np.int32(213)],"[np.int64(232), np.int64(246)]"
50,disappear,[np.int32(215)],[]
50,disappear,[np.int32(216)],[]
50,disappear,[np.int32(218)],[]
50,disappear,[np.int32(220)],[]
50,disappear,[np.int32(222)],[]
50,disappear,[np.int32(223)],[]
50,disappear,[np.int32(224)],[]
50,disappear,[np.int32(227)],[]
50,split,[np.int32(228)],"[np.int64(240), np.int64(250)]"
50,disappear,[np.int32(233)],[]
50,disappear,[np.int32(237)],[]
50,disappear,[np.int32(238)],[]
50,disappear,[np.int32(242)],[]
50,disappear,[np.int32(248)],[]
50,disappear,[np.int32(250)],[]
50,disappear,[np.int32(254)],[]
50,disappear,[np.int32(255)],[]
50,disappear,[np.int32(258)],[]
50,disappear,[np.int32(259)],[]
50,split,[np.int32(262)],"[np.int64(286), np.int64(302)]"
50,disappear,[np.int32(263)],[]
50,disappear,[np.int32(270)],[]
50,split,[np.int32(272)],"[np.int64(295), np.int64(300)]"
50,disappear,[np.int32(273)],[]
50,disappear,[np.int32(274)],[]
50,disappear,[np.int32(275)],[]
50,disappear,[np.int32(285)],[]
50,disappear,[np.int32(286)],[]
50,disappear,[np.int32(288)],[]
60,appear,[],[np.int32(2)]
60,appear,[],[np.int32(3)]
60,appear,[],[np.int32(4)]
60,appear,[],[np.int32(5)]
60,appear,[],[np.int32(8)]
60,appear,[],[np.int32(9)]
60,appear,[],[np.int32(10)]
60,appear,[],[np.int32(11)]
60,appear,[],[np.int32(13)]
60,appear,[],[np.int32(16)]
60,appear,[],[np.int32(17)]
60,appear,[],[np.int32(21)]
60,appear,[],[np.int32(23)]
60,appear,[],[np.int32(25)]
60,appear,[],[np.int32(26)]
60,appear,[],[np.int32(27)]
60,appear,[],[np.int32(36)]
60,appear,[],[np.int32(39)]
60,appear,[],[np.int32(40)]
60,appear,[],[np.int32(42)]
60,appear,[],[np.int32(44)]
60,appear,[],[np.int32(45)]
60,appear,[],[np.int32(52)]
60,appear,[],[np.int32(55)]
60,appear,[],[np.int32(56)]
60,appear,[],[np.int32(59)]
60,appear,[],[np.int32(62)]
60,appear,[],[np.int32(63)]
60,appear,[],[np.int32(68)]
60,appear,[],[np.int32(69)]
60,appear,[],[np.int32(70)]
60,appear,[],[np.int32(71)]
60,appear,[],[np.int32(73)]
60,appear,[],[np.int32(74)]
60,appear,[],[np.int32(75)]
60,appear,[],[np.int32(79)]
60,appear,[],[np.int32(81)]
60,appear,[],[np.int32(83)]
60,appear,[],[np.int32(85)]
60,appear,[],[np.int32(91)]
60,appear,[],[np.int32(96)]
60,appear,[],[np.int32(97)]
60,appear,[],[np.int32(101)]
60,appear,[],[np.int32(107)]
60,appear,[],[np.int32(108)]
60,merge,"[np.int64(97), np.int64(123)]",[np.int32(113)]
60,appear,[],[np.int32(114)]
60,appear,[],[np.int32(116)]
60,appear,[],[np.int32(117)]
60,appear,[],[np.int32(124)]
60,appear,[],[np.int32(129)]
60,appear,[],[np.int32(133)]
60,appear,[],[np.int32(135)]
60,appear,[],[np.int32(136)]
60,appear,[],[np.int32(139)]
60,appear,[],[np.int32(140)]
60,appear,[],[np.int32(141)]
60,appear,[],[np.int32(143)]
60,appear,[],[np.int32(148)]
60,appear,[],[np.int32(149)]
60,appear,[],[np.int32(151)]
60,appear,[],[np.int32(153)]
60,appear,[],[np.int32(154)]
60,appear,[],[np.int32(161)]
60,appear,[],[np.int32(162)]
60,appear,[],[np.int32(165)]
60,appear,[],[np.int32(170)]
60,appear,[],[np.int32(171)]
60,merge,"[np.int64(155), np.int64(165)]",[np.int32(172)]
60,appear,[],[np.int32(174)]
60,appear,[],[np.int32(175)]
60,appear,[],[np.int32(178)]
60,appear,[],[np.int32(180)]
60,appear,[],[np.int32(183)]
60,appear,[],[np.int32(186)]
60,appear,[],[np.int32(188)]
60,appear,[],[np.int32(189)]
60,appear,[],[np.int32(190)]
60,appear,[],[np.int32(195)]
60,appear,[],[np.int32(200)]
60,appear,[],[np.int32(201)]
60,appear,[],[np.int32(204)]
60,appear,[],[np.int32(205)]
60,appear,[],[np.int32(209)]
60,appear,[],[np.int32(212)]
60,appear,[],[np.int32(213)]
60,appear,[],[np.int32(214)]
60,appear,[],[np.int32(215)]
60,appear,[],[np.int32(221)]
60,appear,[],[np.int32(223)]
60,appear,[],[np.int32(224)]
60,appear,[],[np.int32(227)]
60,appear,[],[np.int32(228)]
60,appear,[],[np.int32(230)]
60,appear,[],[np.int32(233)]
60,appear,[],[np.int32(234)]
60,appear,[],[np.int32(236)]
60,appear,[],[np.int32(237)]
60,appear,[],[np.int32(238)]
60,appear,[],[np.int32(241)]
60,appear,[],[np.int32(244)]
60,appear,[],[np.int32(247)]
60,appear,[],[np.int32(248)]
60,appear,[],[np.int32(251)]
60,appear,[],[np.int32(257)]
60,appear,[],[np.int32(259)]
60,appear,[],[np.int32(264)]
60,appear,[],[np.int32(266)]
60,appear,[],[np.int32(269)]
60,appear,[],[np.int32(270)]
60,merge,"[np.int64(235), np.int64(237)]",[np.int32(271)]
60,appear,[],[np.int32(273)]
60,appear,[],[np.int32(277)]
60,appear,[],[np.int32(283)]
60,appear,[],[np.int32(284)]
60,appear,[],[np.int32(286)]
60,appear,[],[np.int32(289)]
60,appear,[],[np.int32(290)]
60,appear,[],[np.int32(292)]
60,appear,[],[np.int32(301)]
60,appear,[],[np.int32(303)]
60,appear,[],[np.int32(304)]
60,appear,[],[np.int32(310)]
60,appear,[],[np.int32(314)]
60,appear,[],[np.int32(317)]
60,merge,"[np.int64(283), np.int64(287)]",[np.int32(318)]
60,appear,[],[np.int32(321)]
60,appear,[],[np.int32(322)]
60,appear,[],[np.int32(326)]
60,appear,[],[np.int32(332)]
60,appear,[],[np.int32(333)]
60,appear,[],[np.int32(334)]
60,appear,[],[np.int32(335)]
60,merge,"[np.int64(302), np.int64(308)]",[np.int32(337)]
60,merge,"[np.int64(304), np.int64(311)]",[np.int32(338)]
60,appear,[],[np.int32(339)]
60,appear,[],[np.int32(341)]
60,appear,[],[np.int32(343)]
60,appear,[],[np.int32(344)]
60,appear,[],[np.int32(350)]
60,appear,[],[np.int32(352)]
60,appear,[],[np.int32(353)]
60,appear,[],[np.int32(357)]
60,disappear,[np.int32(1)],[]
60,disappear,[np.int32(2)],[]
60,disappear,[np.int32(4)],[]
60,disappear,[np.int32(6)],[]
60,disappear,[np.int32(8)],[]
60,disappear,[np.int32(12)],[]
60,disappear,[np.int32(16)],[]
60,disappear,[np.int32(21)],[]
60,disappear,[np.int32(25)],[]
60,disappear,[np.int32(26)],[]
60,disappear,[np.int32(30)],[]
60,disappear,[np.int32(31)],[]
60,disappear,[np.int32(36)],[]
60,disappear,[np.int32(41)],[]
60,disappear,[np.int32(45)],[]
60,disappear,[np.int32(47)],[]
60,disappear,[np.int32(48)],[]
60,disappear,[np.int32(53)],[]
60,disappear,[np.int32(54)],[]
60,disappear,[np.int32(58)],[]
60,disappear,[np.int32(61)],[]
60,disappear,[np.int32(63)],[]
60,disappear,[np.int32(64)],[]
60,disappear,[np.int32(66)],[]
60,disappear,[np.int32(68)],[]
60,disappear,[np.int32(74)],[]
60,disappear,[np.int32(79)],[]
60,disappear,[np.int32(81)],[]
60,disappear,[np.int32(83)],[]
60,disappear,[np.int32(92)],[]
60,split,[np.int32(93)],"[np.int64(106), np.int64(112)]"
60,disappear,[np.int32(98)],[]
60,disappear,[np.int32(99)],[]
60,disappear,[np.int32(100)],[]
60,disappear,[np.int32(101)],[]
60,disappear,[np.int32(102)],[]
60,disappear,[np.int32(103)],[]
60,disappear,[np.int32(104)],[]
60,disappear,[np.int32(110)],[]
60,disappear,[np.int32(112)],[]
60,disappear,[np.int32(114)],[]
60,disappear,[np.int32(115)],[]
60,disappear,[np.int32(120)],[]
60,disappear,[np.int32(126)],[]
60,disappear,[np.int32(127)],[]
60,disappear,[np.int32(128)],[]
60,disappear,[np.int32(130)],[]
60,disappear,[np.int32(131)],[]
60,disappear,[np.int32(139)],[]
60,disappear,[np.int32(143)],[]
60,split,[np.int32(144)],"[np.int64(156), np.int64(166)]"
60,split,[np.int32(148)],"[np.int64(160), np.int64(179)]"
60,disappear,[np.int32(156)],[]
60,disappear,[np.int32(157)],[]
60,disappear,[np.int32(158)],[]
60,disappear,[np.int32(168)],[]
60,disappear,[np.int32(173)],[]
60,disappear,[np.int32(179)],[]
60,disappear,[np.int32(181)],[]
60,split,[np.int32(184)],"[np.int64(211), np.int64(218)]"
60,disappear,[np.int32(185)],[]
60,disappear,[np.int32(188)],[]
60,disappear,[np.int32(191)],[]
60,disappear,[np.int32(192)],[]
60,disappear,[np.int32(193)],[]
60,disappear,[np.int32(195)],[]
60,disappear,[np.int32(196)],[]
60,split,[np.int32(197)],"[np.int64(222), np.int64(239)]"
60,disappear,[np.int32(199)],[]
60,disappear,[np.int32(202)],[]
60,disappear,[np.int32(205)],[]
60,disappear,[np.int32(208)],[]
60,split,[np.int32(214)],"[np.int64(252), np.int64(263), np.int64(268)]"
60,disappear,[np.int32(215)],[]
60,disappear,[np.int32(217)],[]
60,disappear,[np.int32(218)],[]
60,disappear,[np.int32(219)],[]
60,disappear,[np.int32(220)],[]
60,disappear,[np.int32(226)],[]
60,disappear,[np.int32(227)],[]
60,disappear,[np.int32(230)],[]
60,disappear,[np.int32(233)],[]
60,disappear,[np.int32(238)],[]
60,disappear,[np.int32(240)],[]
60,disappear,[np.int32(241)],[]
60,disappear,[np.int32(242)],[]
60,disappear,[np.int32(243)],[]
60,disappear,[np.int32(244)],[]
60,split,[np.int32(245)],"[np.int64(278), np.int64(293)]"
60,disappear,[np.int32(247)],[]
60,disappear,[np.int32(249)],[]
60,split,[np.int32(252)],"[np.int64(280), np.int64(299)]"
60,disappear,[np.int32(259)],[]
60,disappear,[np.int32(262)],[]
60,disappear,[np.int32(270)],[]
60,disappear,[np.int32(273)],[]
60,disappear,[np.int32(275)],[]
60,disappear,[np.int32(276)],[]
60,disappear,[np.int32(279)],[]
60,disappear,[np.int32(280)],[]
60,disappear,[np.int32(281)],[]
60,disappear,[np.int32(282)],[]
60,disappear,[np.int32(285)],[]
60,disappear,[np.int32(288)],[]
60,disappear,[np.int32(296)],[]
60,disappear,[np.int32(298)],[]
60,disappear,[np.int32(300)],[]
60,disappear,[np.int32(301)],[]
60,disappear,[np.int32(303)],[]
60,disappear,[np.int32(305)],[]
60,disappear,[np.int32(307)],[]
60,split,[np.int32(309)],"[np.int64(340), np.int64(354)]"
60,disappear,[np.int32(310)],[]
60,disappear,[np.int32(318)],[]
60,disappear,[np.int32(320)],[]
60,disappear,[np.int32(321)],[]
60,disappear,[np.int32(324)],[]
60,disappear,[np.int32(327)],[]
70,appear,[],[np.int32(1)]
70,appear,[],[np.int32(9)]
70,appear,[],[np.int32(10)]
70,appear,[],[np.int32(12)]
70,appear,[],[np.int32(17)]
70,appear,[],[np.int32(21)]
70,appear,[],[np.int32(23)]
70,appear,[],[np.int32(33)]
70,appear,[],[np.int32(35)]
70,appear,[],[np.int32(47)]
70,appear,[],[np.int32(49)]
70,appear,[],[np.int32(51)]
70,appear,[],[np.int32(53)]
70,appear,[],[np.int32(57)]
70,merge,"[np.int64(62), np.int64(63)]",[np.int32(61)]
70,appear,[],[np.int32(62)]
70,appear,[],[np.int32(63)]
70,appear,[],[np.int32(64)]
70,appear,[],[np.int32(66)]
70,appear,[],[np.int32(69)]
70,appear,[],[np.int32(74)]
70,appear,[],[np.int32(75)]
70,appear,[],[np.int32(76)]
70,appear,[],[np.int32(77)]
70,merge,"[np.int64(77), np.int64(86)]",[np.int32(78)]
70,appear,[],[np.int32(80)]
70,appear,[],[np.int32(82)]
70,appear,[],[np.int32(86)]
70,appear,[],[np.int32(87)]
70,appear,[],[np.int32(89)]
70,appear,[],[np.int32(92)]
70,appear,[],[np.int32(93)]
70,appear,[],[np.int32(94)]
70,appear,[],[np.int32(95)]
70,appear,[],[np.int32(103)]
70,appear,[],[np.int32(108)]
70,appear,[],[np.int32(113)]
70,appear,[],[np.int32(114)]
70,merge,"[np.int64(108), np.int64(112)]",[np.int32(118)]
70,appear,[],[np.int32(121)]
70,appear,[],[np.int32(132)]
70,appear,[],[np.int32(133)]
70,appear,[],[np.int32(134)]
70,merge,"[np.int64(130), np.int64(131)]",[np.int32(135)]
70,appear,[],[np.int32(136)]
70,appear,[],[np.int32(141)]
70,appear,[],[np.int32(142)]
70,appear,[],[np.int32(144)]
70,appear,[],[np.int32(147)]
70,appear,[],[np.int32(148)]
70,appear,[],[np.int32(149)]
70,merge,"[np.int64(137), np.int64(157)]",[np.int32(151)]
70,appear,[],[np.int32(152)]
70,appear,[],[np.int32(154)]
70,appear,[],[np.int32(155)]
70,appear,[],[np.int32(156)]
70,appear,[],[np.int32(164)]
70,appear,[],[np.int32(165)]
70,appear,[],[np.int32(168)]
70,appear,[],[np.int32(169)]
70,appear,[],[np.int32(171)]
70,appear,[],[np.int32(173)]
70,appear,[],[np.int32(175)]
70,appear,[],[np.int32(181)]
70,appear,[],[np.int32(186)]
70,appear,[],[np.int32(188)]
70,appear,[],[np.int32(191)]
70,appear,[],[np.int32(194)]
70,appear,[],[np.int32(198)]
70,merge,"[np.int64(184), np.int64(190)]",[np.int32(201)]
70,appear,[],[np.int32(204)]
70,appear,[],[np.int32(206)]
70,appear,[],[np.int32(211)]
70,appear,[],[np.int32(214)]
70,appear,[],[np.int32(216)]
70,appear,[],[np.int32(223)]
70,merge,"[np.int64(217), np.int64(224)]",[np.int32(224)]
70,appear,[],[np.int32(226)]
70,appear,[],[np.int32(228)]
70,appear,[],[np.int32(234)]
70,merge,"[np.int64(223), np.int64(225)]",[np.int32(235)]
70,appear,[],[np.int32(236)]
70,appear,[],[np.int32(237)]
70,appear,[],[np.int32(238)]
70,appear,[],[np.int32(243)]
70,appear,[],[np.int32(244)]
70,appear,[],[np.int32(253)]
70,appear,[],[np.int32(254)]
70,appear,[],[np.int32(258)]
70,appear,[],[np.int32(266)]
70,appear,[],[np.int32(269)]
70,appear,[],[np.int32(272)]
70,appear,[],[np.int32(273)]
70,appear,[],[np.int32(274)]
70,appear,[],[np.int32(280)]
70,appear,[],[np.int32(281)]
70,merge,"[np.int64(273), np.int64(279)]",[np.int32(286)]
70,appear,[],[np.int32(288)]
70,appear,[],[np.int32(290)]
70,appear,[],[np.int32(292)]
70,appear,[],[np.int32(296)]
70,appear,[],[np.int32(303)]
70,appear,[],[np.int32(308)]
70,appear,[],[np.int32(310)]
70,appear,[],[np.int32(312)]
70,appear,[],[np.int32(313)]
70,appear,[],[np.int32(320)]
70,appear,[],[np.int32(323)]
70,appear,[],[np.int32(325)]
70,appear,[],[np.int32(330)]
70,appear,[],[np.int32(333)]
70,appear,[],[np.int32(338)]
70,appear,[],[np.int32(341)]
70,appear,[],[np.int32(342)]
70,appear,[],[np.int32(346)]
70,appear,[],[np.int32(353)]
70,appear,[],[np.int32(355)]
70,appear,[],[np.int32(356)]
70,appear,[],[np.int32(357)]
70,appear,[],[np.int32(364)]
70,appear,[],[np.int32(365)]
70,appear,[],[np.int32(366)]
70,appear,[],[np.int32(368)]
70,appear,[],[np.int32(369)]
70,appear,[],[np.int32(370)]
70,appear,[],[np.int32(371)]
70,appear,[],[np.int32(373)]
70,appear,[],[np.int32(375)]
70,disappear,[np.int32(1)],[]
70,disappear,[np.int32(5)],[]
70,disappear,[np.int32(7)],[]
70,disappear,[np.int32(9)],[]
70,disappear,[np.int32(10)],[]
70,disappear,[np.int32(15)],[]
70,disappear,[np.int32(16)],[]
70,disappear,[np.int32(23)],[]
70,disappear,[np.int32(25)],[]
70,split,[np.int32(28)],"[np.int64(25), np.int64(50)]"
70,disappear,[np.int32(33)],[]
70,disappear,[np.int32(34)],[]
70,disappear,[np.int32(42)],[]
70,disappear,[np.int32(54)],[]
70,disappear,[np.int32(55)],[]
70,disappear,[np.int32(57)],[]
70,disappear,[np.int32(60)],[]
70,disappear,[np.int32(61)],[]
70,disappear,[np.int32(67)],[]
70,disappear,[np.int32(70)],[]
70,split,[np.int32(71)],"[np.int64(70), np.int64(88)]"
70,disappear,[np.int32(74)],[]
70,disappear,[np.int32(75)],[]
70,disappear,[np.int32(79)],[]
70,disappear,[np.int32(83)],[]
70,disappear,[np.int32(88)],[]
70,split,[np.int32(89)],"[np.int64(98), np.int64(101)]"
70,disappear,[np.int32(95)],[]
70,disappear,[np.int32(98)],[]
70,disappear,[np.int32(104)],[]
70,disappear,[np.int32(105)],[]
70,disappear,[np.int32(106)],[]
70,disappear,[np.int32(114)],[]
70,disappear,[np.int32(115)],[]
70,disappear,[np.int32(116)],[]
70,disappear,[np.int32(118)],[]
70,disappear,[np.int32(127)],[]
70,disappear,[np.int32(133)],[]
70,disappear,[np.int32(136)],[]
70,disappear,[np.int32(138)],[]
70,disappear,[np.int32(139)],[]
70,disappear,[np.int32(142)],[]
70,disappear,[np.int32(147)],[]
70,disappear,[np.int32(150)],[]
70,disappear,[np.int32(155)],[]
70,split,[np.int32(159)],"[np.int64(161), np.int64(180)]"
70,disappear,[np.int32(163)],[]
70,disappear,[np.int32(166)],[]
70,disappear,[np.int32(173)],[]
70,disappear,[np.int32(176)],[]
70,disappear,[np.int32(182)],[]
70,disappear,[np.int32(183)],[]
70,disappear,[np.int32(187)],[]
70,disappear,[np.int32(189)],[]
70,disappear,[np.int32(193)],[]
70,disappear,[np.int32(195)],[]
70,disappear,[np.int32(196)],[]
70,disappear,[np.int32(200)],[]
70,disappear,[np.int32(201)],[]
70,disappear,[np.int32(206)],[]
70,disappear,[np.int32(211)],[]
70,disappear,[np.int32(214)],[]
70,disappear,[np.int32(215)],[]
70,disappear,[np.int32(227)],[]
70,disappear,[np.int32(228)],[]
70,disappear,[np.int32(229)],[]
70,disappear,[np.int32(230)],[]
70,disappear,[np.int32(235)],[]
70,disappear,[np.int32(236)],[]
70,disappear,[np.int32(237)],[]
70,disappear,[np.int32(241)],[]
70,disappear,[np.int32(244)],[]
70,disappear,[np.int32(248)],[]
70,disappear,[np.int32(251)],[]
70,disappear,[np.int32(252)],[]
70,disappear,[np.int32(257)],[]
70,split,[np.int32(263)],"[np.int64(267), np.int64(285)]"
70,disappear,[np.int32(266)],[]
70,split,[np.int32(267)],"[np.int64(277), np.int64(283)]"
70,disappear,[np.int32(275)],[]
70,disappear,[np.int32(277)],[]
70,disappear,[np.int32(285)],[]
70,disappear,[np.int32(286)],[]
70,disappear,[np.int32(296)],[]
70,disappear,[np.int32(298)],[]
70,disappear,[np.int32(299)],[]
70,disappear,[np.int32(301)],[]
70,disappear,[np.int32(305)],[]
70,disappear,[np.int32(308)],[]
70,disappear,[np.int32(316)],[]
70,disappear,[np.int32(319)],[]
70,disappear,[np.int32(320)],[]
70,disappear,[np.int32(321)],[]
70,disappear,[np.int32(324)],[]
70,disappear,[np.int32(335)],[]
70,disappear,[np.int32(339)],[]
70,disappear,[np.int32(341)],[]
70,disappear,[np.int32(344)],[]
70,disappear,[np.int32(345)],[]
70,disappear,[np.int32(346)],[]
70,disappear,[np.int32(347)],[]
70,disappear,[np.int32(352)],[]
70,disappear,[np.int32(354)],[]
70,disappear,[np.int32(355)],[]
70,disappear,[np.int32(357)],[]
70,disappear,[np.int32(358)],[]
80,appear,[],[np.int32(6)]
80,appear,[],[np.int32(10)]
80,appear,[],[np.int32(15)]
80,appear,[],[np.int32(17)]
80,appear,[],[np.int32(21)]
80,appear,[],[np.int32(22)]
80,appear,[],[np.int32(23)]
80,merge,"[np.int64(19), np.int64(27)]",[np.int32(24)]
80,appear,[],[np.int32(26)]
80,appear,[],[np.int32(28)]
80,appear,[],[np.int32(31)]
80,merge,"[np.int64(28), np.int64(38)]",[np.int32(32)]
80,merge,"[np.int64(36), np.int64(46)]",[np.int32(35)]
80,merge,"[np.int64(44), np.int64(48)]",[np.int32(45)]
80,appear,[],[np.int32(46)]
80,appear,[],[np.int32(49)]
80,appear,[],[np.int32(51)]
80,appear,[],[np.int32(52)]
80,appear,[],[np.int32(54)]
80,appear,[],[np.int32(55)]
80,appear,[],[np.int32(62)]
80,appear,[],[np.int32(73)]
80,appear,[],[np.int32(76)]
80,merge,"[np.int64(78), np.int64(89)]",[np.int32(79)]
80,appear,[],[np.int32(80)]
80,appear,[],[np.int32(85)]
80,appear,[],[np.int32(87)]
80,appear,[],[np.int32(88)]
80,appear,[],[np.int32(93)]
80,appear,[],[np.int32(98)]
80,appear,[],[np.int32(99)]
80,appear,[],[np.int32(101)]
80,appear,[],[np.int32(104)]
80,appear,[],[np.int32(105)]
80,appear,[],[np.int32(108)]
80,appear,[],[np.int32(109)]
80,appear,[],[np.int32(111)]
80,appear,[],[np.int32(115)]
80,appear,[],[np.int32(122)]
80,appear,[],[np.int32(125)]
80,appear,[],[np.int32(132)]
80,appear,[],[np.int32(133)]
80,appear,[],[np.int32(134)]
80,appear,[],[np.int32(136)]
80,appear,[],[np.int32(139)]
80,appear,[],[np.int32(141)]
80,appear,[],[np.int32(150)]
80,appear,[],[np.int32(156)]
80,appear,[],[np.int32(162)]
80,appear,[],[np.int32(165)]
80,merge,"[np.int64(161), np.int64(180)]",[np.int32(166)]
80,appear,[],[np.int32(168)]
80,appear,[],[np.int32(170)]
80,appear,[],[np.int32(174)]
80,appear,[],[np.int32(178)]
80,merge,"[np.int64(186), np.int64(197)]",[np.int32(179)]
80,appear,[],[np.int32(184)]
80,appear,[],[np.int32(197)]
80,appear,[],[np.int32(199)]
80,appear,[],[np.int32(201)]
80,appear,[],[np.int32(202)]
80,appear,[],[np.int32(205)]
80,merge,"[np.int64(221), np.int64(223)]",[np.int32(209)]
80,appear,[],[np.int32(210)]
80,appear,[],[np.int32(212)]
80,appear,[],[np.int32(217)]
80,appear,[],[np.int32(223)]
80,appear,[],[np.int32(225)]
80,appear,[],[np.int32(227)]
80,appear,[],[np.int32(228)]
80,appear,[],[np.int32(231)]
80,appear,[],[np.int32(234)]
80,appear,[],[np.int32(238)]
80,appear,[],[np.int32(240)]
80,appear,[],[np.int32(247)]
80,appear,[],[np.int32(251)]
80,appear,[],[np.int32(252)]
80,appear,[],[np.int32(253)]
80,appear,[],[np.int32(255)]
80,appear,[],[np.int32(257)]
80,appear,[],[np.int32(259)]
80,appear,[],[np.int32(263)]
80,appear,[],[np.int32(266)]
80,appear,[],[np.int32(269)]
80,appear,[],[np.int32(272)]
80,appear,[],[np.int32(280)]
80,appear,[],[np.int32(281)]
80,appear,[],[np.int32(283)]
80,appear,[],[np.int32(284)]
80,appear,[],[np.int32(305)]
80,appear,[],[np.int32(309)]
80,appear,[],[np.int32(310)]
80,appear,[],[np.int32(311)]
80,appear,[],[np.int32(312)]
80,appear,[],[np.int32(318)]
80,appear,[],[np.int32(324)]
80,appear,[],[np.int32(331)]
80,appear,[],[np.int32(341)]
80,appear,[],[np.int32(346)]
80,appear,[],[np.int32(350)]
80,appear,[],[np.int32(353)]
80,appear,[],[np.int32(355)]
80,disappear,[np.int32(12)],[]
80,disappear,[np.int32(17)],[]
80,disappear,[np.int32(20)],[]
80,disappear,[np.int32(23)],[]
80,disappear,[np.int32(25)],[]
80,disappear,[np.int32(30)],[]
80,disappear,[np.int32(31)],[]
80,disappear,[np.int32(32)],[]
80,disappear,[np.int32(33)],[]
80,disappear,[np.int32(47)],[]
80,disappear,[np.int32(49)],[]
80,disappear,[np.int32(50)],[]
80,disappear,[np.int32(55)],[]
80,disappear,[np.int32(64)],[]
80,disappear,[np.int32(75)],[]
80,disappear,[np.int32(76)],[]
80,disappear,[np.int32(77)],[]
80,disappear,[np.int32(81)],[]
80,disappear,[np.int32(82)],[]
80,disappear,[np.int32(84)],[]
80,disappear,[np.int32(86)],[]
80,disappear,[np.int32(91)],[]
80,disappear,[np.int32(93)],[]
80,disappear,[np.int32(94)],[]
80,disappear,[np.int32(97)],[]
80,disappear,[np.int32(98)],[]
80,disappear,[np.int32(99)],[]
80,disappear,[np.int32(102)],[]
80,disappear,[np.int32(103)],[]
80,disappear,[np.int32(107)],[]
80,disappear,[np.int32(113)],[]
80,disappear,[np.int32(114)],[]
80,split,[np.int32(117)],"[np.int64(112), np.int64(129)]"
80,disappear,[np.int32(121)],[]
80,disappear,[np.int32(125)],[]
80,disappear,[np.int32(131)],[]
80,disappear,[np.int32(132)],[]
80,split,[np.int32(135)],"[np.int64(126), np.int64(131)]"
80,disappear,[np.int32(136)],[]
80,disappear,[np.int32(138)],[]
80,disappear,[np.int32(142)],[]
80,disappear,[np.int32(144)],[]
80,disappear,[np.int32(147)],[]
80,disappear,[np.int32(148)],[]
80,disappear,[np.int32(149)],[]
80,disappear,[np.int32(152)],[]
80,disappear,[np.int32(160)],[]
80,split,[np.int32(161)],"[np.int64(152), np.int64(166)]"
80,disappear,[np.int32(170)],[]
80,disappear,[np.int32(172)],[]
80,disappear,[np.int32(173)],[]
80,disappear,[np.int32(175)],[]
80,disappear,[np.int32(178)],[]
80,disappear,[np.int32(185)],[]
80,disappear,[np.int32(187)],[]
80,disappear,[np.int32(189)],[]
80,disappear,[np.int32(191)],[]
80,disappear,[np.int32(196)],[]
80,disappear,[np.int32(199)],[]
80,disappear,[np.int32(202)],[]
80,split,[np.int32(203)],"[np.int64(191), np.int64(200)]"
80,disappear,[np.int32(209)],[]
80,disappear,[np.int32(211)],[]
80,disappear,[np.int32(212)],[]
80,disappear,[np.int32(214)],[]
80,disappear,[np.int32(215)],[]
80,split,[np.int32(217)],"[np.int64(208), np.int64(219)]"
80,disappear,[np.int32(228)],[]
80,disappear,[np.int32(230)],[]
80,disappear,[np.int32(236)],[]
80,disappear,[np.int32(237)],[]
80,disappear,[np.int32(238)],[]
80,disappear,[np.int32(241)],[]
80,disappear,[np.int32(242)],[]
80,disappear,[np.int32(244)],[]
80,disappear,[np.int32(253)],[]
80,disappear,[np.int32(257)],[]
80,disappear,[np.int32(258)],[]
80,disappear,[np.int32(259)],[]
80,disappear,[np.int32(260)],[]
80,disappear,[np.int32(262)],[]
80,disappear,[np.int32(264)],[]
80,disappear,[np.int32(267)],[]
80,split,[np.int32(268)],"[np.int64(265), np.int64(267)]"
80,disappear,[np.int32(270)],[]
80,disappear,[np.int32(274)],[]
80,disappear,[np.int32(277)],[]
80,disappear,[np.int32(279)],[]
80,disappear,[np.int32(285)],[]
80,disappear,[np.int32(288)],[]
80,disappear,[np.int32(292)],[]
80,disappear,[np.int32(296)],[]
80,disappear,[np.int32(299)],[]
80,split,[np.int32(301)],"[np.int64(286), np.int64(303)]"
80,split,[np.int32(309)],"[np.int64(297), np.int64(308)]"
80,disappear,[np.int32(312)],[]
80,disappear,[np.int32(314)],[]
80,disappear,[np.int32(318)],[]
80,disappear,[np.int32(320)],[]
80,disappear,[np.int32(330)],[]
80,disappear,[np.int32(333)],[]
80,disappear,[np.int32(337)],[]
80,disappear,[np.int32(339)],[]
80,disappear,[np.int32(341)],[]
80,disappear,[np.int32(342)],[]
80,disappear,[np.int32(344)],[]
80,split,[np.int32(348)],"[np.int64(335), np.int64(348)]"
80,split,[np.int32(352)],"[np.int64(343), np.int64(347)]"
80,disappear,[np.int32(353)],[]
80,disappear,[np.int32(355)],[]
80,disappear,[np.int32(356)],[]
80,disappear,[np.int32(364)],[]
80,disappear,[np.int32(365)],[]
80,disappear,[np.int32(367)],[]
80,disappear,[np.int32(368)],[]
80,disappear,[np.int32(369)],[]
80,disappear,[np.int32(371)],[]
80,disappear,[np.int32(373)],[]
90,appear,[],[np.int32(4)]
90,appear,[],[np.int32(9)]
90,appear,[],[np.int32(13)]
90,appear,[],[np.int32(19)]
90,appear,[],[np.int32(25)]
90,appear,[],[np.int32(29)]
90,appear,[],[np.int32(31)]
90,appear,[],[np.int32(32)]
90,appear,[],[np.int32(33)]
90,appear,[],[np.int32(34)]
90,appear,[],[np.int32(40)]
90,appear,[],[np.int32(41)]
90,appear,[],[np.int32(49)]
90,appear,[],[np.int32(53)]
90,appear,[],[np.int32(54)]
90,merge,"[np.int64(62), np.int64(67)]",[np.int32(63)]
90,appear,[],[np.int32(73)]
90,merge,"[np.int64(73), np.int64(84)]",[np.int32(74)]
90,appear,[],[np.int32(78)]
90,appear,[],[np.int32(79)]
90,appear,[],[np.int32(86)]
90,appear,[],[np.int32(87)]
90,appear,[],[np.int32(105)]
90,appear,[],[np.int32(115)]
90,appear,[],[np.int32(118)]
90,appear,[],[np.int32(122)]
90,appear,[],[np.int32(126)]
90,appear,[],[np.int32(127)]
90,appear,[],[np.int32(130)]
90,appear,[],[np.int32(132)]
90,appear,[],[np.int32(133)]
90,appear,[],[np.int32(140)]
90,appear,[],[np.int32(141)]
90,appear,[],[np.int32(144)]
90,appear,[],[np.int32(148)]
90,appear,[],[np.int32(149)]
90,merge,"[np.int64(152), np.int64(166)]",[np.int32(151)]
90,appear,[],[np.int32(154)]
90,appear,[],[np.int32(157)]
90,appear,[],[np.int32(161)]
90,appear,[],[np.int32(165)]
90,appear,[],[np.int32(172)]
90,appear,[],[np.int32(173)]
90,appear,[],[np.int32(179)]
90,merge,"[np.int64(190), np.int64(199)]",[np.int32(186)]
90,appear,[],[np.int32(191)]
90,appear,[],[np.int32(195)]
90,appear,[],[np.int32(207)]
90,appear,[],[np.int32(216)]
90,appear,[],[np.int32(220)]
90,appear,[],[np.int32(222)]
90,appear,[],[np.int32(227)]
90,appear,[],[np.int32(229)]
90,appear,[],[np.int32(230)]
90,appear,[],[np.int32(243)]
90,appear,[],[np.int32(244)]
90,appear,[],[np.int32(245)]
90,appear,[],[np.int32(251)]
90,appear,[],[np.int32(252)]
90,appear,[],[np.int32(253)]
90,appear,[],[np.int32(254)]
90,appear,[],[np.int32(258)]
90,appear,[],[np.int32(266)]
90,appear,[],[np.int32(271)]
90,appear,[],[np.int32(272)]
90,appear,[],[np.int32(286)]
90,appear,[],[np.int32(289)]
90,appear,[],[np.int32(291)]
90,appear,[],[np.int32(304)]
90,appear,[],[np.int32(309)]
90,appear,[],[np.int32(312)]
90,appear,[],[np.int32(313)]
90,appear,[],[np.int32(324)]
90,merge,"[np.int64(324), np.int64(330)]",[np.int32(325)]
90,appear,[],[np.int32(326)]
90,appear,[],[np.int32(327)]
90,appear,[],[np.int32(331)]
90,appear,[],[np.int32(334)]
90,appear,[],[np.int32(335)]
90,appear,[],[np.int32(345)]
90,appear,[],[np.int32(346)]
90,appear,[],[np.int32(349)]
90,appear,[],[np.int32(352)]
90,appear,[],[np.int32(357)]
90,appear,[],[np.int32(361)]
90,appear,[],[np.int32(367)]
90,disappear,[np.int32(2)],[]
90,disappear,[np.int32(3)],[]
90,split,[np.int32(4)],"[np.int64(2), np.int64(15)]"
90,disappear,[np.int32(6)],[]
90,disappear,[np.int32(10)],[]
90,disappear,[np.int32(17)],[]
90,disappear,[np.int32(21)],[]
90,disappear,[np.int32(23)],[]
90,disappear,[np.int32(26)],[]
90,disappear,[np.int32(28)],[]
90,split,[np.int32(32)],"[np.int64(27), np.int64(44)]"
90,disappear,[np.int32(38)],[]
90,split,[np.int32(41)],"[np.int64(45), np.int64(66)]"
90,disappear,[np.int32(43)],[]
90,disappear,[np.int32(44)],[]
90,disappear,[np.int32(49)],[]
90,disappear,[np.int32(51)],[]
90,disappear,[np.int32(54)],[]
90,disappear,[np.int32(55)],[]
90,split,[np.int32(61)],"[np.int64(61), np.int64(72)]"
90,disappear,[np.int32(69)],[]
90,disappear,[np.int32(71)],[]
90,disappear,[np.int32(72)],[]
90,split,[np.int32(74)],"[np.int64(70), np.int64(85)]"
90,disappear,[np.int32(80)],[]
90,disappear,[np.int32(87)],[]
90,disappear,[np.int32(88)],[]
90,disappear,[np.int32(93)],[]
90,split,[np.int32(99)],"[np.int64(98), np.int64(100)]"
90,disappear,[np.int32(101)],[]
90,disappear,[np.int32(104)],[]
90,disappear,[np.int32(106)],[]
90,disappear,[np.int32(107)],[]
90,disappear,[np.int32(108)],[]
90,disappear,[np.int32(110)],[]
90,disappear,[np.int32(112)],[]
90,disappear,[np.int32(121)],[]
90,disappear,[np.int32(123)],[]
90,split,[np.int32(126)],"[np.int64(119), np.int64(137)]"
90,disappear,[np.int32(130)],[]
90,disappear,[np.int32(133)],[]
90,disappear,[np.int32(136)],[]
90,disappear,[np.int32(137)],[]
90,disappear,[np.int32(142)],[]
90,disappear,[np.int32(143)],[]
90,split,[np.int32(148)],"[np.int64(143), np.int64(162)]"
90,disappear,[np.int32(149)],[]
90,disappear,[np.int32(150)],[]
90,disappear,[np.int32(153)],[]
90,disappear,[np.int32(154)],[]
90,disappear,[np.int32(157)],[]
90,disappear,[np.int32(161)],[]
90,disappear,[np.int32(162)],[]
90,disappear,[np.int32(163)],[]
90,disappear,[np.int32(165)],[]
90,disappear,[np.int32(168)],[]
90,disappear,[np.int32(170)],[]
90,disappear,[np.int32(174)],[]
90,disappear,[np.int32(178)],[]
90,disappear,[np.int32(180)],[]
90,split,[np.int32(185)],"[np.int64(176), np.int64(185)]"
90,disappear,[np.int32(188)],[]
90,split,[np.int32(193)],"[np.int64(189), np.int64(193)]"
90,disappear,[np.int32(205)],[]
90,split,[np.int32(208)],"[np.int64(204), np.int64(206)]"
90,split,[np.int32(214)],"[np.int64(201), np.int64(217)]"
90,disappear,[np.int32(217)],[]
90,disappear,[np.int32(222)],[]
90,disappear,[np.int32(223)],[]
90,disappear,[np.int32(228)],[]
90,disappear,[np.int32(231)],[]
90,disappear,[np.int32(234)],[]
90,disappear,[np.int32(240)],[]
90,disappear,[np.int32(243)],[]
90,disappear,[np.int32(245)],[]
90,disappear,[np.int32(249)],[]
90,disappear,[np.int32(251)],[]
90,disappear,[np.int32(252)],[]
90,disappear,[np.int32(253)],[]
90,disappear,[np.int32(257)],[]
90,disappear,[np.int32(259)],[]
90,disappear,[np.int32(261)],[]
90,disappear,[np.int32(262)],[]
90,disappear,[np.int32(263)],[]
90,disappear,[np.int32(269)],[]
90,split,[np.int32(271)],"[np.int64(265), np.int64(270)]"
90,split,[np.int32(274)],"[np.int64(273), np.int64(277)]"
90,disappear,[np.int32(276)],[]
90,disappear,[np.int32(281)],[]
90,disappear,[np.int32(285)],[]
90,disappear,[np.int32(297)],[]
90,disappear,[np.int32(309)],[]
90,disappear,[np.int32(310)],[]
90,disappear,[np.int32(333)],[]
90,disappear,[np.int32(335)],[]
90,disappear,[np.int32(337)],[]
90,disappear,[np.int32(347)],[]
90,disappear,[np.int32(348)],[]
90,disappear,[np.int32(349)],[]
90,disappear,[np.int32(362)],[]
100,appear,[],[np.int32(6)]
100,appear,[],[np.int32(7)]
100,appear,[],[np.int32(9)]
100,appear,[],[np.int32(11)]
100,appear,[],[np.int32(13)]
100,appear,[],[np.int32(32)]
100,appear,[],[np.int32(39)]
100,appear,[],[np.int32(40)]
100,appear,[],[np.int32(58)]
100,appear,[],[np.int32(64)]
100,appear,[],[np.int32(70)]
100,merge,"[np.int64(70), np.int64(85)]",[np.int32(73)]
100,appear,[],[np.int32(75)]
100,appear,[],[np.int32(76)]
100,appear,[],[np.int32(86)]
100,appear,[],[np.int32(93)]
100,appear,[],[np.int32(98)]
100,appear,[],[np.int32(99)]
100,appear,[],[np.int32(101)]
100,appear,[],[np.int32(105)]
100,appear,[],[np.int32(106)]
100,appear,[],[np.int32(107)]
100,appear,[],[np.int32(108)]
100,appear,[],[np.int32(115)]
100,merge,"[np.int64(106), np.int64(108)]",[np.int32(118)]
100,appear,[],[np.int32(124)]
100,appear,[],[np.int32(129)]
100,appear,[],[np.int32(143)]
100,appear,[],[np.int32(154)]
100,appear,[],[np.int32(156)]
100,appear,[],[np.int32(158)]
100,appear,[],[np.int32(159)]
100,appear,[],[np.int32(164)]
100,appear,[],[np.int32(175)]
100,appear,[],[np.int32(176)]
100,appear,[],[np.int32(179)]
100,appear,[],[np.int32(182)]
100,appear,[],[np.int32(183)]
100,appear,[],[np.int32(184)]
100,appear,[],[np.int32(186)]
100,appear,[],[np.int32(188)]
100,appear,[],[np.int32(191)]
100,appear,[],[np.int32(195)]
100,appear,[],[np.int32(200)]
100,merge,"[np.int64(200), np.int64(201)]",[np.int32(203)]
100,appear,[],[np.int32(205)]
100,appear,[],[np.int32(210)]
100,appear,[],[np.int32(224)]
100,appear,[],[np.int32(227)]
100,appear,[],[np.int32(229)]
100,appear,[],[np.int32(231)]
100,appear,[],[np.int32(241)]
100,appear,[],[np.int32(242)]
100,appear,[],[np.int32(246)]
100,appear,[],[np.int32(247)]
100,appear,[],[np.int32(249)]
100,merge,"[np.int64(247), np.int64(249)]",[np.int32(251)]
100,appear,[],[np.int32(252)]
100,appear,[],[np.int32(253)]
100,appear,[],[np.int32(260)]
100,appear,[],[np.int32(264)]
100,merge,"[np.int64(265), np.int64(270)]",[np.int32(266)]
100,appear,[],[np.int32(275)]
100,appear,[],[np.int32(279)]
100,appear,[],[np.int32(282)]
100,appear,[],[np.int32(283)]
100,merge,"[np.int64(284), np.int64(290)]",[np.int32(284)]
100,appear,[],[np.int32(294)]
100,appear,[],[np.int32(300)]
100,appear,[],[np.int32(313)]
100,appear,[],[np.int32(314)]
100,appear,[],[np.int32(319)]
100,appear,[],[np.int32(327)]
100,appear,[],[np.int32(329)]
100,appear,[],[np.int32(335)]
100,merge,"[np.int64(347), np.int64(352)]",[np.int32(342)]
100,appear,[],[np.int32(353)]
100,appear,[],[np.int32(360)]
100,disappear,[np.int32(2)],[]
100,disappear,[np.int32(4)],[]
100,disappear,[np.int32(6)],[]
100,disappear,[np.int32(13)],[]
100,disappear,[np.int32(25)],[]
100,disappear,[np.int32(31)],[]
100,disappear,[np.int32(40)],[]
100,disappear,[np.int32(50)],[]
100,disappear,[np.int32(52)],[]
100,split,[np.int32(62)],"[np.int64(62), np.int64(79)]"
100,split,[np.int32(63)],"[np.int64(63), np.int64(66)]"
100,disappear,[np.int32(72)],[]
100,disappear,[np.int32(75)],[]
100,disappear,[np.int32(86)],[]
100,split,[np.int32(92)],"[np.int64(96), np.int64(111)]"
100,disappear,[np.int32(103)],[]
100,disappear,[np.int32(120)],[]
100,disappear,[np.int32(122)],[]
100,disappear,[np.int32(129)],[]
100,disappear,[np.int32(130)],[]
100,disappear,[np.int32(134)],[]
100,disappear,[np.int32(138)],[]
100,disappear,[np.int32(143)],[]
100,disappear,[np.int32(146)],[]
100,disappear,[np.int32(148)],[]
100,disappear,[np.int32(149)],[]
100,disappear,[np.int32(150)],[]
100,disappear,[np.int32(153)],[]
100,disappear,[np.int32(154)],[]
100,disappear,[np.int32(155)],[]
100,disappear,[np.int32(157)],[]
100,disappear,[np.int32(170)],[]
100,disappear,[np.int32(173)],[]
100,split,[np.int32(174)],"[np.int64(177), np.int64(185)]"
100,disappear,[np.int32(177)],[]
100,disappear,[np.int32(178)],[]
100,disappear,[np.int32(179)],[]
100,disappear,[np.int32(181)],[]
100,disappear,[np.int32(187)],[]
100,disappear,[np.int32(188)],[]
100,disappear,[np.int32(190)],[]
100,disappear,[np.int32(192)],[]
100,split,[np.int32(201)],"[np.int64(203), np.int64(221)]"
100,disappear,[np.int32(206)],[]
100,disappear,[np.int32(207)],[]
100,disappear,[np.int32(208)],[]
100,disappear,[np.int32(216)],[]
100,disappear,[np.int32(220)],[]
100,disappear,[np.int32(225)],[]
100,disappear,[np.int32(228)],[]
100,disappear,[np.int32(230)],[]
100,disappear,[np.int32(232)],[]
100,disappear,[np.int32(241)],[]
100,disappear,[np.int32(242)],[]
100,disappear,[np.int32(245)],[]
100,disappear,[np.int32(253)],[]
100,disappear,[np.int32(256)],[]
100,disappear,[np.int32(267)],[]
100,disappear,[np.int32(271)],[]
100,disappear,[np.int32(272)],[]
100,disappear,[np.int32(273)],[]
100,disappear,[np.int32(276)],[]
100,disappear,[np.int32(277)],[]
100,disappear,[np.int32(278)],[]
100,disappear,[np.int32(279)],[]
100,disappear,[np.int32(287)],[]
100,disappear,[np.int32(289)],[]
100,disappear,[np.int32(304)],[]
100,disappear,[np.int32(307)],[]
100,disappear,[np.int32(311)],[]
100,disappear,[np.int32(312)],[]
100,disappear,[np.int32(316)],[]
100,split,[np.int32(318)],"[np.int64(317), np.int64(334)]"
100,disappear,[np.int32(323)],[]
100,disappear,[np.int32(324)],[]
100,disappear,[np.int32(331)],[]
100,disappear,[np.int32(333)],[]
100,disappear,[np.int32(343)],[]
100,disappear,[np.int32(346)],[]
100,disappear,[np.int32(349)],[]
100,split,[np.int32(353)],"[np.int64(344), np.int64(359)]"
100,disappear,[np.int32(362)],[]
100,disappear,[np.int32(364)],[]
110,appear,[],[np.int32(1)]
110,appear,[],[np.int32(12)]
110,appear,[],[np.int32(18)]
110,appear,[],[np.int32(20)]
110,appear,[],[np.int32(23)]
110,appear,[],[np.int32(26)]
110,appear,[],[np.int32(37)]
110,appear,[],[np.int32(42)]
110,appear,[],[np.int32(46)]
110,appear,[],[np.int32(48)]
110,appear,[],[np.int32(54)]
110,appear,[],[np.int32(57)]
110,appear,[],[np.int32(75)]
110,appear,[],[np.int32(79)]
110,appear,[],[np.int32(99)]
110,merge,"[np.int64(102), np.int64(117)]",[np.int32(105)]
110,appear,[],[np.int32(112)]
110,appear,[],[np.int32(117)]
110,appear,[],[np.int32(128)]
110,merge,"[np.int64(132), np.int64(142)]",[np.int32(132)]
110,appear,[],[np.int32(138)]
110,appear,[],[np.int32(146)]
110,appear,[],[np.int32(153)]
110,merge,"[np.int64(163), np.int64(171)]",[np.int32(154)]
110,appear,[],[np.int32(163)]
110,appear,[],[np.int32(171)]
110,appear,[],[np.int32(172)]
110,appear,[],[np.int32(173)]
110,appear,[],[np.int32(176)]
110,appear,[],[np.int32(179)]
110,appear,[],[np.int32(182)]
110,appear,[],[np.int32(183)]
110,appear,[],[np.int32(185)]
110,appear,[],[np.int32(198)]
110,appear,[],[np.int32(199)]
110,merge,"[np.int64(222), np.int64(226)]",[np.int32(209)]
110,appear,[],[np.int32(218)]
110,appear,[],[np.int32(221)]
110,appear,[],[np.int32(222)]
110,appear,[],[np.int32(223)]
110,appear,[],[np.int32(224)]
110,appear,[],[np.int32(225)]
110,appear,[],[np.int32(227)]
110,appear,[],[np.int32(242)]
110,appear,[],[np.int32(247)]
110,appear,[],[np.int32(250)]
110,appear,[],[np.int32(251)]
110,appear,[],[np.int32(258)]
110,merge,"[np.int64(279), np.int64(284)]",[np.int32(269)]
110,appear,[],[np.int32(271)]
110,appear,[],[np.int32(272)]
110,appear,[],[np.int32(279)]
110,appear,[],[np.int32(281)]
110,appear,[],[np.int32(286)]
110,appear,[],[np.int32(290)]
110,appear,[],[np.int32(291)]
110,appear,[],[np.int32(299)]
110,appear,[],[np.int32(300)]
110,appear,[],[np.int32(305)]
110,appear,[],[np.int32(306)]
110,merge,"[np.int64(317), np.int64(334)]",[np.int32(313)]
110,appear,[],[np.int32(315)]
110,appear,[],[np.int32(318)]
110,appear,[],[np.int32(325)]
110,appear,[],[np.int32(332)]
110,appear,[],[np.int32(334)]
110,appear,[],[np.int32(340)]
110,merge,"[np.int64(350), np.int64(360)]",[np.int32(341)]
110,appear,[],[np.int32(343)]
110,merge,"[np.int64(355), np.int64(361)]",[np.int32(346)]
110,appear,[],[np.int32(351)]
110,appear,[],[np.int32(354)]
110,appear,[],[np.int32(355)]
110,disappear,[np.int32(1)],[]
110,disappear,[np.int32(10)],[]
110,disappear,[np.int32(13)],[]
110,disappear,[np.int32(16)],[]
110,disappear,[np.int32(22)],[]
110,split,[np.int32(31)],"[np.int64(25), np.int64(38)]"
110,disappear,[np.int32(32)],[]
110,disappear,[np.int32(38)],[]
110,disappear,[np.int32(39)],[]
110,disappear,[np.int32(47)],[]
110,disappear,[np.int32(49)],[]
110,split,[np.int32(54)],"[np.int64(53), np.int64(65)]"
110,disappear,[np.int32(60)],[]
110,disappear,[np.int32(63)],[]
110,disappear,[np.int32(66)],[]
110,split,[np.int32(68)],"[np.int64(69), np.int64(71)]"
110,disappear,[np.int32(78)],[]
110,disappear,[np.int32(81)],[]
110,disappear,[np.int32(82)],[]
110,split,[np.int32(84)],"[np.int64(86), np.int64(91)]"
110,disappear,[np.int32(98)],[]
110,disappear,[np.int32(109)],[]
110,disappear,[np.int32(112)],[]
110,disappear,[np.int32(118)],[]
110,disappear,[np.int32(119)],[]
110,split,[np.int32(123)],"[np.int64(121), np.int64(122)]"
110,disappear,[np.int32(128)],[]
110,disappear,[np.int32(129)],[]
110,disappear,[np.int32(131)],[]
110,disappear,[np.int32(141)],[]
110,disappear,[np.int32(143)],[]
110,disappear,[np.int32(145)],[]
110,disappear,[np.int32(148)],[]
110,disappear,[np.int32(152)],[]
110,disappear,[np.int32(156)],[]
110,disappear,[np.int32(159)],[]
110,disappear,[np.int32(160)],[]
110,split,[np.int32(162)],"[np.int64(150), np.int64(177)]"
110,disappear,[np.int32(164)],[]
110,disappear,[np.int32(166)],[]
110,disappear,[np.int32(177)],[]
110,disappear,[np.int32(179)],[]
110,disappear,[np.int32(182)],[]
110,disappear,[np.int32(183)],[]
110,disappear,[np.int32(186)],[]
110,disappear,[np.int32(191)],[]
110,disappear,[np.int32(195)],[]
110,disappear,[np.int32(198)],[]
110,disappear,[np.int32(200)],[]
110,disappear,[np.int32(202)],[]
110,disappear,[np.int32(205)],[]
110,disappear,[np.int32(206)],[]
110,disappear,[np.int32(211)],[]
110,disappear,[np.int32(212)],[]
110,disappear,[np.int32(227)],[]
110,disappear,[np.int32(232)],[]
110,disappear,[np.int32(241)],[]
110,disappear,[np.int32(243)],[]
110,disappear,[np.int32(246)],[]
110,disappear,[np.int32(253)],[]
110,disappear,[np.int32(260)],[]
110,disappear,[np.int32(264)],[]
110,disappear,[np.int32(281)],[]
110,disappear,[np.int32(283)],[]
110,disappear,[np.int32(289)],[]
110,disappear,[np.int32(294)],[]
110,disappear,[np.int32(297)],[]
110,disappear,[np.int32(310)],[]
110,disappear,[np.int32(312)],[]
110,split,[np.int32(318)],"[np.int64(304), np.int64(317)]"
110,disappear,[np.int32(319)],[]
110,disappear,[np.int32(321)],[]
110,split,[np.int32(328)],"[np.int64(321), np.int64(330)]"
110,disappear,[np.int32(332)],[]
110,disappear,[np.int32(333)],[]
110,disappear,[np.int32(336)],[]
110,disappear,[np.int32(341)],[]
110,split,[np.int32(342)],"[np.int64(335), np.int64(339)]"
110,disappear,[np.int32(345)],[]
110,disappear,[np.int32(347)],[]
110,disappear,[np.int32(356)],[]
110,disappear,[np.int32(362)],[]
120,appear,[],[np.int32(10)]
120,appear,[],[np.int32(16)]
120,appear,[],[np.int32(19)]
120,appear,[],[np.int32(24)]
120,merge,"[np.int64(35), np.int64(39)]",[np.int32(31)]
120,appear,[],[np.int32(38)]
120,appear,[],[np.int32(39)]
120,appear,[],[np.int32(40)]
120,appear,[],[np.int32(41)]
120,appear,[],[np.int32(42)]
120,appear,[],[np.int32(45)]
120,appear,[],[np.int32(49)]
120,appear,[],[np.int32(51)]
120,appear,[],[np.int32(54)]
120,appear,[],[np.int32(55)]
120,appear,[],[np.int32(62)]
120,appear,[],[np.int32(72)]
120,appear,[],[np.int32(76)]
120,appear,[],[np.int32(80)]
120,appear,[],[np.int32(81)]
120,appear,[],[np.int32(97)]
120,appear,[],[np.int32(103)]
120,appear,[],[np.int32(107)]
120,appear,[],[np.int32(113)]
120,appear,[],[np.int32(114)]
120,appear,[],[np.int32(120)]
120,appear,[],[np.int32(125)]
120,appear,[],[np.int32(127)]
120,appear,[],[np.int32(128)]
120,appear,[],[np.int32(130)]
120,appear,[],[np.int32(132)]
120,appear,[],[np.int32(136)]
120,appear,[],[np.int32(139)]
120,merge,"[np.int64(153), np.int64(158)]",[np.int32(150)]
120,appear,[],[np.int32(151)]
120,appear,[],[np.int32(158)]
120,merge,"[np.int64(163), np.int64(166)]",[np.int32(162)]
120,appear,[],[np.int32(164)]
120,appear,[],[np.int32(172)]
120,appear,[],[np.int32(174)]
120,appear,[],[np.int32(179)]
120,merge,"[np.int64(180), np.int64(187)]",[np.int32(181)]
120,appear,[],[np.int32(188)]
120,appear,[],[np.int32(189)]
120,appear,[],[np.int32(191)]
120,appear,[],[np.int32(192)]
120,appear,[],[np.int32(198)]
120,appear,[],[np.int32(201)]
120,appear,[],[np.int32(202)]
120,appear,[],[np.int32(210)]
120,appear,[],[np.int32(215)]
120,appear,[],[np.int32(218)]
120,appear,[],[np.int32(219)]
120,appear,[],[np.int32(223)]
120,appear,[],[np.int32(230)]
120,appear,[],[np.int32(235)]
120,appear,[],[np.int32(239)]
120,appear,[],[np.int32(249)]
120,appear,[],[np.int32(254)]
120,appear,[],[np.int32(261)]
120,appear,[],[np.int32(265)]
120,merge,"[np.int64(266), np.int64(273)]",[np.int32(267)]
120,appear,[],[np.int32(272)]
120,appear,[],[np.int32(277)]
120,appear,[],[np.int32(282)]
120,appear,[],[np.int32(287)]
120,appear,[],[np.int32(288)]
120,appear,[],[np.int32(292)]
120,appear,[],[np.int32(293)]
120,appear,[],[np.int32(312)]
120,appear,[],[np.int32(319)]
120,appear,[],[np.int32(322)]
120,appear,[],[np.int32(333)]
120,appear,[],[np.int32(334)]
120,appear,[],[np.int32(335)]
120,appear,[],[np.int32(337)]
120,appear,[],[np.int32(341)]
120,merge,"[np.int64(349), np.int64(354)]",[np.int32(348)]
120,appear,[],[np.int32(350)]
120,appear,[],[np.int32(353)]
120,appear,[],[np.int32(354)]
120,appear,[],[np.int32(355)]
120,disappear,[np.int32(2)],[]
120,disappear,[np.int32(4)],[]
120,disappear,[np.int32(7)],[]
120,disappear,[np.int32(10)],[]
120,disappear,[np.int32(12)],[]
120,disappear,[np.int32(23)],[]
120,disappear,[np.int32(26)],[]
120,disappear,[np.int32(28)],[]
120,disappear,[np.int32(30)],[]
120,disappear,[np.int32(42)],[]
120,disappear,[np.int32(45)],[]
120,disappear,[np.int32(47)],[]
120,disappear,[np.int32(49)],[]
120,disappear,[np.int32(50)],[]
120,disappear,[np.int32(52)],[]
120,disappear,[np.int32(53)],[]
120,disappear,[np.int32(54)],[]
120,disappear,[np.int32(56)],[]
120,disappear,[np.int32(63)],[]
120,disappear,[np.int32(65)],[]
120,disappear,[np.int32(72)],[]
120,disappear,[np.int32(85)],[]
120,disappear,[np.int32(90)],[]
120,disappear,[np.int32(98)],[]
120,disappear,[np.int32(102)],[]
120,disappear,[np.int32(104)],[]
120,split,[np.int32(105)],"[np.int64(100), np.int64(110)]"
120,disappear,[np.int32(116)],[]
120,disappear,[np.int32(122)],[]
120,disappear,[np.int32(128)],[]
120,disappear,[np.int32(133)],[]
120,disappear,[np.int32(138)],[]
120,disappear,[np.int32(140)],[]
120,disappear,[np.int32(142)],[]
120,disappear,[np.int32(149)],[]
120,split,[np.int32(150)],"[np.int64(148), np.int64(155)]"
120,split,[np.int32(154)],"[np.int64(153), np.int64(168)]"
120,disappear,[np.int32(155)],[]
120,disappear,[np.int32(172)],[]
120,disappear,[np.int32(173)],[]
120,split,[np.int32(174)],"[np.int64(173), np.int64(182)]"
120,split,[np.int32(178)],"[np.int64(177), np.int64(200)]"
120,disappear,[np.int32(181)],[]
120,disappear,[np.int32(182)],[]
120,disappear,[np.int32(183)],[]
120,disappear,[np.int32(185)],[]
120,split,[np.int32(189)],"[np.int64(185), np.int64(196)]"
120,disappear,[np.int32(196)],[]
120,disappear,[np.int32(197)],[]
120,disappear,[np.int32(199)],[]
120,disappear,[np.int32(200)],[]
120,disappear,[np.int32(206)],[]
120,disappear,[np.int32(211)],[]
120,disappear,[np.int32(212)],[]
120,disappear,[np.int32(218)],[]
120,disappear,[np.int32(219)],[]
120,disappear,[np.int32(223)],[]
120,disappear,[np.int32(224)],[]
120,disappear,[np.int32(228)],[]
120,split,[np.int32(232)],"[np.int64(228), np.int64(238)]"
120,split,[np.int32(234)],"[np.int64(232), np.int64(244)]"
120,disappear,[np.int32(241)],[]
120,disappear,[np.int32(247)],[]
120,disappear,[np.int32(248)],[]
120,disappear,[np.int32(251)],[]
120,disappear,[np.int32(259)],[]
120,split,[np.int32(261)],"[np.int64(269), np.int64(271)]"
120,disappear,[np.int32(265)],[]
120,disappear,[np.int32(272)],[]
120,disappear,[np.int32(277)],[]
120,disappear,[np.int32(279)],[]
120,split,[np.int32(280)],"[np.int64(285), np.int64(297)]"
120,disappear,[np.int32(286)],[]
120,disappear,[np.int32(290)],[]
120,disappear,[np.int32(291)],[]
120,split,[np.int32(292)],"[np.int64(295), np.int64(308)]"
120,disappear,[np.int32(294)],[]
120,disappear,[np.int32(299)],[]
120,disappear,[np.int32(300)],[]
120,disappear,[np.int32(302)],[]
120,disappear,[np.int32(308)],[]
120,disappear,[np.int32(313)],[]
120,disappear,[np.int32(314)],[]
120,disappear,[np.int32(315)],[]
120,disappear,[np.int32(319)],[]
120,disappear,[np.int32(321)],[]
120,disappear,[np.int32(325)],[]
120,disappear,[np.int32(330)],[]
120,disappear,[np.int32(333)],[]
120,split,[np.int32(339)],"[np.int64(332), np.int64(351)]"
120,disappear,[np.int32(340)],[]
120,disappear,[np.int32(343)],[]
120,disappear,[np.int32(345)],[]
120,disappear,[np.int32(355)],[]
130,appear,[],[np.int32(1)]
130,appear,[],[np.int32(3)]
130,appear,[],[np.int32(7)]
130,appear,[],[np.int32(10)]
130,appear,[],[np.int32(12)]
130,appear,[],[np.int32(14)]
130,appear,[],[np.int32(20)]
130,appear,[],[np.int32(35)]
130,merge,"[np.int64(44), np.int64(51)]",[np.int32(37)]
130,appear,[],[np.int32(40)]
130,appear,[],[np.int32(42)]
130,appear,[],[np.int32(45)]
130,appear,[],[np.int32(48)]
130,appear,[],[np.int32(49)]
130,appear,[],[np.int32(54)]
130,appear,[],[np.int32(58)]
130,merge,"[np.int64(64), np.int64(79)]",[np.int32(63)]
130,appear,[],[np.int32(71)]
130,appear,[],[np.int32(75)]
130,appear,[],[np.int32(76)]
130,appear,[],[np.int32(80)]
130,appear,[],[np.int32(89)]
130,appear,[],[np.int32(99)]
130,appear,[],[np.int32(113)]
130,appear,[],[np.int32(120)]
130,appear,[],[np.int32(122)]
130,merge,"[np.int64(126), np.int64(129)]",[np.int32(123)]
130,appear,[],[np.int32(128)]
130,appear,[],[np.int32(132)]
130,appear,[],[np.int32(147)]
130,appear,[],[np.int32(149)]
130,appear,[],[np.int32(161)]
130,appear,[],[np.int32(164)]
130,appear,[],[np.int32(166)]
130,appear,[],[np.int32(173)]
130,appear,[],[np.int32(187)]
130,merge,"[np.int64(186), np.int64(193)]",[np.int32(188)]
130,appear,[],[np.int32(195)]
130,appear,[],[np.int32(196)]
130,appear,[],[np.int32(216)]
130,appear,[],[np.int32(218)]
130,appear,[],[np.int32(224)]
130,appear,[],[np.int32(245)]
130,appear,[],[np.int32(246)]
130,appear,[],[np.int32(247)]
130,appear,[],[np.int32(252)]
130,appear,[],[np.int32(262)]
130,appear,[],[np.int32(263)]
130,appear,[],[np.int32(275)]
130,appear,[],[np.int32(284)]
130,appear,[],[np.int32(294)]
130,appear,[],[np.int32(296)]
130,appear,[],[np.int32(300)]
130,appear,[],[np.int32(301)]
130,appear,[],[np.int32(309)]
130,appear,[],[np.int32(312)]
130,appear,[],[np.int32(319)]
130,appear,[],[np.int32(322)]
130,appear,[],[np.int32(323)]
130,appear,[],[np.int32(326)]
130,merge,"[np.int64(336), np.int64(345)]",[np.int32(327)]
130,appear,[],[np.int32(334)]
130,appear,[],[np.int32(349)]
130,disappear,[np.int32(1)],[]
130,disappear,[np.int32(5)],[]
130,disappear,[np.int32(7)],[]
130,disappear,[np.int32(9)],[]
130,disappear,[np.int32(11)],[]
130,disappear,[np.int32(13)],[]
130,disappear,[np.int32(17)],[]
130,disappear,[np.int32(19)],[]
130,disappear,[np.int32(23)],[]
130,disappear,[np.int32(32)],[]
130,split,[np.int32(37)],"[np.int64(36), np.int64(38)]"
130,disappear,[np.int32(39)],[]
130,disappear,[np.int32(41)],[]
130,disappear,[np.int32(42)],[]
130,disappear,[np.int32(43)],[]
130,disappear,[np.int32(49)],[]
130,disappear,[np.int32(54)],[]
130,disappear,[np.int32(62)],[]
130,disappear,[np.int32(65)],[]
130,disappear,[np.int32(66)],[]
130,disappear,[np.int32(75)],[]
130,disappear,[np.int32(76)],[]
130,disappear,[np.int32(80)],[]
130,disappear,[np.int32(83)],[]
130,disappear,[np.int32(84)],[]
130,split,[np.int32(86)],"[np.int64(81), np.int64(98)]"
130,disappear,[np.int32(94)],[]
130,disappear,[np.int32(99)],[]
130,disappear,[np.int32(105)],[]
130,disappear,[np.int32(113)],[]
130,disappear,[np.int32(118)],[]
130,disappear,[np.int32(120)],[]
130,disappear,[np.int32(123)],[]
130,split,[np.int32(133)],"[np.int64(117), np.int64(131)]"
130,disappear,[np.int32(136)],[]
130,split,[np.int32(150)],"[np.int64(143), np.int64(155)]"
130,disappear,[np.int32(163)],[]
130,disappear,[np.int32(164)],[]
130,disappear,[np.int32(166)],[]
130,disappear,[np.int32(170)],[]
130,disappear,[np.int32(197)],[]
130,disappear,[np.int32(210)],[]
130,disappear,[np.int32(216)],[]
130,disappear,[np.int32(217)],[]
130,split,[np.int32(220)],"[np.int64(214), np.int64(222)]"
130,disappear,[np.int32(241)],[]
130,disappear,[np.int32(243)],[]
130,disappear,[np.int32(249)],[]
130,disappear,[np.int32(254)],[]
130,disappear,[np.int32(258)],[]
130,split,[np.int32(266)],"[np.int64(265), np.int64(283)]"
130,split,[np.int32(267)],"[np.int64(269), np.int64(282)]"
130,disappear,[np.int32(271)],[]
130,disappear,[np.int32(277)],[]
130,disappear,[np.int32(282)],[]
130,disappear,[np.int32(284)],[]
130,disappear,[np.int32(285)],[]
130,disappear,[np.int32(287)],[]
130,disappear,[np.int32(288)],[]
130,disappear,[np.int32(297)],[]
130,disappear,[np.int32(305)],[]
130,disappear,[np.int32(307)],[]
130,disappear,[np.int32(308)],[]
130,disappear,[np.int32(316)],[]
130,disappear,[np.int32(319)],[]
130,disappear,[np.int32(322)],[]
130,disappear,[np.int32(326)],[]
130,disappear,[np.int32(333)],[]
130,disappear,[np.int32(338)],[]
130,disappear,[np.int32(351)],[]
130,disappear,[np.int32(353)],[]
130,disappear,[np.int32(354)],[]
130,disappear,[np.int32(355)],[]
140,appear,[],[np.int32(1)]
140,appear,[],[np.int32(4)]
140,appear,[],[np.int32(8)]
140,appear,[],[np.int32(9)]
140,appear,[],[np.int32(35)]
140,appear,[],[np.int32(39)]
140,appear,[],[np.int32(40)]
140,appear,[],[np.int32(41)]
140,appear,[],[np.int32(43)]
140,appear,[],[np.int32(56)]
140,merge,"[np.int64(58), np.int64(72)]",[np.int32(60)]
140,appear,[],[np.int32(68)]
140,appear,[],[np.int32(69)]
140,appear,[],[np.int32(71)]
140,appear,[],[np.int32(81)]
140,appear,[],[np.int32(83)]
140,appear,[],[np.int32(89)]
140,appear,[],[np.int32(95)]
140,appear,[],[np.int32(102)]
140,appear,[],[np.int32(109)]
140,appear,[],[np.int32(110)]
140,appear,[],[np.int32(124)]
140,appear,[],[np.int32(136)]
140,appear,[],[np.int32(140)]
140,merge,"[np.int64(143), np.int64(155)]",[np.int32(141)]
140,appear,[],[np.int32(143)]
140,appear,[],[np.int32(145)]
140,appear,[],[np.int32(150)]
140,appear,[],[np.int32(158)]
140,appear,[],[np.int32(162)]
140,appear,[],[np.int32(183)]
140,appear,[],[np.int32(188)]
140,appear,[],[np.int32(189)]
140,appear,[],[np.int32(196)]
140,appear,[],[np.int32(198)]
140,appear,[],[np.int32(208)]
140,appear,[],[np.int32(209)]
140,appear,[],[np.int32(223)]
140,appear,[],[np.int32(224)]
140,appear,[],[np.int32(232)]
140,merge,"[np.int64(245), np.int64(257)]",[np.int32(249)]
140,appear,[],[np.int32(250)]
140,appear,[],[np.int32(253)]
140,appear,[],[np.int32(255)]
140,appear,[],[np.int32(256)]
140,appear,[],[np.int32(260)]
140,appear,[],[np.int32(261)]
140,appear,[],[np.int32(264)]
140,merge,"[np.int64(267), np.int64(283)]",[np.int32(271)]
140,appear,[],[np.int32(278)]
140,appear,[],[np.int32(279)]
140,appear,[],[np.int32(287)]
140,appear,[],[np.int32(294)]
140,appear,[],[np.int32(307)]
140,appear,[],[np.int32(309)]
140,appear,[],[np.int32(312)]
140,appear,[],[np.int32(315)]
140,appear,[],[np.int32(320)]
140,merge,"[np.int64(329), np.int64(339)]",[np.int32(334)]
140,appear,[],[np.int32(337)]
140,appear,[],[np.int32(338)]
140,appear,[],[np.int32(351)]
140,disappear,[np.int32(1)],[]
140,disappear,[np.int32(4)],[]
140,disappear,[np.int32(7)],[]
140,disappear,[np.int32(11)],[]
140,disappear,[np.int32(16)],[]
140,split,[np.int32(28)],"[np.int64(26), np.int64(29)]"
140,disappear,[np.int32(35)],[]
140,disappear,[np.int32(42)],[]
140,disappear,[np.int32(45)],[]
140,disappear,[np.int32(49)],[]
140,disappear,[np.int32(52)],[]
140,disappear,[np.int32(60)],[]
140,disappear,[np.int32(61)],[]
140,disappear,[np.int32(62)],[]
140,split,[np.int32(63)],"[np.int64(65), np.int64(78)]"
140,disappear,[np.int32(64)],[]
140,disappear,[np.int32(66)],[]
140,disappear,[np.int32(80)],[]
140,disappear,[np.int32(93)],[]
140,disappear,[np.int32(95)],[]
140,disappear,[np.int32(97)],[]
140,disappear,[np.int32(98)],[]
140,disappear,[np.int32(107)],[]
140,split,[np.int32(110)],"[np.int64(106), np.int64(127)]"
140,disappear,[np.int32(120)],[]
140,disappear,[np.int32(122)],[]
140,disappear,[np.int32(131)],[]
140,disappear,[np.int32(137)],[]
140,disappear,[np.int32(140)],[]
140,disappear,[np.int32(149)],[]
140,disappear,[np.int32(153)],[]
140,disappear,[np.int32(154)],[]
140,disappear,[np.int32(164)],[]
140,disappear,[np.int32(169)],[]
140,disappear,[np.int32(172)],[]
140,split,[np.int32(179)],"[np.int64(176), np.int64(182)]"
140,disappear,[np.int32(186)],[]
140,split,[np.int32(188)],"[np.int64(186), np.int64(187)]"
140,disappear,[np.int32(191)],[]
140,disappear,[np.int32(195)],[]
140,disappear,[np.int32(196)],[]
140,disappear,[np.int32(206)],[]
140,disappear,[np.int32(216)],[]
140,disappear,[np.int32(218)],[]
140,split,[np.int32(223)],"[np.int64(221), np.int64(228)]"
140,disappear,[np.int32(224)],[]
140,split,[np.int32(226)],"[np.int64(245), np.int64(248)]"
140,disappear,[np.int32(239)],[]
140,disappear,[np.int32(242)],[]
140,disappear,[np.int32(243)],[]
140,disappear,[np.int32(246)],[]
140,disappear,[np.int32(249)],[]
140,disappear,[np.int32(252)],[]
140,disappear,[np.int32(256)],[]
140,disappear,[np.int32(258)],[]
140,disappear,[np.int32(260)],[]
140,disappear,[np.int32(264)],[]
140,disappear,[np.int32(279)],[]
140,split,[np.int32(281)],"[np.int64(282), np.int64(284)]"
140,disappear,[np.int32(284)],[]
140,split,[np.int32(294)],"[np.int64(295), np.int64(304)]"
140,disappear,[np.int32(300)],[]
140,split,[np.int32(307)],"[np.int64(308), np.int64(318)]"
140,disappear,[np.int32(309)],[]
140,disappear,[np.int32(312)],[]
140,disappear,[np.int32(314)],[]
140,disappear,[np.int32(315)],[]
140,disappear,[np.int32(326)],[]
140,split,[np.int32(327)],"[np.int64(332), np.int64(348)]"
140,disappear,[np.int32(335)],[]
140,split,[np.int32(337)],"[np.int64(339), np.int64(344)]"
140,disappear,[np.int32(346)],[]
140,disappear,[np.int32(349)],[]
150,appear,[],[np.int32(1)]
150,appear,[],[np.int32(8)]
150,appear,[],[np.int32(10)]
150,appear,[],[np.int32(13)]
150,appear,[],[np.int32(16)]
150,appear,[],[np.int32(22)]
150,appear,[],[np.int32(23)]
150,appear,[],[np.int32(32)]
150,appear,[],[np.int32(35)]
150,appear,[],[np.int32(57)]
150,merge,"[np.int64(61), np.int64(62)]",[np.int32(61)]
150,appear,[],[np.int32(62)]
150,merge,"[np.int64(66), np.int64(68)]",[np.int32(67)]
150,appear,[],[np.int32(72)]
150,appear,[],[np.int32(78)]
150,appear,[],[np.int32(82)]
150,appear,[],[np.int32(84)]
150,appear,[],[np.int32(95)]
150,appear,[],[np.int32(97)]
150,appear,[],[np.int32(104)]
150,appear,[],[np.int32(108)]
150,appear,[],[np.int32(111)]
150,appear,[],[np.int32(113)]
150,merge,"[np.int64(124), np.int64(126)]",[np.int32(119)]
150,appear,[],[np.int32(135)]
150,appear,[],[np.int32(139)]
150,appear,[],[np.int32(140)]
150,appear,[],[np.int32(146)]
150,appear,[],[np.int32(147)]
150,appear,[],[np.int32(149)]
150,appear,[],[np.int32(155)]
150,appear,[],[np.int32(158)]
150,appear,[],[np.int32(159)]
150,appear,[],[np.int32(172)]
150,appear,[],[np.int32(174)]
150,appear,[],[np.int32(183)]
150,merge,"[np.int64(182), np.int64(189)]",[np.int32(187)]
150,merge,"[np.int64(186), np.int64(187)]",[np.int32(188)]
150,merge,"[np.int64(191), np.int64(202)]",[np.int32(192)]
150,appear,[],[np.int32(196)]
150,appear,[],[np.int32(206)]
150,appear,[],[np.int32(207)]
150,appear,[],[np.int32(218)]
150,appear,[],[np.int32(220)]
150,appear,[],[np.int32(221)]
150,appear,[],[np.int32(232)]
150,appear,[],[np.int32(242)]
150,appear,[],[np.int32(246)]
150,appear,[],[np.int32(248)]
150,appear,[],[np.int32(249)]
150,appear,[],[np.int32(252)]
150,appear,[],[np.int32(265)]
150,appear,[],[np.int32(268)]
150,appear,[],[np.int32(275)]
150,appear,[],[np.int32(276)]
150,appear,[],[np.int32(283)]
150,appear,[],[np.int32(290)]
150,appear,[],[np.int32(292)]
150,appear,[],[np.int32(296)]
150,appear,[],[np.int32(298)]
150,appear,[],[np.int32(304)]
150,appear,[],[np.int32(306)]
150,appear,[],[np.int32(310)]
150,appear,[],[np.int32(311)]
150,appear,[],[np.int32(314)]
150,appear,[],[np.int32(317)]
150,appear,[],[np.int32(318)]
150,appear,[],[np.int32(328)]
150,appear,[],[np.int32(338)]
150,disappear,[np.int32(8)],[]
150,disappear,[np.int32(13)],[]
150,disappear,[np.int32(16)],[]
150,split,[np.int32(31)],"[np.int64(33), np.int64(45)]"
150,disappear,[np.int32(32)],[]
150,disappear,[np.int32(35)],[]
150,disappear,[np.int32(41)],[]
150,disappear,[np.int32(43)],[]
150,disappear,[np.int32(49)],[]
150,disappear,[np.int32(56)],[]
150,disappear,[np.int32(57)],[]
150,disappear,[np.int32(65)],[]
150,split,[np.int32(67)],"[np.int64(65), np.int64(69)]"
150,disappear,[np.int32(69)],[]
150,disappear,[np.int32(71)],[]
150,disappear,[np.int32(74)],[]
150,disappear,[np.int32(83)],[]
150,disappear,[np.int32(93)],[]
150,disappear,[np.int32(100)],[]
150,disappear,[np.int32(110)],[]
150,split,[np.int32(117)],"[np.int64(118), np.int64(142)]"
150,disappear,[np.int32(138)],[]
150,disappear,[np.int32(140)],[]
150,disappear,[np.int32(145)],[]
150,disappear,[np.int32(146)],[]
150,disappear,[np.int32(150)],[]
150,disappear,[np.int32(158)],[]
150,disappear,[np.int32(160)],[]
150,disappear,[np.int32(167)],[]
150,disappear,[np.int32(175)],[]
150,disappear,[np.int32(183)],[]
150,disappear,[np.int32(184)],[]
150,disappear,[np.int32(185)],[]
150,disappear,[np.int32(194)],[]
150,disappear,[np.int32(196)],[]
150,split,[np.int32(206)],"[np.int64(204), np.int64(205)]"
150,disappear,[np.int32(209)],[]
150,disappear,[np.int32(214)],[]
150,disappear,[np.int32(217)],[]
150,disappear,[np.int32(222)],[]
150,disappear,[np.int32(223)],[]
150,disappear,[np.int32(224)],[]
150,disappear,[np.int32(226)],[]
150,disappear,[np.int32(232)],[]
150,disappear,[np.int32(236)],[]
150,disappear,[np.int32(237)],[]
150,disappear,[np.int32(239)],[]
150,disappear,[np.int32(245)],[]
150,disappear,[np.int32(250)],[]
150,disappear,[np.int32(260)],[]
150,disappear,[np.int32(261)],[]
150,disappear,[np.int32(269)],[]
150,disappear,[np.int32(272)],[]
150,disappear,[np.int32(274)],[]
150,disappear,[np.int32(279)],[]
150,disappear,[np.int32(283)],[]
150,disappear,[np.int32(287)],[]
150,disappear,[np.int32(291)],[]
150,disappear,[np.int32(297)],[]
150,disappear,[np.int32(300)],[]
150,disappear,[np.int32(304)],[]
150,disappear,[np.int32(307)],[]
150,disappear,[np.int32(309)],[]
150,disappear,[np.int32(310)],[]
150,disappear,[np.int32(315)],[]
150,split,[np.int32(316)],"[np.int64(312), np.int64(316)]"
150,disappear,[np.int32(322)],[]
150,disappear,[np.int32(323)],[]
150,disappear,[np.int32(330)],[]
150,disappear,[np.int32(340)],[]
160,merge,"[np.int64(2), np.int64(12)]",[np.int32(2)]
160,appear,[],[np.int32(3)]
160,appear,[],[np.int32(10)]
160,appear,[],[np.int32(13)]
160,appear,[],[np.int32(15)]
160,merge,"[np.int64(18), np.int64(23)]",[np.int32(18)]
160,appear,[],[np.int32(20)]
160,appear,[],[np.int32(22)]
160,appear,[],[np.int32(23)]
160,appear,[],[np.int32(38)]
160,appear,[],[np.int32(43)]
160,appear,[],[np.int32(48)]
160,appear,[],[np.int32(53)]
160,appear,[],[np.int32(64)]
160,appear,[],[np.int32(69)]
160,appear,[],[np.int32(70)]
160,appear,[],[np.int32(87)]
160,appear,[],[np.int32(89)]
160,merge,"[np.int64(95), np.int64(100)]",[np.int32(93)]
160,appear,[],[np.int32(95)]
160,appear,[],[np.int32(96)]
160,appear,[],[np.int32(101)]
160,appear,[],[np.int32(107)]
160,appear,[],[np.int32(108)]
160,appear,[],[np.int32(112)]
160,appear,[],[np.int32(113)]
160,appear,[],[np.int32(121)]
160,appear,[],[np.int32(124)]
160,appear,[],[np.int32(142)]
160,appear,[],[np.int32(145)]
160,appear,[],[np.int32(147)]
160,appear,[],[np.int32(153)]
160,appear,[],[np.int32(154)]
160,appear,[],[np.int32(160)]
160,appear,[],[np.int32(167)]
160,appear,[],[np.int32(169)]
160,appear,[],[np.int32(173)]
160,appear,[],[np.int32(174)]
160,merge,"[np.int64(181), np.int64(187)]",[np.int32(179)]
160,appear,[],[np.int32(181)]
160,appear,[],[np.int32(184)]
160,appear,[],[np.int32(188)]
160,appear,[],[np.int32(192)]
160,appear,[],[np.int32(200)]
160,appear,[],[np.int32(208)]
160,appear,[],[np.int32(212)]
160,appear,[],[np.int32(224)]
160,appear,[],[np.int32(228)]
160,merge,"[np.int64(245), np.int64(250)]",[np.int32(241)]
160,appear,[],[np.int32(255)]
160,appear,[],[np.int32(256)]
160,appear,[],[np.int32(266)]
160,appear,[],[np.int32(269)]
160,appear,[],[np.int32(276)]
160,merge,"[np.int64(277), np.int64(291)]",[np.int32(281)]
160,appear,[],[np.int32(288)]
160,appear,[],[np.int32(295)]
160,appear,[],[np.int32(298)]
160,appear,[],[np.int32(299)]
160,appear,[],[np.int32(303)]
160,appear,[],[np.int32(305)]
160,appear,[],[np.int32(318)]
160,appear,[],[np.int32(321)]
160,appear,[],[np.int32(329)]
160,appear,[],[np.int32(346)]
160,appear,[],[np.int32(348)]
160,disappear,[np.int32(4)],[]
160,disappear,[np.int32(14)],[]
160,disappear,[np.int32(15)],[]
160,disappear,[np.int32(16)],[]
160,disappear,[np.int32(17)],[]
160,disappear,[np.int32(20)],[]
160,disappear,[np.int32(35)],[]
160,disappear,[np.int32(37)],[]
160,disappear,[np.int32(43)],[]
160,disappear,[np.int32(46)],[]
160,disappear,[np.int32(60)],[]
160,disappear,[np.int32(71)],[]
160,disappear,[np.int32(78)],[]
160,disappear,[np.int32(80)],[]
160,disappear,[np.int32(83)],[]
160,disappear,[np.int32(91)],[]
160,disappear,[np.int32(104)],[]
160,disappear,[np.int32(105)],[]
160,disappear,[np.int32(109)],[]
160,disappear,[np.int32(113)],[]
160,disappear,[np.int32(116)],[]
160,disappear,[np.int32(133)],[]
160,disappear,[np.int32(135)],[]
160,disappear,[np.int32(140)],[]
160,disappear,[np.int32(146)],[]
160,disappear,[np.int32(156)],[]
160,disappear,[np.int32(159)],[]
160,disappear,[np.int32(163)],[]
160,disappear,[np.int32(166)],[]
160,disappear,[np.int32(171)],[]
160,disappear,[np.int32(186)],[]
160,disappear,[np.int32(189)],[]
160,disappear,[np.int32(190)],[]
160,split,[np.int32(192)],"[np.int64(196), np.int64(201)]"
160,disappear,[np.int32(195)],[]
160,disappear,[np.int32(198)],[]
160,disappear,[np.int32(203)],[]
160,disappear,[np.int32(216)],[]
160,disappear,[np.int32(221)],[]
160,disappear,[np.int32(231)],[]
160,disappear,[np.int32(232)],[]
160,disappear,[np.int32(238)],[]
160,split,[np.int32(245)],"[np.int64(241), np.int64(257)]"
160,disappear,[np.int32(249)],[]
160,disappear,[np.int32(255)],[]
160,disappear,[np.int32(256)],[]
160,disappear,[np.int32(268)],[]
160,disappear,[np.int32(270)],[]
160,disappear,[np.int32(276)],[]
160,disappear,[np.int32(279)],[]
160,disappear,[np.int32(290)],[]
160,disappear,[np.int32(293)],[]
160,disappear,[np.int32(297)],[]
160,disappear,[np.int32(303)],[]
160,disappear,[np.int32(306)],[]
160,disappear,[np.int32(315)],[]
160,disappear,[np.int32(318)],[]
160,disappear,[np.int32(321)],[]
160,disappear,[np.int32(327)],[]
160,split,[np.int32(329)],"[np.int64(326), np.int64(336)]"
160,disappear,[np.int32(331)],[]
170,appear,[],[np.int32(2)]
170,appear,[],[np.int32(4)]
170,appear,[],[np.int32(8)]
170,merge,"[np.int64(22), np.int64(32)]",[np.int32(16)]
170,appear,[],[np.int32(17)]
170,appear,[],[np.int32(37)]
170,appear,[],[np.int32(41)]
170,appear,[],[np.int32(47)]
170,appear,[],[np.int32(60)]
170,appear,[],[np.int32(70)]
170,appear,[],[np.int32(71)]
170,appear,[],[np.int32(75)]
170,merge,"[np.int64(83), np.int64(89)]",[np.int32(77)]
170,merge,"[np.int64(144), np.int64(152)]",[np.int32(132)]
170,appear,[],[np.int32(134)]
170,appear,[],[np.int32(138)]
170,appear,[],[np.int32(140)]
170,appear,[],[np.int32(141)]
170,appear,[],[np.int32(146)]
170,merge,"[np.int64(174), np.int64(179)]",[np.int32(158)]
170,appear,[],[np.int32(162)]
170,merge,"[np.int64(214), np.int64(221)]",[np.int32(198)]
170,appear,[],[np.int32(210)]
170,appear,[],[np.int32(227)]
170,appear,[],[np.int32(243)]
170,appear,[],[np.int32(251)]
170,appear,[],[np.int32(253)]
170,appear,[],[np.int32(265)]
170,appear,[],[np.int32(266)]
170,appear,[],[np.int32(274)]
170,appear,[],[np.int32(283)]
170,appear,[],[np.int32(284)]
170,appear,[],[np.int32(291)]
170,appear,[],[np.int32(293)]
170,appear,[],[np.int32(299)]
170,appear,[],[np.int32(301)]
170,appear,[],[np.int32(313)]
170,merge,"[np.int64(342), np.int64(348)]",[np.int32(326)]
170,appear,[],[np.int32(328)]
170,appear,[],[np.int32(331)]
170,appear,[],[np.int32(334)]
170,disappear,[np.int32(1)],[]
170,disappear,[np.int32(8)],[]
170,disappear,[np.int32(10)],[]
170,disappear,[np.int32(11)],[]
170,disappear,[np.int32(13)],[]
170,split,[np.int32(18)],"[np.int64(20), np.int64(22)]"
170,disappear,[np.int32(19)],[]
170,disappear,[np.int32(20)],[]
170,disappear,[np.int32(23)],[]
170,disappear,[np.int32(27)],[]
170,split,[np.int32(32)],"[np.int64(16), np.int64(27)]"
170,disappear,[np.int32(41)],[]
170,disappear,[np.int32(44)],[]
170,split,[np.int32(46)],"[np.int64(43), np.int64(52)]"
170,disappear,[np.int32(52)],[]
170,disappear,[np.int32(55)],[]
170,split,[np.int32(62)],"[np.int64(55), np.int64(68)]"
170,disappear,[np.int32(64)],[]
170,disappear,[np.int32(65)],[]
170,split,[np.int32(67)],"[np.int64(62), np.int64(65)]"
170,disappear,[np.int32(71)],[]
170,split,[np.int32(79)],"[np.int64(73), np.int64(84)]"
170,disappear,[np.int32(87)],[]
170,disappear,[np.int32(88)],[]
170,disappear,[np.int32(105)],[]
170,disappear,[np.int32(107)],[]
170,disappear,[np.int32(112)],[]
170,disappear,[np.int32(113)],[]
170,disappear,[np.int32(115)],[]
170,split,[np.int32(120)],"[np.int64(109), np.int64(122), np.int64(130)]"
170,disappear,[np.int32(124)],[]
170,disappear,[np.int32(134)],[]
170,disappear,[np.int32(136)],[]
170,disappear,[np.int32(139)],[]
170,disappear,[np.int32(142)],[]
170,disappear,[np.int32(146)],[]
170,disappear,[np.int32(149)],[]
170,disappear,[np.int32(154)],[]
170,disappear,[np.int32(158)],[]
170,disappear,[np.int32(159)],[]
170,disappear,[np.int32(160)],[]
170,disappear,[np.int32(165)],[]
170,disappear,[np.int32(176)],[]
170,disappear,[np.int32(181)],[]
170,split,[np.int32(191)],"[np.int64(172), np.int64(195)]"
170,disappear,[np.int32(192)],[]
170,disappear,[np.int32(197)],[]
170,split,[np.int32(202)],"[np.int64(185), np.int64(186)]"
170,disappear,[np.int32(222)],[]
170,disappear,[np.int32(225)],[]
170,disappear,[np.int32(228)],[]
170,split,[np.int32(237)],"[np.int64(208), np.int64(223)]"
170,disappear,[np.int32(248)],[]
170,disappear,[np.int32(255)],[]
170,split,[np.int32(265)],"[np.int64(248), np.int64(260)]"
170,disappear,[np.int32(269)],[]
170,disappear,[np.int32(272)],[]
170,disappear,[np.int32(280)],[]
170,split,[np.int32(281)],"[np.int64(263), np.int64(271)]"
170,disappear,[np.int32(282)],[]
170,disappear,[np.int32(284)],[]
170,disappear,[np.int32(286)],[]
170,disappear,[np.int32(287)],[]
170,disappear,[np.int32(294)],[]
170,disappear,[np.int32(303)],[]
170,disappear,[np.int32(318)],[]
170,disappear,[np.int32(344)],[]
170,disappear,[np.int32(346)],[]
180,appear,[],[np.int32(7)]
180,appear,[],[np.int32(12)]
180,appear,[],[np.int32(17)]
180,appear,[],[np.int32(32)]
180,appear,[],[np.int32(42)]
180,appear,[],[np.int32(44)]
180,appear,[],[np.int32(45)]
180,appear,[],[np.int32(48)]
180,appear,[],[np.int32(70)]
180,appear,[],[np.int32(78)]
180,appear,[],[np.int32(82)]
180,appear,[],[np.int32(83)]
180,appear,[],[np.int32(85)]
180,appear,[],[np.int32(102)]
180,appear,[],[np.int32(104)]
180,appear,[],[np.int32(105)]
180,appear,[],[np.int32(121)]
180,appear,[],[np.int32(126)]
180,appear,[],[np.int32(130)]
180,appear,[],[np.int32(131)]
180,appear,[],[np.int32(136)]
180,appear,[],[np.int32(139)]
180,appear,[],[np.int32(153)]
180,merge,"[np.int64(154), np.int64(158)]",[np.int32(156)]
180,appear,[],[np.int32(162)]
180,appear,[],[np.int32(165)]
180,appear,[],[np.int32(167)]
180,appear,[],[np.int32(175)]
180,appear,[],[np.int32(184)]
180,appear,[],[np.int32(206)]
180,appear,[],[np.int32(207)]
180,appear,[],[np.int32(219)]
180,appear,[],[np.int32(220)]
180,appear,[],[np.int32(223)]
180,appear,[],[np.int32(224)]
180,appear,[],[np.int32(225)]
180,appear,[],[np.int32(233)]
180,appear,[],[np.int32(255)]
180,merge,"[np.int64(255), np.int64(269)]",[np.int32(261)]
180,appear,[],[np.int32(262)]
180,appear,[],[np.int32(268)]
180,appear,[],[np.int32(270)]
180,merge,"[np.int64(287), np.int64(291)]",[np.int32(277)]
180,appear,[],[np.int32(281)]
180,appear,[],[np.int32(283)]
180,appear,[],[np.int32(293)]
180,appear,[],[np.int32(299)]
180,appear,[],[np.int32(301)]
180,appear,[],[np.int32(303)]
180,merge,"[np.int64(312), np.int64(325)]",[np.int32(305)]
180,appear,[],[np.int32(317)]
180,appear,[],[np.int32(322)]
180,appear,[],[np.int32(330)]
180,appear,[],[np.int32(331)]
180,disappear,[np.int32(13)],[]
180,split,[np.int32(16)],"[np.int64(22), np.int64(34)]"
180,disappear,[np.int32(20)],[]
180,disappear,[np.int32(37)],[]
180,disappear,[np.int32(38)],[]
180,disappear,[np.int32(42)],[]
180,disappear,[np.int32(43)],[]
180,disappear,[np.int32(47)],[]
180,split,[np.int32(57)],"[np.int64(56), np.int64(67)]"
180,disappear,[np.int32(68)],[]
180,disappear,[np.int32(70)],[]
180,disappear,[np.int32(71)],[]
180,disappear,[np.int32(75)],[]
180,disappear,[np.int32(80)],[]
180,disappear,[np.int32(82)],[]
180,disappear,[np.int32(84)],[]
180,disappear,[np.int32(87)],[]
180,split,[np.int32(90)],"[np.int64(89), np.int64(97)]"
180,disappear,[np.int32(97)],[]
180,disappear,[np.int32(99)],[]
180,disappear,[np.int32(101)],[]
180,disappear,[np.int32(103)],[]
180,disappear,[np.int32(116)],[]
180,disappear,[np.int32(122)],[]
180,disappear,[np.int32(134)],[]
180,disappear,[np.int32(140)],[]
180,disappear,[np.int32(141)],[]
180,disappear,[np.int32(152)],[]
180,disappear,[np.int32(155)],[]
180,split,[np.int32(158)],"[np.int64(156), np.int64(157), np.int64(177)]"
180,disappear,[np.int32(167)],[]
180,disappear,[np.int32(171)],[]
180,disappear,[np.int32(174)],[]
180,disappear,[np.int32(182)],[]
180,disappear,[np.int32(185)],[]
180,disappear,[np.int32(195)],[]
180,split,[np.int32(198)],"[np.int64(198), np.int64(203)]"
180,disappear,[np.int32(199)],[]
180,disappear,[np.int32(204)],[]
180,disappear,[np.int32(205)],[]
180,disappear,[np.int32(208)],[]
180,disappear,[np.int32(211)],[]
180,split,[np.int32(218)],"[np.int64(213), np.int64(230)]"
180,disappear,[np.int32(221)],[]
180,disappear,[np.int32(222)],[]
180,disappear,[np.int32(223)],[]
180,disappear,[np.int32(225)],[]
180,disappear,[np.int32(227)],[]
180,disappear,[np.int32(239)],[]
180,split,[np.int32(241)],"[np.int64(240), np.int64(241)]"
180,disappear,[np.int32(243)],[]
180,disappear,[np.int32(244)],[]
180,disappear,[np.int32(245)],[]
180,disappear,[np.int32(252)],[]
180,split,[np.int32(263)],"[np.int64(256), np.int64(260)]"
180,disappear,[np.int32(265)],[]
180,disappear,[np.int32(266)],[]
180,disappear,[np.int32(272)],[]
180,disappear,[np.int32(274)],[]
180,disappear,[np.int32(278)],[]
180,disappear,[np.int32(283)],[]
180,disappear,[np.int32(285)],[]
180,disappear,[np.int32(293)],[]
180,disappear,[np.int32(302)],[]
180,disappear,[np.int32(315)],[]
180,disappear,[np.int32(316)],[]
180,split,[np.int32(318)],"[np.int64(311), np.int64(324)]"
180,disappear,[np.int32(328)],[]
190,appear,[],[np.int32(8)]
190,appear,[],[np.int32(10)]
190,appear,[],[np.int32(14)]
190,appear,[],[np.int32(16)]
190,merge,"[np.int64(22), np.int64(34)]",[np.int32(17)]
190,merge,"[np.int64(20), np.int64(31)]",[np.int32(18)]
190,appear,[],[np.int32(26)]
190,appear,[],[np.int32(36)]
190,appear,[],[np.int32(39)]
190,appear,[],[np.int32(40)]
190,appear,[],[np.int32(44)]
190,appear,[],[np.int32(46)]
190,appear,[],[np.int32(58)]
190,appear,[],[np.int32(69)]
190,appear,[],[np.int32(76)]
190,appear,[],[np.int32(90)]
190,appear,[],[np.int32(92)]
190,appear,[],[np.int32(94)]
190,appear,[],[np.int32(99)]
190,merge,"[np.int64(110), np.int64(119)]",[np.int32(100)]
190,appear,[],[np.int32(104)]
190,appear,[],[np.int32(105)]
190,appear,[],[np.int32(116)]
190,appear,[],[np.int32(117)]
190,appear,[],[np.int32(122)]
190,appear,[],[np.int32(125)]
190,appear,[],[np.int32(126)]
190,appear,[],[np.int32(130)]
190,appear,[],[np.int32(134)]
190,appear,[],[np.int32(139)]
190,appear,[],[np.int32(142)]
190,appear,[],[np.int32(143)]
190,appear,[],[np.int32(146)]
190,appear,[],[np.int32(147)]
190,appear,[],[np.int32(158)]
190,appear,[],[np.int32(167)]
190,appear,[],[np.int32(175)]
190,appear,[],[np.int32(181)]
190,merge,"[np.int64(187), np.int64(197)]",[np.int32(185)]
190,appear,[],[np.int32(187)]
190,merge,"[np.int64(190), np.int64(202)]",[np.int32(188)]
190,appear,[],[np.int32(190)]
190,appear,[],[np.int32(191)]
190,appear,[],[np.int32(201)]
190,appear,[],[np.int32(202)]
190,appear,[],[np.int32(203)]
190,appear,[],[np.int32(206)]
190,merge,"[np.int64(213), np.int64(230)]",[np.int32(210)]
190,appear,[],[np.int32(216)]
190,appear,[],[np.int32(219)]
190,appear,[],[np.int32(221)]
190,appear,[],[np.int32(226)]
190,appear,[],[np.int32(232)]
190,appear,[],[np.int32(246)]
190,appear,[],[np.int32(255)]
190,appear,[],[np.int32(258)]
190,appear,[],[np.int32(261)]
190,appear,[],[np.int32(267)]
190,appear,[],[np.int32(274)]
190,merge,"[np.int64(275), np.int64(278)]",[np.int32(276)]
190,appear,[],[np.int32(292)]
190,appear,[],[np.int32(296)]
190,appear,[],[np.int32(299)]
190,appear,[],[np.int32(300)]
190,appear,[],[np.int32(309)]
190,appear,[],[np.int32(323)]
190,disappear,[np.int32(1)],[]
190,disappear,[np.int32(2)],[]
190,disappear,[np.int32(3)],[]
190,disappear,[np.int32(6)],[]
190,disappear,[np.int32(7)],[]
190,disappear,[np.int32(12)],[]
190,disappear,[np.int32(17)],[]
190,disappear,[np.int32(19)],[]
190,disappear,[np.int32(30)],[]
190,disappear,[np.int32(40)],[]
190,disappear,[np.int32(44)],[]
190,disappear,[np.int32(48)],[]
190,disappear,[np.int32(55)],[]
190,disappear,[np.int32(67)],[]
190,disappear,[np.int32(77)],[]
190,disappear,[np.int32(78)],[]
190,disappear,[np.int32(82)],[]
190,disappear,[np.int32(83)],[]
190,disappear,[np.int32(85)],[]
190,disappear,[np.int32(97)],[]
190,disappear,[np.int32(99)],[]
190,disappear,[np.int32(101)],[]
190,disappear,[np.int32(102)],[]
190,disappear,[np.int32(103)],[]
190,disappear,[np.int32(104)],[]
190,disappear,[np.int32(105)],[]
190,disappear,[np.int32(126)],[]
190,disappear,[np.int32(127)],[]
190,disappear,[np.int32(128)],[]
190,disappear,[np.int32(130)],[]
190,disappear,[np.int32(133)],[]
190,disappear,[np.int32(138)],[]
190,disappear,[np.int32(143)],[]
190,disappear,[np.int32(152)],[]
190,disappear,[np.int32(153)],[]
190,split,[np.int32(156)],"[np.int64(145), np.int64(161)]"
190,disappear,[np.int32(189)],[]
190,disappear,[np.int32(198)],[]
190,disappear,[np.int32(205)],[]
190,disappear,[np.int32(206)],[]
190,disappear,[np.int32(207)],[]
190,disappear,[np.int32(220)],[]
190,disappear,[np.int32(225)],[]
190,disappear,[np.int32(231)],[]
190,disappear,[np.int32(255)],[]
190,disappear,[np.int32(262)],[]
190,disappear,[np.int32(270)],[]
190,disappear,[np.int32(273)],[]
190,disappear,[np.int32(282)],[]
190,disappear,[np.int32(291)],[]
190,disappear,[np.int32(294)],[]
190,disappear,[np.int32(296)],[]
190,disappear,[np.int32(299)],[]
190,disappear,[np.int32(304)],[]
190,split,[np.int32(305)],"[np.int64(298), np.int64(317)]"
190,disappear,[np.int32(306)],[]
190,disappear,[np.int32(309)],[]
190,disappear,[np.int32(317)],[]
190,disappear,[np.int32(321)],[]
190,disappear,[np.int32(322)],[]
190,disappear,[np.int32(323)],[]
190,disappear,[np.int32(324)],[]
190,disappear,[np.int32(325)],[]
200,appear,[],[np.int32(1)]
200,appear,[],[np.int32(4)]
200,appear,[],[np.int32(8)]
200,appear,[],[np.int32(12)]
200,appear,[],[np.int32(17)]
200,appear,[],[np.int32(22)]
200,appear,[],[np.int32(25)]
200,appear,[],[np.int32(28)]
200,appear,[],[np.int32(36)]
200,appear,[],[np.int32(43)]
200,appear,[],[np.int32(52)]
200,merge,"[np.int64(62), np.int64(68)]",[np.int32(67)]
200,appear,[],[np.int32(68)]
200,appear,[],[np.int32(74)]
200,appear,[],[np.int32(81)]
200,appear,[],[np.int32(85)]
200,appear,[],[np.int32(89)]
200,appear,[],[np.int32(103)]
200,appear,[],[np.int32(104)]
200,appear,[],[np.int32(126)]
200,appear,[],[np.int32(128)]
200,appear,[],[np.int32(129)]
200,appear,[],[np.int32(130)]
200,appear,[],[np.int32(135)]
200,appear,[],[np.int32(136)]
200,appear,[],[np.int32(138)]
200,appear,[],[np.int32(148)]
200,appear,[],[np.int32(153)]
200,appear,[],[np.int32(162)]
200,merge,"[np.int64(148), np.int64(177)]",[np.int32(173)]
200,appear,[],[np.int32(174)]
200,appear,[],[np.int32(175)]
200,appear,[],[np.int32(183)]
200,appear,[],[np.int32(189)]
200,appear,[],[np.int32(193)]
200,appear,[],[np.int32(209)]
200,appear,[],[np.int32(212)]
200,appear,[],[np.int32(213)]
200,appear,[],[np.int32(214)]
200,appear,[],[np.int32(242)]
200,appear,[],[np.int32(257)]
200,appear,[],[np.int32(261)]
200,appear,[],[np.int32(267)]
200,appear,[],[np.int32(273)]
200,appear,[],[np.int32(279)]
200,appear,[],[np.int32(281)]
200,appear,[],[np.int32(286)]
200,appear,[],[np.int32(287)]
200,appear,[],[np.int32(289)]
200,appear,[],[np.int32(293)]
200,appear,[],[np.int32(304)]
200,appear,[],[np.int32(306)]
200,appear,[],[np.int32(313)]
200,appear,[],[np.int32(316)]
200,appear,[],[np.int32(324)]
200,appear,[],[np.int32(325)]
200,appear,[],[np.int32(330)]
200,disappear,[np.int32(8)],[]
200,disappear,[np.int32(16)],[]
200,split,[np.int32(18)],"[np.int64(21), np.int64(35)]"
200,disappear,[np.int32(26)],[]
200,disappear,[np.int32(34)],[]
200,disappear,[np.int32(40)],[]
200,disappear,[np.int32(46)],[]
200,disappear,[np.int32(52)],[]
200,disappear,[np.int32(57)],[]
200,disappear,[np.int32(58)],[]
200,disappear,[np.int32(60)],[]
200,split,[np.int32(61)],"[np.int64(62), np.int64(64)]"
200,disappear,[np.int32(63)],[]
200,disappear,[np.int32(87)],[]
200,split,[np.int32(89)],"[np.int64(92), np.int64(93)]"
200,disappear,[np.int32(104)],[]
200,disappear,[np.int32(111)],[]
200,disappear,[np.int32(116)],[]
200,disappear,[np.int32(119)],[]
200,disappear,[np.int32(124)],[]
200,disappear,[np.int32(126)],[]
200,disappear,[np.int32(134)],[]
200,disappear,[np.int32(139)],[]
200,disappear,[np.int32(141)],[]
200,disappear,[np.int32(143)],[]
200,disappear,[np.int32(147)],[]
200,split,[np.int32(148)],"[np.int64(154), np.int64(173)]"
200,disappear,[np.int32(157)],[]
200,split,[np.int32(163)],"[np.int64(169), np.int64(191)]"
200,disappear,[np.int32(166)],[]
200,disappear,[np.int32(169)],[]
200,disappear,[np.int32(175)],[]
200,disappear,[np.int32(178)],[]
200,split,[np.int32(185)],"[np.int64(195), np.int64(200)]"
200,split,[np.int32(188)],"[np.int64(196), np.int64(211)]"
200,disappear,[np.int32(192)],[]
200,disappear,[np.int32(195)],[]
200,split,[np.int32(196)],"[np.int64(203), np.int64(206)]"
200,disappear,[np.int32(202)],[]
200,disappear,[np.int32(203)],[]
200,disappear,[np.int32(204)],[]
200,disappear,[np.int32(216)],[]
200,disappear,[np.int32(246)],[]
200,split,[np.int32(248)],"[np.int64(258), np.int64(277)]"
200,split,[np.int32(252)],"[np.int64(264), np.int64(269)]"
200,disappear,[np.int32(253)],[]
200,disappear,[np.int32(258)],[]
200,disappear,[np.int32(261)],[]
200,disappear,[np.int32(267)],[]
200,disappear,[np.int32(268)],[]
200,disappear,[np.int32(270)],[]
200,disappear,[np.int32(275)],[]
200,split,[np.int32(276)],"[np.int64(288), np.int64(295)]"
200,disappear,[np.int32(279)],[]
200,disappear,[np.int32(280)],[]
200,disappear,[np.int32(292)],[]
200,disappear,[np.int32(296)],[]
200,disappear,[np.int32(302)],[]
200,disappear,[np.int32(303)],[]
200,disappear,[np.int32(309)],[]
200,disappear,[np.int32(312)],[]
200,disappear,[np.int32(313)],[]
200,disappear,[np.int32(322)],[]
210,appear,[],[np.int32(9)]
210,appear,[],[np.int32(15)]
210,appear,[],[np.int32(20)]
210,appear,[],[np.int32(36)]
210,appear,[],[np.int32(51)]
210,appear,[],[np.int32(63)]
210,appear,[],[np.int32(76)]
210,appear,[],[np.int32(79)]
210,appear,[],[np.int32(83)]
210,appear,[],[np.int32(89)]
210,appear,[],[np.int32(96)]
210,appear,[],[np.int32(103)]
210,appear,[],[np.int32(115)]
210,appear,[],[np.int32(117)]
210,appear,[],[np.int32(130)]
210,appear,[],[np.int32(141)]
210,merge,"[np.int64(167), np.int64(180)]",[np.int32(154)]
210,appear,[],[np.int32(176)]
210,appear,[],[np.int32(181)]
210,appear,[],[np.int32(191)]
210,appear,[],[np.int32(205)]
210,appear,[],[np.int32(209)]
210,appear,[],[np.int32(213)]
210,appear,[],[np.int32(216)]
210,appear,[],[np.int32(225)]
210,appear,[],[np.int32(226)]
210,appear,[],[np.int32(227)]
210,appear,[],[np.int32(231)]
210,appear,[],[np.int32(245)]
210,merge,"[np.int64(260), np.int64(261)]",[np.int32(254)]
210,appear,[],[np.int32(255)]
210,merge,"[np.int64(264), np.int64(269)]",[np.int32(260)]
210,appear,[],[np.int32(264)]
210,appear,[],[np.int32(265)]
210,appear,[],[np.int32(275)]
210,appear,[],[np.int32(278)]
210,appear,[],[np.int32(280)]
210,appear,[],[np.int32(285)]
210,appear,[],[np.int32(287)]
210,appear,[],[np.int32(291)]
210,appear,[],[np.int32(294)]
210,appear,[],[np.int32(295)]
210,appear,[],[np.int32(302)]
210,appear,[],[np.int32(306)]
210,appear,[],[np.int32(315)]
210,appear,[],[np.int32(327)]
210,appear,[],[np.int32(328)]
210,disappear,[np.int32(1)],[]
210,disappear,[np.int32(8)],[]
210,split,[np.int32(15)],"[np.int64(14), np.int64(25)]"
210,disappear,[np.int32(19)],[]
210,disappear,[np.int32(22)],[]
210,disappear,[np.int32(23)],[]
210,disappear,[np.int32(25)],[]
210,disappear,[np.int32(36)],[]
210,disappear,[np.int32(52)],[]
210,split,[np.int32(60)],"[np.int64(54), np.int64(64)]"
210,disappear,[np.int32(63)],[]
210,disappear,[np.int32(64)],[]
210,disappear,[np.int32(68)],[]
210,disappear,[np.int32(69)],[]
210,disappear,[np.int32(71)],[]
210,disappear,[np.int32(85)],[]
210,disappear,[np.int32(88)],[]
210,disappear,[np.int32(93)],[]
210,disappear,[np.int32(95)],[]
210,disappear,[np.int32(97)],[]
210,disappear,[np.int32(102)],[]
210,disappear,[np.int32(103)],[]
210,split,[np.int32(108)],"[np.int64(101), np.int64(108)]"
210,disappear,[np.int32(109)],[]
210,disappear,[np.int32(120)],[]
210,disappear,[np.int32(126)],[]
210,disappear,[np.int32(129)],[]
210,disappear,[np.int32(130)],[]
210,disappear,[np.int32(138)],[]
210,disappear,[np.int32(143)],[]
210,disappear,[np.int32(144)],[]
210,disappear,[np.int32(151)],[]
210,disappear,[np.int32(153)],[]
210,disappear,[np.int32(179)],[]
210,disappear,[np.int32(187)],[]
210,disappear,[np.int32(191)],[]
210,disappear,[np.int32(193)],[]
210,split,[np.int32(219)],"[np.int64(208), np.int64(228)]"
210,disappear,[np.int32(226)],[]
210,disappear,[np.int32(228)],[]
210,disappear,[np.int32(259)],[]
210,split,[np.int32(263)],"[np.int64(262), np.int64(267)]"
210,disappear,[np.int32(273)],[]
210,disappear,[np.int32(274)],[]
210,disappear,[np.int32(275)],[]
210,disappear,[np.int32(286)],[]
210,disappear,[np.int32(287)],[]
210,disappear,[np.int32(293)],[]
210,disappear,[np.int32(295)],[]
210,disappear,[np.int32(298)],[]
210,disappear,[np.int32(299)],[]
210,disappear,[np.int32(302)],[]
210,disappear,[np.int32(303)],[]
210,disappear,[np.int32(304)],[]
210,disappear,[np.int32(306)],[]
210,disappear,[np.int32(309)],[]
210,disappear,[np.int32(314)],[]
210,split,[np.int32(315)],"[np.int64(305), np.int64(308)]"
210,disappear,[np.int32(316)],[]
210,disappear,[np.int32(335)],[]
210,disappear,[np.int32(336)],[]
220,appear,[],[np.int32(7)]
220,appear,[],[np.int32(9)]
220,merge,"[np.int64(13), np.int64(16)]",[np.int32(13)]
220,appear,[],[np.int32(17)]
220,appear,[],[np.int32(18)]
220,appear,[],[np.int32(19)]
220,appear,[],[np.int32(20)]
220,appear,[],[np.int32(30)]
220,appear,[],[np.int32(34)]
220,appear,[],[np.int32(54)]
220,appear,[],[np.int32(67)]
220,appear,[],[np.int32(71)]
220,appear,[],[np.int32(75)]
220,appear,[],[np.int32(87)]
220,appear,[],[np.int32(90)]
220,appear,[],[np.int32(93)]
220,appear,[],[np.int32(95)]
220,appear,[],[np.int32(99)]
220,appear,[],[np.int32(102)]
220,merge,"[np.int64(101), np.int64(108)]",[np.int32(103)]
220,appear,[],[np.int32(111)]
220,appear,[],[np.int32(113)]
220,appear,[],[np.int32(124)]
220,appear,[],[np.int32(133)]
220,appear,[],[np.int32(138)]
220,appear,[],[np.int32(142)]
220,merge,"[np.int64(153), np.int64(158)]",[np.int32(155)]
220,appear,[],[np.int32(174)]
220,appear,[],[np.int32(176)]
220,appear,[],[np.int32(179)]
220,appear,[],[np.int32(192)]
220,appear,[],[np.int32(206)]
220,appear,[],[np.int32(220)]
220,merge,"[np.int64(223), np.int64(226)]",[np.int32(222)]
220,appear,[],[np.int32(227)]
220,appear,[],[np.int32(265)]
220,appear,[],[np.int32(273)]
220,appear,[],[np.int32(277)]
220,appear,[],[np.int32(280)]
220,appear,[],[np.int32(281)]
220,appear,[],[np.int32(285)]
220,appear,[],[np.int32(287)]
220,appear,[],[np.int32(288)]
220,appear,[],[np.int32(291)]
220,appear,[],[np.int32(293)]
220,appear,[],[np.int32(294)]
220,appear,[],[np.int32(297)]
220,appear,[],[np.int32(305)]
220,appear,[],[np.int32(309)]
220,appear,[],[np.int32(315)]
220,disappear,[np.int32(10)],[]
220,disappear,[np.int32(15)],[]
220,disappear,[np.int32(18)],[]
220,disappear,[np.int32(19)],[]
220,disappear,[np.int32(20)],[]
220,split,[np.int32(29)],"[np.int64(26), np.int64(28)]"
220,disappear,[np.int32(34)],[]
220,disappear,[np.int32(48)],[]
220,disappear,[np.int32(64)],[]
220,split,[np.int32(69)],"[np.int64(69), np.int64(81)]"
220,disappear,[np.int32(75)],[]
220,disappear,[np.int32(76)],[]
220,disappear,[np.int32(81)],[]
220,disappear,[np.int32(83)],[]
220,disappear,[np.int32(84)],[]
220,disappear,[np.int32(88)],[]
220,disappear,[np.int32(89)],[]
220,disappear,[np.int32(93)],[]
220,disappear,[np.int32(96)],[]
220,disappear,[np.int32(104)],[]
220,disappear,[np.int32(117)],[]
220,disappear,[np.int32(124)],[]
220,disappear,[np.int32(130)],[]
220,disappear,[np.int32(138)],[]
220,split,[np.int32(144)],"[np.int64(146), np.int64(151)]"
220,disappear,[np.int32(148)],[]
220,disappear,[np.int32(151)],[]
220,disappear,[np.int32(156)],[]
220,split,[np.int32(165)],"[np.int64(163), np.int64(170)]"
220,disappear,[np.int32(173)],[]
220,disappear,[np.int32(176)],[]
220,disappear,[np.int32(185)],[]
220,disappear,[np.int32(186)],[]
220,split,[np.int32(189)],"[np.int64(190), np.int64(193)]"
220,disappear,[np.int32(191)],[]
220,disappear,[np.int32(198)],[]
220,disappear,[np.int32(206)],[]
220,disappear,[np.int32(209)],[]
220,disappear,[np.int32(218)],[]
220,disappear,[np.int32(224)],[]
220,disappear,[np.int32(229)],[]
220,disappear,[np.int32(231)],[]
220,disappear,[np.int32(256)],[]
220,disappear,[np.int32(263)],[]
220,disappear,[np.int32(264)],[]
220,split,[np.int32(268)],"[np.int64(259), np.int64(260)]"
220,disappear,[np.int32(269)],[]
220,disappear,[np.int32(274)],[]
220,disappear,[np.int32(278)],[]
220,disappear,[np.int32(285)],[]
220,disappear,[np.int32(286)],[]
220,disappear,[np.int32(291)],[]
220,disappear,[np.int32(294)],[]
220,disappear,[np.int32(295)],[]
220,disappear,[np.int32(300)],[]
220,disappear,[np.int32(301)],[]
220,disappear,[np.int32(303)],[]
220,disappear,[np.int32(304)],[]
220,disappear,[np.int32(305)],[]
220,disappear,[np.int32(306)],[]
220,disappear,[np.int32(315)],[]
220,disappear,[np.int32(321)],[]
220,disappear,[np.int32(324)],[]
220,disappear,[np.int32(325)],[]
220,disappear,[np.int32(327)],[]
220,disappear,[np.int32(328)],[]
230,appear,[],[np.int32(4)]
230,appear,[],[np.int32(16)]
230,appear,[],[np.int32(26)]
230,appear,[],[np.int32(33)]
230,appear,[],[np.int32(51)]
230,appear,[],[np.int32(58)]
230,appear,[],[np.int32(60)]
230,appear,[],[np.int32(61)]
230,appear,[],[np.int32(69)]
230,appear,[],[np.int32(75)]
230,appear,[],[np.int32(77)]
230,appear,[],[np.int32(86)]
230,appear,[],[np.int32(90)]
230,appear,[],[np.int32(95)]
230,appear,[],[np.int32(96)]
230,appear,[],[np.int32(98)]
230,appear,[],[np.int32(99)]
230,appear,[],[np.int32(112)]
230,appear,[],[np.int32(122)]
230,appear,[],[np.int32(134)]
230,appear,[],[np.int32(144)]
230,appear,[],[np.int32(175)]
230,appear,[],[np.int32(188)]
230,merge,"[np.int64(206), np.int64(216)]",[np.int32(200)]
230,appear,[],[np.int32(210)]
230,appear,[],[np.int32(218)]
230,appear,[],[np.int32(222)]
230,appear,[],[np.int32(225)]
230,merge,"[np.int64(237), np.int64(246)]",[np.int32(238)]
230,appear,[],[np.int32(245)]
230,merge,"[np.int64(259), np.int64(260)]",[np.int32(253)]
230,appear,[],[np.int32(257)]
230,appear,[],[np.int32(259)]
230,appear,[],[np.int32(261)]
230,appear,[],[np.int32(267)]
230,appear,[],[np.int32(270)]
230,appear,[],[np.int32(288)]
230,appear,[],[np.int32(303)]
230,appear,[],[np.int32(311)]
230,disappear,[np.int32(1)],[]
230,split,[np.int32(13)],"[np.int64(13), np.int64(14)]"
230,disappear,[np.int32(14)],[]
230,disappear,[np.int32(20)],[]
230,disappear,[np.int32(22)],[]
230,disappear,[np.int32(25)],[]
230,disappear,[np.int32(26)],[]
230,disappear,[np.int32(31)],[]
230,disappear,[np.int32(54)],[]
230,split,[np.int32(60)],"[np.int64(53), np.int64(67)]"
230,split,[np.int32(61)],"[np.int64(63), np.int64(66)]"
230,disappear,[np.int32(71)],[]
230,disappear,[np.int32(72)],[]
230,disappear,[np.int32(75)],[]
230,disappear,[np.int32(80)],[]
230,disappear,[np.int32(88)],[]
230,disappear,[np.int32(93)],[]
230,disappear,[np.int32(94)],[]
230,disappear,[np.int32(95)],[]
230,disappear,[np.int32(99)],[]
230,disappear,[np.int32(101)],[]
230,disappear,[np.int32(111)],[]
230,disappear,[np.int32(113)],[]
230,disappear,[np.int32(117)],[]
230,split,[np.int32(121)],"[np.int64(121), np.int64(124)]"
230,disappear,[np.int32(124)],[]
230,disappear,[np.int32(132)],[]
230,disappear,[np.int32(138)],[]
230,disappear,[np.int32(142)],[]
230,disappear,[np.int32(152)],[]
230,split,[np.int32(154)],"[np.int64(152), np.int64(167), np.int64(178)]"
230,disappear,[np.int32(159)],[]
230,disappear,[np.int32(168)],[]
230,disappear,[np.int32(173)],[]
230,disappear,[np.int32(174)],[]
230,disappear,[np.int32(176)],[]
230,disappear,[np.int32(193)],[]
230,disappear,[np.int32(198)],[]
230,disappear,[np.int32(201)],[]
230,split,[np.int32(208)],"[np.int64(206), np.int64(224)]"
230,disappear,[np.int32(218)],[]
230,disappear,[np.int32(220)],[]
230,split,[np.int32(221)],"[np.int64(207), np.int64(214)]"
230,split,[np.int32(222)],"[np.int64(217), np.int64(221)]"
230,disappear,[np.int32(228)],[]
230,disappear,[np.int32(232)],[]
230,disappear,[np.int32(238)],[]
230,disappear,[np.int32(265)],[]
230,disappear,[np.int32(266)],[]
230,disappear,[np.int32(267)],[]
230,disappear,[np.int32(273)],[]
230,disappear,[np.int32(294)],[]
230,disappear,[np.int32(296)],[]
230,disappear,[np.int32(305)],[]
240,appear,[],[np.int32(6)]
240,appear,[],[np.int32(10)]
240,appear,[],[np.int32(13)]
240,appear,[],[np.int32(14)]
240,appear,[],[np.int32(16)]
240,appear,[],[np.int32(18)]
240,appear,[],[np.int32(31)]
240,merge,"[np.int64(47), np.int64(55)]",[np.int32(42)]
240,appear,[],[np.int32(43)]
240,appear,[],[np.int32(46)]
240,merge,"[np.int64(53), np.int64(67)]",[np.int32(54)]
240,appear,[],[np.int32(74)]
240,appear,[],[np.int32(77)]
240,appear,[],[np.int32(81)]
240,appear,[],[np.int32(85)]
240,appear,[],[np.int32(88)]
240,appear,[],[np.int32(100)]
240,appear,[],[np.int32(103)]
240,appear,[],[np.int32(104)]
240,appear,[],[np.int32(105)]
240,appear,[],[np.int32(114)]
240,appear,[],[np.int32(116)]
240,appear,[],[np.int32(119)]
240,appear,[],[np.int32(131)]
240,appear,[],[np.int32(137)]
240,appear,[],[np.int32(141)]
240,appear,[],[np.int32(142)]
240,merge,"[np.int64(145), np.int64(150)]",[np.int32(147)]
240,appear,[],[np.int32(152)]
240,appear,[],[np.int32(166)]
240,appear,[],[np.int32(184)]
240,appear,[],[np.int32(189)]
240,appear,[],[np.int32(195)]
240,merge,"[np.int64(196), np.int64(211)]",[np.int32(199)]
240,appear,[],[np.int32(200)]
240,appear,[],[np.int32(208)]
240,appear,[],[np.int32(212)]
240,merge,"[np.int64(229), np.int64(231)]",[np.int32(227)]
240,appear,[],[np.int32(228)]
240,appear,[],[np.int32(239)]
240,appear,[],[np.int32(250)]
240,appear,[],[np.int32(254)]
240,appear,[],[np.int32(263)]
240,appear,[],[np.int32(264)]
240,appear,[],[np.int32(269)]
240,appear,[],[np.int32(276)]
240,appear,[],[np.int32(293)]
240,appear,[],[np.int32(295)]
240,merge,"[np.int64(293), np.int64(297)]",[np.int32(296)]
240,appear,[],[np.int32(298)]
240,appear,[],[np.int32(300)]
240,appear,[],[np.int32(304)]
240,appear,[],[np.int32(306)]
240,appear,[],[np.int32(310)]
240,appear,[],[np.int32(311)]
240,appear,[],[np.int32(318)]
240,appear,[],[np.int32(319)]
240,disappear,[np.int32(1)],[]
240,disappear,[np.int32(9)],[]
240,disappear,[np.int32(12)],[]
240,disappear,[np.int32(16)],[]
240,disappear,[np.int32(19)],[]
240,disappear,[np.int32(20)],[]
240,disappear,[np.int32(26)],[]
240,disappear,[np.int32(32)],[]
240,disappear,[np.int32(33)],[]
240,disappear,[np.int32(40)],[]
240,disappear,[np.int32(42)],[]
240,disappear,[np.int32(61)],[]
240,disappear,[np.int32(71)],[]
240,disappear,[np.int32(77)],[]
240,disappear,[np.int32(80)],[]
240,disappear,[np.int32(86)],[]
240,disappear,[np.int32(98)],[]
240,disappear,[np.int32(112)],[]
240,split,[np.int32(120)],"[np.int64(122), np.int64(130)]"
240,disappear,[np.int32(121)],[]
240,disappear,[np.int32(125)],[]
240,disappear,[np.int32(134)],[]
240,disappear,[np.int32(140)],[]
240,disappear,[np.int32(144)],[]
240,split,[np.int32(153)],"[np.int64(153), np.int64(154)]"
240,disappear,[np.int32(175)],[]
240,disappear,[np.int32(183)],[]
240,disappear,[np.int32(189)],[]
240,disappear,[np.int32(193)],[]
240,disappear,[np.int32(199)],[]
240,disappear,[np.int32(205)],[]
240,disappear,[np.int32(206)],[]
240,disappear,[np.int32(210)],[]
240,disappear,[np.int32(217)],[]
240,disappear,[np.int32(218)],[]
240,disappear,[np.int32(238)],[]
240,split,[np.int32(253)],"[np.int64(252), np.int64(253)]"
240,disappear,[np.int32(261)],[]
240,disappear,[np.int32(268)],[]
240,split,[np.int32(284)],"[np.int64(288), np.int64(294)]"
240,disappear,[np.int32(291)],[]
240,disappear,[np.int32(296)],[]
240,disappear,[np.int32(300)],[]
240,split,[np.int32(301)],"[np.int64(305), np.int64(316)]"
240,disappear,[np.int32(303)],[]
240,disappear,[np.int32(304)],[]
240,disappear,[np.int32(311)],[]
240,disappear,[np.int32(312)],[]
250,appear,[],[np.int32(1)]
250,appear,[],[np.int32(2)]
250,appear,[],[np.int32(20)]
250,appear,[],[np.int32(21)]
250,appear,[],[np.int32(25)]
250,appear,[],[np.int32(26)]
250,appear,[],[np.int32(27)]
250,appear,[],[np.int32(28)]
250,appear,[],[np.int32(38)]
250,appear,[],[np.int32(52)]
250,merge,"[np.int64(58), np.int64(62)]",[np.int32(64)]
250,appear,[],[np.int32(66)]
250,appear,[],[np.int32(67)]
250,appear,[],[np.int32(70)]
250,appear,[],[np.int32(85)]
250,appear,[],[np.int32(95)]
250,appear,[],[np.int32(97)]
250,appear,[],[np.int32(106)]
250,appear,[],[np.int32(113)]
250,merge,"[np.int64(122), np.int64(130)]",[np.int32(124)]
250,appear,[],[np.int32(126)]
250,appear,[],[np.int32(156)]
250,appear,[],[np.int32(162)]
250,merge,"[np.int64(176), np.int64(187)]",[np.int32(172)]
250,appear,[],[np.int32(173)]
250,appear,[],[np.int32(185)]
250,appear,[],[np.int32(186)]
250,appear,[],[np.int32(192)]
250,merge,"[np.int64(198), np.int64(205)]",[np.int32(193)]
250,appear,[],[np.int32(195)]
250,appear,[],[np.int32(221)]
250,appear,[],[np.int32(237)]
250,appear,[],[np.int32(247)]
250,appear,[],[np.int32(250)]
250,appear,[],[np.int32(254)]
250,appear,[],[np.int32(255)]
250,appear,[],[np.int32(283)]
250,appear,[],[np.int32(288)]
250,appear,[],[np.int32(300)]
250,appear,[],[np.int32(301)]
250,appear,[],[np.int32(307)]
250,appear,[],[np.int32(312)]
250,disappear,[np.int32(18)],[]
250,disappear,[np.int32(22)],[]
250,disappear,[np.int32(29)],[]
250,disappear,[np.int32(40)],[]
250,split,[np.int32(42)],"[np.int64(47), np.int64(50)]"
250,disappear,[np.int32(43)],[]
250,disappear,[np.int32(69)],[]
250,disappear,[np.int32(74)],[]
250,disappear,[np.int32(77)],[]
250,split,[np.int32(83)],"[np.int64(89), np.int64(101)]"
250,disappear,[np.int32(85)],[]
250,disappear,[np.int32(86)],[]
250,disappear,[np.int32(88)],[]
250,disappear,[np.int32(94)],[]
250,disappear,[np.int32(100)],[]
250,disappear,[np.int32(101)],[]
250,disappear,[np.int32(102)],[]
250,disappear,[np.int32(111)],[]
250,disappear,[np.int32(114)],[]
250,disappear,[np.int32(116)],[]
250,split,[np.int32(120)],"[np.int64(120), np.int64(127)]"
250,disappear,[np.int32(128)],[]
250,disappear,[np.int32(136)],[]
250,disappear,[np.int32(137)],[]
250,disappear,[np.int32(152)],[]
250,disappear,[np.int32(156)],[]
250,disappear,[np.int32(164)],[]
250,disappear,[np.int32(166)],[]
250,disappear,[np.int32(172)],[]
250,disappear,[np.int32(180)],[]
250,disappear,[np.int32(185)],[]
250,disappear,[np.int32(189)],[]
250,disappear,[np.int32(193)],[]
250,split,[np.int32(202)],"[np.int64(196), np.int64(203)]"
250,disappear,[np.int32(208)],[]
250,disappear,[np.int32(212)],[]
250,disappear,[np.int32(220)],[]
250,disappear,[np.int32(250)],[]
250,disappear,[np.int32(256)],[]
250,split,[np.int32(257)],"[np.int64(251), np.int64(257)]"
250,disappear,[np.int32(258)],[]
250,disappear,[np.int32(261)],[]
250,disappear,[np.int32(262)],[]
250,disappear,[np.int32(263)],[]
250,disappear,[np.int32(264)],[]
250,disappear,[np.int32(276)],[]
250,split,[np.int32(283)],"[np.int64(274), np.int64(279)]"
250,disappear,[np.int32(293)],[]
250,disappear,[np.int32(294)],[]
250,disappear,[np.int32(295)],[]
250,split,[np.int32(296)],"[np.int64(287), np.int64(292)]"
250,disappear,[np.int32(302)],[]
250,disappear,[np.int32(309)],[]
250,disappear,[np.int32(311)],[]
260,appear,[],[np.int32(1)]
260,appear,[],[np.int32(3)]
260,appear,[],[np.int32(12)]
260,appear,[],[np.int32(13)]
260,appear,[],[np.int32(16)]
260,appear,[],[np.int32(37)]
260,appear,[],[np.int32(46)]
260,appear,[],[np.int32(47)]
260,appear,[],[np.int32(57)]
260,appear,[],[np.int32(63)]
260,appear,[],[np.int32(69)]
260,appear,[],[np.int32(77)]
260,appear,[],[np.int32(78)]
260,appear,[],[np.int32(83)]
260,appear,[],[np.int32(91)]
260,appear,[],[np.int32(96)]
260,appear,[],[np.int32(100)]
260,appear,[],[np.int32(123)]
260,appear,[],[np.int32(127)]
260,appear,[],[np.int32(132)]
260,appear,[],[np.int32(140)]
260,appear,[],[np.int32(151)]
260,appear,[],[np.int32(168)]
260,appear,[],[np.int32(172)]
260,appear,[],[np.int32(175)]
260,appear,[],[np.int32(182)]
260,appear,[],[np.int32(203)]
260,appear,[],[np.int32(204)]
260,merge,"[np.int64(204), np.int64(206)]",[np.int32(211)]
260,merge,"[np.int64(209), np.int64(213)]",[np.int32(213)]
260,appear,[],[np.int32(215)]
260,appear,[],[np.int32(223)]
260,appear,[],[np.int32(227)]
260,appear,[],[np.int32(228)]
260,appear,[],[np.int32(232)]
260,appear,[],[np.int32(234)]
260,appear,[],[np.int32(243)]
260,appear,[],[np.int32(244)]
260,appear,[],[np.int32(248)]
260,appear,[],[np.int32(250)]
260,appear,[],[np.int32(252)]
260,appear,[],[np.int32(257)]
260,appear,[],[np.int32(260)]
260,merge,"[np.int64(263), np.int64(273)]",[np.int32(264)]
260,appear,[],[np.int32(268)]
260,appear,[],[np.int32(272)]
260,appear,[],[np.int32(278)]
260,appear,[],[np.int32(299)]
260,disappear,[np.int32(1)],[]
260,disappear,[np.int32(2)],[]
260,disappear,[np.int32(3)],[]
260,disappear,[np.int32(9)],[]
260,disappear,[np.int32(17)],[]
260,disappear,[np.int32(20)],[]
260,disappear,[np.int32(34)],[]
260,disappear,[np.int32(50)],[]
260,disappear,[np.int32(53)],[]
260,disappear,[np.int32(54)],[]
260,split,[np.int32(64)],"[np.int64(65), np.int64(68)]"
260,disappear,[np.int32(65)],[]
260,disappear,[np.int32(66)],[]
260,disappear,[np.int32(67)],[]
260,disappear,[np.int32(70)],[]
260,disappear,[np.int32(82)],[]
260,disappear,[np.int32(98)],[]
260,disappear,[np.int32(126)],[]
260,disappear,[np.int32(127)],[]
260,disappear,[np.int32(131)],[]
260,split,[np.int32(136)],"[np.int64(138), np.int64(141)]"
260,disappear,[np.int32(139)],[]
260,disappear,[np.int32(151)],[]
260,disappear,[np.int32(171)],[]
260,split,[np.int32(172)],"[np.int64(178), np.int64(188)]"
260,disappear,[np.int32(177)],[]
260,disappear,[np.int32(187)],[]
260,disappear,[np.int32(197)],[]
260,disappear,[np.int32(199)],[]
260,disappear,[np.int32(208)],[]
260,disappear,[np.int32(211)],[]
260,disappear,[np.int32(221)],[]
260,disappear,[np.int32(229)],[]
260,disappear,[np.int32(231)],[]
260,disappear,[np.int32(233)],[]
260,disappear,[np.int32(237)],[]
260,disappear,[np.int32(240)],[]
260,disappear,[np.int32(247)],[]
260,disappear,[np.int32(248)],[]
260,disappear,[np.int32(251)],[]
260,disappear,[np.int32(255)],[]
260,disappear,[np.int32(256)],[]
260,disappear,[np.int32(258)],[]
260,disappear,[np.int32(267)],[]
260,disappear,[np.int32(271)],[]
260,disappear,[np.int32(276)],[]
260,disappear,[np.int32(277)],[]
260,disappear,[np.int32(282)],[]
260,disappear,[np.int32(283)],[]
260,disappear,[np.int32(289)],[]
260,disappear,[np.int32(303)],[]
260,disappear,[np.int32(306)],[]
260,disappear,[np.int32(309)],[]
260,disappear,[np.int32(312)],[]
270,appear,[],[np.int32(10)]
270,appear,[],[np.int32(13)]
270,appear,[],[np.int32(19)]
270,appear,[],[np.int32(22)]
270,appear,[],[np.int32(29)]
270,merge,"[np.int64(31), np.int64(41)]",[np.int32(31)]
270,appear,[],[np.int32(32)]
270,appear,[],[np.int32(59)]
270,appear,[],[np.int32(81)]
270,appear,[],[np.int32(87)]
270,appear,[],[np.int32(93)]
270,appear,[],[np.int32(96)]
270,appear,[],[np.int32(99)]
270,appear,[],[np.int32(102)]
270,appear,[],[np.int32(103)]
270,appear,[],[np.int32(114)]
270,appear,[],[np.int32(116)]
270,appear,[],[np.int32(151)]
270,appear,[],[np.int32(155)]
270,merge,"[np.int64(157), np.int64(162)]",[np.int32(157)]
270,appear,[],[np.int32(159)]
270,appear,[],[np.int32(168)]
270,appear,[],[np.int32(174)]
270,appear,[],[np.int32(184)]
270,appear,[],[np.int32(185)]
270,appear,[],[np.int32(192)]
270,merge,"[np.int64(198), np.int64(207)]",[np.int32(204)]
270,appear,[],[np.int32(217)]
270,appear,[],[np.int32(223)]
270,appear,[],[np.int32(231)]
270,appear,[],[np.int32(256)]
270,appear,[],[np.int32(264)]
270,appear,[],[np.int32(292)]
270,appear,[],[np.int32(296)]
270,appear,[],[np.int32(302)]
270,disappear,[np.int32(1)],[]
270,disappear,[np.int32(9)],[]
270,disappear,[np.int32(13)],[]
270,disappear,[np.int32(16)],[]
270,disappear,[np.int32(21)],[]
270,disappear,[np.int32(32)],[]
270,split,[np.int32(33)],"[np.int64(35), np.int64(37)]"
270,disappear,[np.int32(39)],[]
270,disappear,[np.int32(53)],[]
270,disappear,[np.int32(57)],[]
270,disappear,[np.int32(62)],[]
270,disappear,[np.int32(63)],[]
270,split,[np.int32(73)],"[np.int64(71), np.int64(74)]"
270,disappear,[np.int32(83)],[]
270,disappear,[np.int32(91)],[]
270,disappear,[np.int32(98)],[]
270,disappear,[np.int32(100)],[]
270,split,[np.int32(103)],"[np.int64(98), np.int64(104)]"
270,disappear,[np.int32(104)],[]
270,disappear,[np.int32(105)],[]
270,disappear,[np.int32(108)],[]
270,disappear,[np.int32(112)],[]
270,split,[np.int32(115)],"[np.int64(112), np.int64(125)]"
270,split,[np.int32(136)],"[np.int64(131), np.int64(138)]"
270,disappear,[np.int32(140)],[]
270,disappear,[np.int32(141)],[]
270,split,[np.int32(147)],"[np.int64(145), np.int64(153)]"
270,disappear,[np.int32(153)],[]
270,split,[np.int32(156)],"[np.int64(156), np.int64(167)]"
270,disappear,[np.int32(158)],[]
270,disappear,[np.int32(165)],[]
270,disappear,[np.int32(175)],[]
270,disappear,[np.int32(189)],[]
270,disappear,[np.int32(204)],[]
270,disappear,[np.int32(210)],[]
270,disappear,[np.int32(216)],[]
270,disappear,[np.int32(221)],[]
270,disappear,[np.int32(223)],[]
270,disappear,[np.int32(226)],[]
270,disappear,[np.int32(227)],[]
270,disappear,[np.int32(232)],[]
270,disappear,[np.int32(234)],[]
270,split,[np.int32(238)],"[np.int64(233), np.int64(243)]"
270,split,[np.int32(245)],"[np.int64(236), np.int64(251)]"
270,disappear,[np.int32(256)],[]
270,disappear,[np.int32(257)],[]
270,disappear,[np.int32(258)],[]
270,disappear,[np.int32(266)],[]
270,disappear,[np.int32(269)],[]
270,disappear,[np.int32(272)],[]
270,disappear,[np.int32(286)],[]
270,disappear,[np.int32(298)],[]
270,split,[np.int32(300)],"[np.int64(290), np.int64(298)]"
270,disappear,[np.int32(302)],[]
280,appear,[],[np.int32(1)]
280,appear,[],[np.int32(17)]
280,appear,[],[np.int32(33)]
280,appear,[],[np.int32(55)]
280,appear,[],[np.int32(58)]
280,appear,[],[np.int32(64)]
280,appear,[],[np.int32(69)]
280,appear,[],[np.int32(70)]
280,appear,[],[np.int32(77)]
280,appear,[],[np.int32(80)]
280,appear,[],[np.int32(92)]
280,merge,"[np.int64(96), np.int64(97)]",[np.int32(96)]
280,appear,[],[np.int32(100)]
280,appear,[],[np.int32(101)]
280,appear,[],[np.int32(111)]
280,merge,"[np.int64(112), np.int64(125)]",[np.int32(115)]
280,merge,"[np.int64(113), np.int64(116)]",[np.int32(116)]
280,appear,[],[np.int32(117)]
280,appear,[],[np.int32(120)]
280,appear,[],[np.int32(126)]
280,appear,[],[np.int32(131)]
280,appear,[],[np.int32(135)]
280,appear,[],[np.int32(142)]
280,appear,[],[np.int32(149)]
280,appear,[],[np.int32(154)]
280,appear,[],[np.int32(160)]
280,merge,"[np.int64(167), np.int64(171)]",[np.int32(171)]
280,merge,"[np.int64(183), np.int64(184)]",[np.int32(180)]
280,appear,[],[np.int32(193)]
280,appear,[],[np.int32(196)]
280,appear,[],[np.int32(202)]
280,appear,[],[np.int32(205)]
280,appear,[],[np.int32(212)]
280,appear,[],[np.int32(213)]
280,appear,[],[np.int32(225)]
280,appear,[],[np.int32(248)]
280,appear,[],[np.int32(251)]
280,appear,[],[np.int32(253)]
280,appear,[],[np.int32(254)]
280,appear,[],[np.int32(256)]
280,appear,[],[np.int32(288)]
280,disappear,[np.int32(12)],[]
280,disappear,[np.int32(19)],[]
280,disappear,[np.int32(22)],[]
280,disappear,[np.int32(23)],[]
280,split,[np.int32(34)],"[np.int64(31), np.int64(38)]"
280,disappear,[np.int32(40)],[]
280,split,[np.int32(68)],"[np.int64(66), np.int64(76)]"
280,disappear,[np.int32(69)],[]
280,disappear,[np.int32(71)],[]
280,disappear,[np.int32(72)],[]
280,disappear,[np.int32(73)],[]
280,disappear,[np.int32(81)],[]
280,disappear,[np.int32(86)],[]
280,disappear,[np.int32(93)],[]
280,disappear,[np.int32(94)],[]
280,disappear,[np.int32(108)],[]
280,disappear,[np.int32(122)],[]
280,disappear,[np.int32(127)],[]
280,disappear,[np.int32(134)],[]
280,disappear,[np.int32(139)],[]
280,disappear,[np.int32(159)],[]
280,disappear,[np.int32(174)],[]
280,disappear,[np.int32(179)],[]
280,disappear,[np.int32(194)],[]
280,disappear,[np.int32(197)],[]
280,disappear,[np.int32(214)],[]
280,disappear,[np.int32(216)],[]
280,disappear,[np.int32(217)],[]
280,disappear,[np.int32(223)],[]
280,disappear,[np.int32(248)],[]
280,disappear,[np.int32(251)],[]
280,disappear,[np.int32(255)],[]
280,split,[np.int32(261)],"[np.int64(264), np.int64(275)]"
280,disappear,[np.int32(273)],[]
280,disappear,[np.int32(274)],[]
280,disappear,[np.int32(288)],[]
280,disappear,[np.int32(292)],[]
280,disappear,[np.int32(295)],[]
290,merge,"[np.int64(16), np.int64(17)]",[np.int32(14)]
290,appear,[],[np.int32(19)]
290,appear,[],[np.int32(28)]
290,appear,[],[np.int32(29)]
290,merge,"[np.int64(34), np.int64(39)]",[np.int32(32)]
290,merge,"[np.int64(31), np.int64(38)]",[np.int32(35)]
290,appear,[],[np.int32(54)]
290,appear,[],[np.int32(56)]
290,appear,[],[np.int32(59)]
290,appear,[],[np.int32(60)]
290,appear,[],[np.int32(61)]
290,appear,[],[np.int32(69)]
290,appear,[],[np.int32(75)]
290,appear,[],[np.int32(78)]
290,appear,[],[np.int32(79)]
290,appear,[],[np.int32(80)]
290,appear,[],[np.int32(81)]
290,appear,[],[np.int32(86)]
290,appear,[],[np.int32(88)]
290,appear,[],[np.int32(91)]
290,appear,[],[np.int32(95)]
290,appear,[],[np.int32(96)]
290,appear,[],[np.int32(98)]
290,appear,[],[np.int32(100)]
290,appear,[],[np.int32(102)]
290,appear,[],[np.int32(113)]
290,appear,[],[np.int32(133)]
290,appear,[],[np.int32(147)]
290,appear,[],[np.int32(158)]
290,merge,"[np.int64(160), np.int64(167)]",[np.int32(163)]
290,appear,[],[np.int32(170)]
290,appear,[],[np.int32(187)]
290,appear,[],[np.int32(195)]
290,appear,[],[np.int32(201)]
290,appear,[],[np.int32(222)]
290,merge,"[np.int64(223), np.int64(233)]",[np.int32(227)]
290,appear,[],[np.int32(231)]
290,appear,[],[np.int32(232)]
290,appear,[],[np.int32(239)]
290,appear,[],[np.int32(243)]
290,appear,[],[np.int32(255)]
290,appear,[],[np.int32(256)]
290,appear,[],[np.int32(265)]
290,appear,[],[np.int32(273)]
290,appear,[],[np.int32(274)]
290,appear,[],[np.int32(276)]
290,appear,[],[np.int32(277)]
290,appear,[],[np.int32(283)]
290,appear,[],[np.int32(289)]
290,appear,[],[np.int32(295)]
290,appear,[],[np.int32(296)]
290,appear,[],[np.int32(300)]
290,appear,[],[np.int32(304)]
290,appear,[],[np.int32(305)]
290,disappear,[np.int32(10)],[]
290,disappear,[np.int32(23)],[]
290,split,[np.int32(38)],"[np.int64(35), np.int64(45)]"
290,disappear,[np.int32(43)],[]
290,disappear,[np.int32(55)],[]
290,split,[np.int32(56)],"[np.int64(53), np.int64(67)]"
290,disappear,[np.int32(57)],[]
290,disappear,[np.int32(58)],[]
290,disappear,[np.int32(59)],[]
290,disappear,[np.int32(60)],[]
290,disappear,[np.int32(64)],[]
290,disappear,[np.int32(67)],[]
290,disappear,[np.int32(71)],[]
290,disappear,[np.int32(72)],[]
290,disappear,[np.int32(77)],[]
290,disappear,[np.int32(80)],[]
290,split,[np.int32(89)],"[np.int64(90), np.int64(99)]"
290,disappear,[np.int32(90)],[]
290,disappear,[np.int32(92)],[]
290,disappear,[np.int32(95)],[]
290,disappear,[np.int32(98)],[]
290,disappear,[np.int32(103)],[]
290,disappear,[np.int32(142)],[]
290,disappear,[np.int32(154)],[]
290,disappear,[np.int32(158)],[]
290,split,[np.int32(161)],"[np.int64(164), np.int64(169)]"
290,split,[np.int32(170)],"[np.int64(172), np.int64(184)]"
290,disappear,[np.int32(172)],[]
290,disappear,[np.int32(189)],[]
290,disappear,[np.int32(196)],[]
290,disappear,[np.int32(205)],[]
290,disappear,[np.int32(213)],[]
290,disappear,[np.int32(216)],[]
290,disappear,[np.int32(234)],[]
290,disappear,[np.int32(248)],[]
290,disappear,[np.int32(253)],[]
290,disappear,[np.int32(266)],[]
290,disappear,[np.int32(267)],[]
290,disappear,[np.int32(273)],[]
290,disappear,[np.int32(275)],[]
290,disappear,[np.int32(278)],[]
290,disappear,[np.int32(290)],[]
290,disappear,[np.int32(291)],[]
300,appear,[],[np.int32(1)]
300,appear,[],[np.int32(12)]
300,appear,[],[np.int32(15)]
300,appear,[],[np.int32(23)]
300,appear,[],[np.int32(27)]
300,appear,[],[np.int32(40)]
300,appear,[],[np.int32(44)]
300,merge,"[np.int64(47), np.int64(49)]",[np.int32(47)]
300,appear,[],[np.int32(56)]
300,appear,[],[np.int32(67)]
300,appear,[],[np.int32(72)]
300,appear,[],[np.int32(73)]
300,appear,[],[np.int32(85)]
300,appear,[],[np.int32(89)]
300,merge,"[np.int64(90), np.int64(99)]",[np.int32(91)]
300,appear,[],[np.int32(99)]
300,appear,[],[np.int32(108)]
300,appear,[],[np.int32(134)]
300,appear,[],[np.int32(153)]
300,appear,[],[np.int32(161)]
300,appear,[],[np.int32(179)]
300,appear,[],[np.int32(193)]
300,appear,[],[np.int32(200)]
300,appear,[],[np.int32(202)]
300,appear,[],[np.int32(207)]
300,appear,[],[np.int32(208)]
300,appear,[],[np.int32(224)]
300,appear,[],[np.int32(232)]
300,appear,[],[np.int32(253)]
300,appear,[],[np.int32(269)]
300,appear,[],[np.int32(270)]
300,appear,[],[np.int32(273)]
300,appear,[],[np.int32(283)]
300,appear,[],[np.int32(301)]
300,disappear,[np.int32(2)],[]
300,disappear,[np.int32(10)],[]
300,disappear,[np.int32(15)],[]
300,split,[np.int32(23)],"[np.int64(20), np.int64(39)]"
300,disappear,[np.int32(31)],[]
300,disappear,[np.int32(36)],[]
300,disappear,[np.int32(39)],[]
300,disappear,[np.int32(48)],[]
300,disappear,[np.int32(57)],[]
300,disappear,[np.int32(60)],[]
300,disappear,[np.int32(63)],[]
300,disappear,[np.int32(75)],[]
300,disappear,[np.int32(86)],[]
300,disappear,[np.int32(89)],[]
300,disappear,[np.int32(91)],[]
300,disappear,[np.int32(95)],[]
300,disappear,[np.int32(102)],[]
300,disappear,[np.int32(105)],[]
300,split,[np.int32(109)],"[np.int64(105), np.int64(106)]"
300,disappear,[np.int32(113)],[]
300,disappear,[np.int32(114)],[]
300,disappear,[np.int32(136)],[]
300,disappear,[np.int32(147)],[]
300,disappear,[np.int32(154)],[]
300,disappear,[np.int32(193)],[]
300,disappear,[np.int32(205)],[]
300,disappear,[np.int32(206)],[]
300,disappear,[np.int32(215)],[]
300,split,[np.int32(227)],"[np.int64(226), np.int64(238)]"
300,disappear,[np.int32(233)],[]
300,disappear,[np.int32(235)],[]
300,disappear,[np.int32(240)],[]
300,disappear,[np.int32(243)],[]
300,disappear,[np.int32(248)],[]
300,disappear,[np.int32(255)],[]
300,disappear,[np.int32(260)],[]
300,disappear,[np.int32(263)],[]
300,disappear,[np.int32(273)],[]
300,disappear,[np.int32(277)],[]
300,disappear,[np.int32(282)],[]
300,disappear,[np.int32(288)],[]
300,split,[np.int32(293)],"[np.int64(287), np.int64(295)]"
300,disappear,[np.int32(295)],[]
300,disappear,[np.int32(296)],[]
300,disappear,[np.int32(297)],[]
300,disappear,[np.int32(304)],[]
300,disappear,[np.int32(305)],[]
300,disappear,[np.int32(306)],[]
310,appear,[],[np.int32(1)]
310,appear,[],[np.int32(2)]
310,appear,[],[np.int32(7)]
310,appear,[],[np.int32(15)]
310,merge,"[np.int64(20), np.int64(39)]",[np.int32(21)]
310,appear,[],[np.int32(40)]
310,merge,"[np.int64(43), np.int64(53)]",[np.int32(42)]
310,appear,[],[np.int32(45)]
310,appear,[],[np.int32(50)]
310,appear,[],[np.int32(51)]
310,appear,[],[np.int32(60)]
310,appear,[],[np.int32(64)]
310,appear,[],[np.int32(65)]
310,appear,[],[np.int32(77)]
310,appear,[],[np.int32(82)]
310,appear,[],[np.int32(93)]
310,appear,[],[np.int32(109)]
310,appear,[],[np.int32(110)]
310,appear,[],[np.int32(123)]
310,appear,[],[np.int32(139)]
310,appear,[],[np.int32(152)]
310,merge,"[np.int64(177), np.int64(179)]",[np.int32(165)]
310,appear,[],[np.int32(185)]
310,appear,[],[np.int32(196)]
310,appear,[],[np.int32(206)]
310,appear,[],[np.int32(208)]
310,appear,[],[np.int32(218)]
310,appear,[],[np.int32(253)]
310,appear,[],[np.int32(261)]
310,appear,[],[np.int32(265)]
310,appear,[],[np.int32(269)]
310,appear,[],[np.int32(277)]
310,appear,[],[np.int32(286)]
310,appear,[],[np.int32(290)]
310,disappear,[np.int32(1)],[]
310,disappear,[np.int32(5)],[]
310,disappear,[np.int32(12)],[]
310,disappear,[np.int32(15)],[]
310,disappear,[np.int32(19)],[]
310,disappear,[np.int32(32)],[]
310,split,[np.int32(34)],"[np.int64(34), np.int64(37)]"
310,disappear,[np.int32(41)],[]
310,disappear,[np.int32(51)],[]
310,disappear,[np.int32(61)],[]
310,disappear,[np.int32(62)],[]
310,disappear,[np.int32(67)],[]
310,disappear,[np.int32(68)],[]
310,disappear,[np.int32(72)],[]
310,disappear,[np.int32(75)],[]
310,disappear,[np.int32(85)],[]
310,disappear,[np.int32(93)],[]
310,disappear,[np.int32(96)],[]
310,disappear,[np.int32(99)],[]
310,disappear,[np.int32(101)],[]
310,disappear,[np.int32(125)],[]
310,disappear,[np.int32(128)],[]
310,disappear,[np.int32(130)],[]
310,disappear,[np.int32(137)],[]
310,disappear,[np.int32(153)],[]
310,disappear,[np.int32(170)],[]
310,split,[np.int32(181)],"[np.int64(174), np.int64(178)]"
310,disappear,[np.int32(189)],[]
310,disappear,[np.int32(193)],[]
310,disappear,[np.int32(194)],[]
310,disappear,[np.int32(200)],[]
310,split,[np.int32(201)],"[np.int64(192), np.int64(204)]"
310,split,[np.int32(213)],"[np.int64(207), np.int64(212)]"
310,disappear,[np.int32(215)],[]
310,disappear,[np.int32(224)],[]
310,disappear,[np.int32(253)],[]
310,disappear,[np.int32(265)],[]
310,disappear,[np.int32(268)],[]
310,disappear,[np.int32(269)],[]
310,disappear,[np.int32(271)],[]
310,disappear,[np.int32(274)],[]
310,disappear,[np.int32(279)],[]
310,disappear,[np.int32(290)],[]
310,disappear,[np.int32(294)],[]
310,disappear,[np.int32(297)],[]
310,disappear,[np.int32(299)],[]
310,disappear,[np.int32(301)],[]
320,appear,[],[np.int32(8)]
320,appear,[],[np.int32(11)]
320,appear,[],[np.int32(16)]
320,appear,[],[np.int32(23)]
320,appear,[],[np.int32(38)]
320,appear,[],[np.int32(43)]
320,merge,"[np.int64(53), np.int64(58)]",[np.int32(53)]
320,appear,[],[np.int32(56)]
320,appear,[],[np.int32(57)]
320,appear,[],[np.int32(60)]
320,appear,[],[np.int32(62)]
320,appear,[],[np.int32(63)]
320,appear,[],[np.int32(64)]
320,appear,[],[np.int32(66)]
320,appear,[],[np.int32(82)]
320,appear,[],[np.int32(91)]
320,appear,[],[np.int32(94)]
320,appear,[],[np.int32(97)]
320,appear,[],[np.int32(104)]
320,appear,[],[np.int32(109)]
320,appear,[],[np.int32(110)]
320,appear,[],[np.int32(120)]
320,appear,[],[np.int32(141)]
320,merge,"[np.int64(151), np.int64(158)]",[np.int32(149)]
320,appear,[],[np.int32(157)]
320,appear,[],[np.int32(159)]
320,appear,[],[np.int32(161)]
320,appear,[],[np.int32(173)]
320,appear,[],[np.int32(182)]
320,appear,[],[np.int32(184)]
320,appear,[],[np.int32(187)]
320,appear,[],[np.int32(188)]
320,appear,[],[np.int32(192)]
320,appear,[],[np.int32(206)]
320,appear,[],[np.int32(208)]
320,appear,[],[np.int32(212)]
320,appear,[],[np.int32(217)]
320,appear,[],[np.int32(219)]
320,appear,[],[np.int32(232)]
320,appear,[],[np.int32(237)]
320,merge,"[np.int64(231), np.int64(238)]",[np.int32(242)]
320,appear,[],[np.int32(247)]
320,appear,[],[np.int32(252)]
320,appear,[],[np.int32(267)]
320,appear,[],[np.int32(273)]
320,appear,[],[np.int32(277)]
320,appear,[],[np.int32(278)]
320,appear,[],[np.int32(283)]
320,appear,[],[np.int32(300)]
320,disappear,[np.int32(2)],[]
320,disappear,[np.int32(15)],[]
320,disappear,[np.int32(16)],[]
320,split,[np.int32(35)],"[np.int64(34), np.int64(46)]"
320,disappear,[np.int32(40)],[]
320,disappear,[np.int32(49)],[]
320,disappear,[np.int32(50)],[]
320,disappear,[np.int32(52)],[]
320,disappear,[np.int32(54)],[]
320,disappear,[np.int32(61)],[]
320,disappear,[np.int32(65)],[]
320,disappear,[np.int32(75)],[]
320,disappear,[np.int32(77)],[]
320,disappear,[np.int32(81)],[]
320,disappear,[np.int32(82)],[]
320,disappear,[np.int32(94)],[]
320,disappear,[np.int32(101)],[]
320,disappear,[np.int32(109)],[]
320,disappear,[np.int32(110)],[]
320,disappear,[np.int32(114)],[]
320,disappear,[np.int32(119)],[]
320,disappear,[np.int32(121)],[]
320,disappear,[np.int32(123)],[]
320,split,[np.int32(124)],"[np.int64(127), np.int64(131)]"
320,disappear,[np.int32(147)],[]
320,disappear,[np.int32(153)],[]
320,disappear,[np.int32(160)],[]
320,disappear,[np.int32(175)],[]
320,disappear,[np.int32(178)],[]
320,disappear,[np.int32(183)],[]
320,disappear,[np.int32(185)],[]
320,disappear,[np.int32(186)],[]
320,disappear,[np.int32(192)],[]
320,split,[np.int32(194)],"[np.int64(194), np.int64(201)]"
320,disappear,[np.int32(196)],[]
320,split,[np.int32(197)],"[np.int64(197), np.int64(198)]"
320,disappear,[np.int32(206)],[]
320,disappear,[np.int32(218)],[]
320,disappear,[np.int32(229)],[]
320,split,[np.int32(252)],"[np.int64(258), np.int64(268)]"
320,disappear,[np.int32(261)],[]
320,disappear,[np.int32(269)],[]
320,split,[np.int32(283)],"[np.int64(292), np.int64(298)]"
330,appear,[],[np.int32(2)]
330,appear,[],[np.int32(5)]
330,appear,[],[np.int32(17)]
330,appear,[],[np.int32(24)]
330,appear,[],[np.int32(31)]
330,appear,[],[np.int32(41)]
330,appear,[],[np.int32(45)]
330,appear,[],[np.int32(53)]
330,appear,[],[np.int32(58)]
330,appear,[],[np.int32(69)]
330,appear,[],[np.int32(71)]
330,appear,[],[np.int32(80)]
330,appear,[],[np.int32(118)]
330,appear,[],[np.int32(119)]
330,appear,[],[np.int32(122)]
330,appear,[],[np.int32(129)]
330,appear,[],[np.int32(133)]
330,appear,[],[np.int32(148)]
330,appear,[],[np.int32(167)]
330,appear,[],[np.int32(174)]
330,merge,"[np.int64(182), np.int64(188)]",[np.int32(179)]
330,appear,[],[np.int32(182)]
330,appear,[],[np.int32(187)]
330,appear,[],[np.int32(188)]
330,appear,[],[np.int32(208)]
330,appear,[],[np.int32(222)]
330,appear,[],[np.int32(223)]
330,appear,[],[np.int32(227)]
330,appear,[],[np.int32(234)]
330,appear,[],[np.int32(241)]
330,appear,[],[np.int32(263)]
330,appear,[],[np.int32(266)]
330,appear,[],[np.int32(267)]
330,appear,[],[np.int32(277)]
330,appear,[],[np.int32(284)]
330,appear,[],[np.int32(289)]
330,appear,[],[np.int32(290)]
330,disappear,[np.int32(3)],[]
330,disappear,[np.int32(7)],[]
330,disappear,[np.int32(16)],[]
330,disappear,[np.int32(25)],[]
330,disappear,[np.int32(28)],[]
330,disappear,[np.int32(33)],[]
330,split,[np.int32(35)],"[np.int64(34), np.int64(37)]"
330,disappear,[np.int32(42)],[]
330,disappear,[np.int32(43)],[]
330,disappear,[np.int32(61)],[]
330,disappear,[np.int32(66)],[]
330,disappear,[np.int32(78)],[]
330,split,[np.int32(87)],"[np.int64(89), np.int64(93)]"
330,disappear,[np.int32(89)],[]
330,disappear,[np.int32(98)],[]
330,disappear,[np.int32(102)],[]
330,disappear,[np.int32(106)],[]
330,disappear,[np.int32(115)],[]
330,split,[np.int32(117)],"[np.int64(116), np.int64(117)]"
330,disappear,[np.int32(119)],[]
330,disappear,[np.int32(120)],[]
330,split,[np.int32(121)],"[np.int64(120), np.int64(125)]"
330,disappear,[np.int32(123)],[]
330,disappear,[np.int32(124)],[]
330,disappear,[np.int32(128)],[]
330,disappear,[np.int32(137)],[]
330,split,[np.int32(139)],"[np.int64(139), np.int64(141)]"
330,disappear,[np.int32(141)],[]
330,disappear,[np.int32(147)],[]
330,split,[np.int32(149)],"[np.int64(147), np.int64(157)]"
330,disappear,[np.int32(152)],[]
330,disappear,[np.int32(157)],[]
330,split,[np.int32(160)],"[np.int64(158), np.int64(166)]"
330,disappear,[np.int32(161)],[]
330,disappear,[np.int32(166)],[]
330,disappear,[np.int32(171)],[]
330,disappear,[np.int32(175)],[]
330,split,[np.int32(178)],"[np.int64(175), np.int64(177)]"
330,disappear,[np.int32(179)],[]
330,disappear,[np.int32(183)],[]
330,disappear,[np.int32(187)],[]
330,disappear,[np.int32(194)],[]
330,disappear,[np.int32(205)],[]
330,disappear,[np.int32(206)],[]
330,disappear,[np.int32(208)],[]
330,split,[np.int32(210)],"[np.int64(201), np.int64(219)]"
330,split,[np.int32(215)],"[np.int64(203), np.int64(214)]"
330,disappear,[np.int32(232)],[]
330,disappear,[np.int32(233)],[]
330,split,[np.int32(235)],"[np.int64(229), np.int64(231)]"
330,disappear,[np.int32(247)],[]
330,disappear,[np.int32(248)],[]
330,disappear,[np.int32(251)],[]
330,disappear,[np.int32(252)],[]
330,disappear,[np.int32(261)],[]
330,disappear,[np.int32(266)],[]
330,disappear,[np.int32(274)],[]
330,disappear,[np.int32(283)],[]
330,disappear,[np.int32(285)],[]
330,disappear,[np.int32(293)],[]
330,disappear,[np.int32(297)],[]
330,disappear,[np.int32(300)],[]
340,appear,[],[np.int32(1)]
340,merge,"[np.int64(10), np.int64(19)]",[np.int32(8)]
340,appear,[],[np.int32(22)]
340,appear,[],[np.int32(26)]
340,appear,[],[np.int32(37)]
340,appear,[],[np.int32(45)]
340,appear,[],[np.int32(51)]
340,appear,[],[np.int32(53)]
340,appear,[],[np.int32(58)]
340,appear,[],[np.int32(59)]
340,appear,[],[np.int32(62)]
340,appear,[],[np.int32(69)]
340,appear,[],[np.int32(73)]
340,appear,[],[np.int32(77)]
340,appear,[],[np.int32(79)]
340,appear,[],[np.int32(82)]
340,appear,[],[np.int32(83)]
340,appear,[],[np.int32(86)]
340,appear,[],[np.int32(89)]
340,appear,[],[np.int32(97)]
340,appear,[],[np.int32(100)]
340,appear,[],[np.int32(102)]
340,merge,"[np.int64(115), np.int64(118)]",[np.int32(114)]
340,appear,[],[np.int32(121)]
340,appear,[],[np.int32(123)]
340,appear,[],[np.int32(133)]
340,appear,[],[np.int32(137)]
340,appear,[],[np.int32(142)]
340,merge,"[np.int64(147), np.int64(157)]",[np.int32(149)]
340,merge,"[np.int64(158), np.int64(166)]",[np.int32(159)]
340,appear,[],[np.int32(162)]
340,appear,[],[np.int32(171)]
340,appear,[],[np.int32(176)]
340,appear,[],[np.int32(177)]
340,appear,[],[np.int32(182)]
340,appear,[],[np.int32(185)]
340,appear,[],[np.int32(190)]
340,appear,[],[np.int32(198)]
340,appear,[],[np.int32(201)]
340,appear,[],[np.int32(212)]
340,appear,[],[np.int32(215)]
340,appear,[],[np.int32(222)]
340,appear,[],[np.int32(226)]
340,appear,[],[np.int32(227)]
340,appear,[],[np.int32(229)]
340,appear,[],[np.int32(240)]
340,appear,[],[np.int32(242)]
340,appear,[],[np.int32(245)]
340,appear,[],[np.int32(257)]
340,appear,[],[np.int32(263)]
340,merge,"[np.int64(255), np.int64(263)]",[np.int32(266)]
340,appear,[],[np.int32(268)]
340,appear,[],[np.int32(271)]
340,appear,[],[np.int32(273)]
340,appear,[],[np.int32(274)]
340,disappear,[np.int32(1)],[]
340,disappear,[np.int32(2)],[]
340,disappear,[np.int32(5)],[]
340,disappear,[np.int32(8)],[]
340,disappear,[np.int32(24)],[]
340,disappear,[np.int32(25)],[]
340,disappear,[np.int32(45)],[]
340,disappear,[np.int32(47)],[]
340,disappear,[np.int32(53)],[]
340,disappear,[np.int32(64)],[]
340,disappear,[np.int32(67)],[]
340,disappear,[np.int32(69)],[]
340,disappear,[np.int32(78)],[]
340,disappear,[np.int32(80)],[]
340,disappear,[np.int32(81)],[]
340,disappear,[np.int32(84)],[]
340,disappear,[np.int32(89)],[]
340,disappear,[np.int32(94)],[]
340,disappear,[np.int32(97)],[]
340,disappear,[np.int32(100)],[]
340,disappear,[np.int32(122)],[]
340,disappear,[np.int32(127)],[]
340,disappear,[np.int32(133)],[]
340,disappear,[np.int32(141)],[]
340,disappear,[np.int32(164)],[]
340,disappear,[np.int32(176)],[]
340,disappear,[np.int32(178)],[]
340,disappear,[np.int32(180)],[]
340,split,[np.int32(192)],"[np.int64(192), np.int64(200)]"
340,disappear,[np.int32(193)],[]
340,disappear,[np.int32(199)],[]
340,disappear,[np.int32(203)],[]
340,disappear,[np.int32(208)],[]
340,disappear,[np.int32(210)],[]
340,disappear,[np.int32(213)],[]
340,disappear,[np.int32(224)],[]
340,disappear,[np.int32(225)],[]
340,disappear,[np.int32(227)],[]
340,disappear,[np.int32(228)],[]
340,disappear,[np.int32(247)],[]
340,disappear,[np.int32(250)],[]
340,split,[np.int32(255)],"[np.int64(260), np.int64(266)]"
340,disappear,[np.int32(261)],[]
340,disappear,[np.int32(266)],[]
340,disappear,[np.int32(267)],[]
340,disappear,[np.int32(271)],[]
340,disappear,[np.int32(272)],[]
340,disappear,[np.int32(273)],[]
340,disappear,[np.int32(277)],[]
340,disappear,[np.int32(289)],[]
340,disappear,[np.int32(290)],[]
340,disappear,[np.int32(297)],[]
350,appear,[],[np.int32(1)]
350,appear,[],[np.int32(4)]
350,appear,[],[np.int32(5)]
350,appear,[],[np.int32(18)]
350,appear,[],[np.int32(21)]
350,appear,[],[np.int32(40)]
350,appear,[],[np.int32(44)]
350,appear,[],[np.int32(48)]
350,appear,[],[np.int32(57)]
350,appear,[],[np.int32(58)]
350,merge,"[np.int64(54), np.int64(57)]",[np.int32(64)]
350,appear,[],[np.int32(66)]
350,appear,[],[np.int32(69)]
350,appear,[],[np.int32(82)]
350,appear,[],[np.int32(85)]
350,appear,[],[np.int32(86)]
350,appear,[],[np.int32(88)]
350,appear,[],[np.int32(90)]
350,appear,[],[np.int32(91)]
350,appear,[],[np.int32(103)]
350,appear,[],[np.int32(104)]
350,appear,[],[np.int32(112)]
350,appear,[],[np.int32(124)]
350,appear,[],[np.int32(126)]
350,appear,[],[np.int32(127)]
350,appear,[],[np.int32(133)]
350,appear,[],[np.int32(134)]
350,appear,[],[np.int32(136)]
350,appear,[],[np.int32(139)]
350,appear,[],[np.int32(141)]
350,appear,[],[np.int32(142)]
350,appear,[],[np.int32(143)]
350,appear,[],[np.int32(147)]
350,appear,[],[np.int32(166)]
350,merge,"[np.int64(153), np.int64(156)]",[np.int32(168)]
350,appear,[],[np.int32(173)]
350,appear,[],[np.int32(175)]
350,appear,[],[np.int32(180)]
350,appear,[],[np.int32(181)]
350,appear,[],[np.int32(182)]
350,appear,[],[np.int32(191)]
350,appear,[],[np.int32(195)]
350,appear,[],[np.int32(200)]
350,appear,[],[np.int32(202)]
350,appear,[],[np.int32(213)]
350,appear,[],[np.int32(222)]
350,appear,[],[np.int32(223)]
350,merge,"[np.int64(205), np.int64(216)]",[np.int32(231)]
350,appear,[],[np.int32(248)]
350,appear,[],[np.int32(249)]
350,appear,[],[np.int32(251)]
350,appear,[],[np.int32(252)]
350,appear,[],[np.int32(267)]
350,appear,[],[np.int32(269)]
350,appear,[],[np.int32(279)]
350,appear,[],[np.int32(294)]
350,appear,[],[np.int32(300)]
350,appear,[],[np.int32(301)]
350,appear,[],[np.int32(307)]
350,appear,[],[np.int32(311)]
350,appear,[],[np.int32(314)]
350,split,[np.int32(8)],"[np.int64(11), np.int64(20)]"
350,disappear,[np.int32(23)],[]
350,split,[np.int32(24)],"[np.int64(31), np.int64(38)]"
350,split,[np.int32(31)],"[np.int64(46), np.int64(51)]"
350,disappear,[np.int32(38)],[]
350,split,[np.int32(44)],"[np.int64(59), np.int64(63)]"
350,disappear,[np.int32(46)],[]
350,disappear,[np.int32(49)],[]
350,disappear,[np.int32(60)],[]
350,disappear,[np.int32(69)],[]
350,disappear,[np.int32(72)],[]
350,disappear,[np.int32(73)],[]
350,disappear,[np.int32(77)],[]
350,disappear,[np.int32(79)],[]
350,disappear,[np.int32(86)],[]
350,disappear,[np.int32(89)],[]
350,disappear,[np.int32(93)],[]
350,disappear,[np.int32(95)],[]
350,disappear,[np.int32(98)],[]
350,disappear,[np.int32(106)],[]
350,disappear,[np.int32(123)],[]
350,disappear,[np.int32(126)],[]
350,disappear,[np.int32(133)],[]
350,disappear,[np.int32(142)],[]
350,split,[np.int32(149)],"[np.int64(162), np.int64(172)]"
350,disappear,[np.int32(162)],[]
350,disappear,[np.int32(163)],[]
350,disappear,[np.int32(165)],[]
350,split,[np.int32(166)],"[np.int64(186), np.int64(187)]"
350,split,[np.int32(168)],"[np.int64(185), np.int64(190)]"
350,disappear,[np.int32(179)],[]
350,disappear,[np.int32(191)],[]
350,split,[np.int32(195)],"[np.int64(219), np.int64(226)]"
350,disappear,[np.int32(196)],[]
350,split,[np.int32(202)],"[np.int64(227), np.int64(228)]"
350,disappear,[np.int32(209)],[]
350,split,[np.int32(211)],"[np.int64(235), np.int64(242)]"
350,disappear,[np.int32(213)],[]
350,split,[np.int32(214)],"[np.int64(236), np.int64(237)]"
350,disappear,[np.int32(221)],[]
350,disappear,[np.int32(223)],[]
350,disappear,[np.int32(225)],[]
350,disappear,[np.int32(226)],[]
350,disappear,[np.int32(227)],[]
350,disappear,[np.int32(229)],[]
350,disappear,[np.int32(237)],[]
350,disappear,[np.int32(240)],[]
350,split,[np.int32(252)],"[np.int64(272), np.int64(278)]"
350,disappear,[np.int32(257)],[]
350,disappear,[np.int32(262)],[]
350,disappear,[np.int32(263)],[]
350,disappear,[np.int32(268)],[]
350,disappear,[np.int32(274)],[]
350,disappear,[np.int32(279)],[]
350,disappear,[np.int32(280)],[]
350,disappear,[np.int32(286)],[]
350,disappear,[np.int32(287)],[]
350,disappear,[np.int32(292)],[]
360,appear,[],[np.int32(10)]
360,appear,[],[np.int32(18)]
360,merge,"[np.int64(31), np.int64(38)]",[np.int32(28)]
360,merge,"[np.int64(35), np.int64(36)]",[np.int32(31)]
360,appear,[],[np.int32(49)]
360,appear,[],[np.int32(52)]
360,appear,[],[np.int32(63)]
360,appear,[],[np.int32(65)]
360,appear,[],[np.int32(84)]
360,appear,[],[np.int32(87)]
360,appear,[],[np.int32(92)]
360,appear,[],[np.int32(95)]
360,appear,[],[np.int32(97)]
360,appear,[],[np.int32(100)]
360,appear,[],[np.int32(133)]
360,merge,"[np.int64(148), np.int64(150)]",[np.int32(135)]
360,appear,[],[np.int32(137)]
360,appear,[],[np.int32(143)]
360,appear,[],[np.int32(147)]
360,appear,[],[np.int32(149)]
360,appear,[],[np.int32(154)]
360,appear,[],[np.int32(156)]
360,merge,"[np.int64(174), np.int64(175)]",[np.int32(165)]
360,appear,[],[np.int32(173)]
360,appear,[],[np.int32(175)]
360,appear,[],[np.int32(176)]
360,appear,[],[np.int32(189)]
360,appear,[],[np.int32(194)]
360,appear,[],[np.int32(195)]
360,appear,[],[np.int32(210)]
360,appear,[],[np.int32(235)]
360,appear,[],[np.int32(237)]
360,appear,[],[np.int32(252)]
360,appear,[],[np.int32(272)]
360,appear,[],[np.int32(275)]
360,appear,[],[np.int32(284)]
360,appear,[],[np.int32(285)]
360,appear,[],[np.int32(290)]
360,appear,[],[np.int32(301)]
360,disappear,[np.int32(4)],[]
360,disappear,[np.int32(5)],[]
360,disappear,[np.int32(10)],[]
360,disappear,[np.int32(11)],[]
360,disappear,[np.int32(14)],[]
360,disappear,[np.int32(37)],[]
360,split,[np.int32(49)],"[np.int64(41), np.int64(50)]"
360,disappear,[np.int32(51)],[]
360,disappear,[np.int32(56)],[]
360,disappear,[np.int32(58)],[]
360,disappear,[np.int32(59)],[]
360,disappear,[np.int32(60)],[]
360,disappear,[np.int32(63)],[]
360,disappear,[np.int32(66)],[]
360,disappear,[np.int32(90)],[]
360,disappear,[np.int32(92)],[]
360,disappear,[np.int32(96)],[]
360,disappear,[np.int32(99)],[]
360,disappear,[np.int32(103)],[]
360,disappear,[np.int32(108)],[]
360,disappear,[np.int32(112)],[]
360,split,[np.int32(123)],"[np.int64(113), np.int64(120)]"
360,disappear,[np.int32(124)],[]
360,split,[np.int32(125)],"[np.int64(114), np.int64(118)]"
360,disappear,[np.int32(130)],[]
360,disappear,[np.int32(134)],[]
360,disappear,[np.int32(136)],[]
360,disappear,[np.int32(143)],[]
360,disappear,[np.int32(152)],[]
360,disappear,[np.int32(158)],[]
360,disappear,[np.int32(160)],[]
360,split,[np.int32(168)],"[np.int64(157), np.int64(164)]"
360,disappear,[np.int32(173)],[]
360,disappear,[np.int32(180)],[]
360,disappear,[np.int32(185)],[]
360,disappear,[np.int32(190)],[]
360,split,[np.int32(193)],"[np.int64(180), np.int64(186)]"
360,disappear,[np.int32(202)],[]
360,disappear,[np.int32(207)],[]
360,split,[np.int32(210)],"[np.int64(200), np.int64(209)]"
360,disappear,[np.int32(217)],[]
360,disappear,[np.int32(218)],[]
360,disappear,[np.int32(219)],[]
360,disappear,[np.int32(228)],[]
360,disappear,[np.int32(229)],[]
360,disappear,[np.int32(237)],[]
360,disappear,[np.int32(239)],[]
360,disappear,[np.int32(241)],[]
360,disappear,[np.int32(243)],[]
360,disappear,[np.int32(266)],[]
360,disappear,[np.int32(279)],[]
360,disappear,[np.int32(286)],[]
360,disappear,[np.int32(293)],[]
360,split,[np.int32(299)],"[np.int64(288), np.int64(293)]"
360,disappear,[np.int32(300)],[]
360,disappear,[np.int32(305)],[]
360,disappear,[np.int32(307)],[]
360,disappear,[np.int32(311)],[]
360,split,[np.int32(312)],"[np.int64(298), np.int64(300)]"
